id,county,election,name,address,hours
a0v3d0000000hYsAAI,UNION,"05/19/2026 MAY 19, 2026 - GENERAL PRIMARY ELECTION",ABSENTEE,"33 ROSCOE COLLINS DR, BLAIRSVILLE GA 30512",04/27/2026 - 05/02/2026 9:00 AM - 5:00 PM (Advanced Polling Location) | 05/04/2026 - 05/09/2026 9:00 AM - 5:00 PM (Advanced Polling Location) | 05/11/2026 - 05/15/2026 9:00 AM - 5:00 PM (Advanced Polling Location) | 05/11/2026 - 05/15/2026 9:00 AM - 5:00 PM (Dropbox Polling Location) | 05/04/2026 - 05/09/2026 9:00 AM - 5:00 PM (Dropbox Polling Location) | 04/27/2026 - 05/02/2026 9:00 AM - 5:00 PM (Dropbox Polling Location)
a0vcs00000MwEFdAAN,CLARKE,"05/19/2026 MAY 19, 2026 - GENERAL PRIMARY ELECTION",ACC COOPERATIVE EXTENSION OFFICE - AIP,"275 CLEVELAND RD, BOGART GA 30622",05/09/2026 - 05/09/2026 9:00 AM - 5:00 PM (Advanced Polling Location) | 05/15/2026 - 05/15/2026 8:00 AM - 5:00 PM (Advanced Polling Location) | 05/11/2026 - 05/14/2026 8:00 AM - 7:00 PM (Advanced Polling Location)
a0v3d0000000hZPAAY,HART,"05/19/2026 MAY 19, 2026 - GENERAL PRIMARY ELECTION",ADVANCE ABSENTEE VOTING,"182 CADE ST.  STE. C, HARTWELL GA 30643",05/11/2026 - 05/15/2026 9:00 AM - 5:00 PM (Advanced Polling Location) | 04/27/2026 - 05/10/2026 9:00 AM - 5:00 PM (Advanced Polling Location) | 04/27/2026 - 05/10/2026 9:00 AM - 5:00 PM (Dropbox Polling Location) | 05/11/2026 - 05/15/2026 9:00 AM - 5:00 PM (Dropbox Polling Location)
a0v3d0000000hhhAAA,LONG,"05/19/2026 MAY 19, 2026 - GENERAL PRIMARY ELECTION",ADVANCE IN PERSON-AIP,"75 W ACADEMY ST, LUDOWICI GA 31316",05/11/2026 - 05/15/2026 8:00 AM - 5:00 PM (Advanced Polling Location) | 05/09/2026 - 05/09/2026 9:00 AM - 5:00 PM (Advanced Polling Location) | 05/04/2026 - 05/08/2026 8:00 AM - 5:00 PM (Advanced Polling Location) | 05/02/2026 - 05/02/2026 9:00 AM - 5:00 PM (Advanced Polling Location) | 04/27/2026 - 05/01/2026 8:00 AM - 5:00 PM (Advanced Polling Location) | 05/11/2026 - 05/19/2026 8:00 AM - 5:00 PM (Dropbox Polling Location) | 04/27/2026 - 05/10/2026 8:00 AM - 5:00 PM (Dropbox Polling Location)
a0v3d000000rXh0AAE,MARION,"05/19/2026 MAY 19, 2026 - GENERAL PRIMARY ELECTION",ADVANCE VOTING,"100 E BURKHALTER AV, BUENA VISTA GA 31803",05/09/2026 - 05/09/2026 9:00 AM - 5:00 PM (Advanced Polling Location) | 05/02/2026 - 05/02/2026 9:00 AM - 5:00 PM (Advanced Polling Location) | 04/27/2026 - 05/01/2026 8:00 AM - 5:00 PM (Advanced Polling Location) | 05/11/2026 - 05/15/2026 8:00 AM - 5:00 PM (Advanced Polling Location) | 05/04/2026 - 05/08/2026 8:00 AM - 5:00 PM (Advanced Polling Location) | 05/11/2026 - 05/15/2026 8:00 AM - 5:00 PM (Dropbox Polling Location) | 05/19/2026 - 05/19/2026 7:00 AM - 7:00 PM (Dropbox Polling Location) | 05/09/2026 - 05/09/2026 9:00 AM - 5:00 PM (Dropbox Polling Location) | 05/02/2026 - 05/02/2026 9:00 AM - 5:00 PM (Dropbox Polling Location) | 05/04/2026 - 05/08/2026 8:00 AM - 5:00 PM (Dropbox Polling Location) | 04/27/2026 - 05/01/2026 8:00 AM - 5:00 PM (Dropbox Polling Location)
a0v3d0000000hazAAA,MARION,"05/19/2026 MAY 19, 2026 - GENERAL PRIMARY ELECTION",ADVANCE VOTING,"100 E BURKHALTER AV, BUENA VISTA GA 31803",05/11/2026 - 05/15/2026 8:00 AM - 5:00 PM (Advanced Polling Location) | 05/09/2026 - 05/09/2026 9:00 AM - 5:00 PM (Advanced Polling Location) | 05/04/2026 - 05/08/2026 8:00 AM - 5:00 PM (Advanced Polling Location) | 05/02/2026 - 05/02/2026 9:00 AM - 5:00 PM (Advanced Polling Location) | 04/27/2026 - 05/01/2026 8:00 AM - 5:00 PM (Advanced Polling Location)
a0v3d0000000hbpAAA,JOHNSON,"05/19/2026 MAY 19, 2026 - GENERAL PRIMARY ELECTION",ADVANCE VOTING,"2484 W ELM ST, WRIGHTSVILLE GA 31096",05/11/2026 - 05/15/2026 8:00 AM - 5:00 PM (Advanced Polling Location) | 05/09/2026 - 05/09/2026 9:00 AM - 5:00 PM (Advanced Polling Location) | 05/04/2026 - 05/08/2026 8:00 AM - 5:00 PM (Advanced Polling Location) | 05/02/2026 - 05/02/2026 9:00 AM - 5:00 PM (Advanced Polling Location) | 04/27/2026 - 05/01/2026 8:00 AM - 5:00 PM (Advanced Polling Location) | 05/11/2026 - 05/15/2026 8:00 AM - 5:00 PM (Dropbox Polling Location) | 05/09/2026 - 05/09/2026 9:00 AM - 5:00 PM (Dropbox Polling Location) | 05/04/2026 - 05/08/2026 8:00 AM - 5:00 PM (Dropbox Polling Location) | 05/02/2026 - 05/02/2026 9:00 AM - 5:00 PM (Dropbox Polling Location) | 04/27/2026 - 05/01/2026 8:00 AM - 5:00 PM (Dropbox Polling Location)
a0vcs00000Osnp9AAB,PIKE,"05/19/2026 MAY 19, 2026 - GENERAL PRIMARY ELECTION",ADVANCE- EARLY VOTING J. JOEL EDWARDS PUBLIC LIBRARY,"7077 HWY 19 S, ZEBULON GA 30295",05/11/2026 - 05/15/2026 9:00 AM - 5:00 PM (Advanced Polling Location) | 05/04/2026 - 05/09/2026 9:00 AM - 5:00 PM (Advanced Polling Location) | 04/27/2026 - 05/02/2026 9:00 AM - 5:00 PM (Advanced Polling Location)
a0v3d000000rXgmAAE,HART,"05/19/2026 MAY 19, 2026 - GENERAL PRIMARY ELECTION",ADVANCED VOTING,"2011 REED CREEK SCHOOL RD, HARTWELL GA 30643",05/11/2026 - 05/15/2026 9:00 AM - 5:00 PM (Advanced Polling Location) | 04/27/2026 - 05/10/2026 9:00 AM - 5:00 PM (Advanced Polling Location)
a0v3d0000000ha0AAA,GORDON,"05/19/2026 MAY 19, 2026 - GENERAL PRIMARY ELECTION",ADVANCED/EARLY VOTING,"100 S WALL STREET SUITE 1, CALHOUN GA 30701",05/11/2026 - 05/15/2026 8:30 AM - 5:00 PM (Advanced Polling Location) | 05/09/2026 - 05/09/2026 9:00 AM - 5:00 PM (Advanced Polling Location) | 05/04/2026 - 05/08/2026 8:30 AM - 5:00 PM (Advanced Polling Location) | 05/02/2026 - 05/02/2026 9:00 AM - 5:00 PM (Advanced Polling Location) | 04/27/2026 - 05/01/2026 8:30 AM - 5:00 PM (Advanced Polling Location) | 05/09/2026 - 05/09/2026 9:00 AM - 5:00 PM (Dropbox Polling Location) | 05/11/2026 - 05/15/2026 8:30 AM - 5:00 PM (Dropbox Polling Location) | 05/04/2026 - 05/08/2026 8:30 AM - 5:00 PM (Dropbox Polling Location) | 05/02/2026 - 05/02/2026 9:00 AM - 5:00 PM (Dropbox Polling Location) | 04/27/2026 - 05/01/2026 8:30 AM - 5:00 PM (Dropbox Polling Location)
a0v3d0000000hkPAAQ,FULTON,"05/19/2026 MAY 19, 2026 - GENERAL PRIMARY ELECTION",AIP - ADAMS PARK LIBRARY,"2231 CAMPBELLTON ROAD SW, ATLANTA GA 30311",05/11/2026 - 05/15/2026 7:00 AM - 7:00 PM (Advanced Polling Location) | 05/04/2026 - 05/08/2026 7:00 AM - 7:00 PM (Advanced Polling Location) | 05/03/2026 - 05/03/2026 12:00 PM - 5:00 PM (Advanced Polling Location) | 05/09/2026 - 05/09/2026 9:00 AM - 5:00 PM (Advanced Polling Location) | 05/02/2026 - 05/02/2026 9:00 AM - 5:00 PM (Advanced Polling Location) | 04/27/2026 - 05/01/2026 7:00 AM - 7:00 PM (Advanced Polling Location)
a0v3d0000000haeAAA,FULTON,"05/19/2026 MAY 19, 2026 - GENERAL PRIMARY ELECTION",AIP - ALPHARETTA BRANCH LIBRARY,"10 PARK PLAZA, ALPHARETTA GA 30009",05/02/2026 - 05/02/2026 9:00 AM - 5:00 PM (Advanced Polling Location) | 05/11/2026 - 05/15/2026 7:00 AM - 7:00 PM (Advanced Polling Location) | 05/09/2026 - 05/09/2026 9:00 AM - 5:00 PM (Advanced Polling Location) | 05/04/2026 - 05/08/2026 7:00 AM - 7:00 PM (Advanced Polling Location) | 04/27/2026 - 05/01/2026 7:00 AM - 7:00 PM (Advanced Polling Location) | 05/03/2026 - 05/03/2026 12:00 PM - 5:00 PM (Advanced Polling Location) | 05/09/2026 - 05/09/2026 9:00 AM - 5:00 PM (Dropbox Polling Location) | 05/04/2026 - 05/08/2026 7:00 AM - 7:00 PM (Dropbox Polling Location) | 05/02/2026 - 05/02/2026 9:00 AM - 5:00 PM (Dropbox Polling Location) | 04/27/2026 - 05/01/2026 7:00 AM - 7:00 PM (Dropbox Polling Location) | 05/03/2026 - 05/03/2026 12:00 PM - 5:00 PM (Dropbox Polling Location) | 05/11/2026 - 05/15/2026 7:00 AM - 7:00 PM (Dropbox Polling Location)
a0v3d0000000hciAAA,FULTON,"05/19/2026 MAY 19, 2026 - GENERAL PRIMARY ELECTION",AIP - BUCKHEAD LIBRARY,"269 BUCKHEAD AVENUE NE, ATLANTA GA 30305",05/02/2026 - 05/02/2026 9:00 AM - 5:00 PM (Advanced Polling Location) | 05/03/2026 - 05/03/2026 12:00 PM - 5:00 PM (Advanced Polling Location) | 05/11/2026 - 05/15/2026 7:00 AM - 6:45 PM (Advanced Polling Location) | 05/09/2026 - 05/09/2026 9:00 AM - 5:00 PM (Advanced Polling Location) | 05/04/2026 - 05/08/2026 7:00 AM - 7:00 PM (Advanced Polling Location) | 04/27/2026 - 05/01/2026 7:00 AM - 7:00 PM (Advanced Polling Location) | 05/04/2026 - 05/08/2026 7:00 AM - 7:00 PM (Dropbox Polling Location) | 05/03/2026 - 05/03/2026 12:00 PM - 5:00 PM (Dropbox Polling Location) | 05/11/2026 - 05/15/2026 7:00 AM - 7:00 PM (Dropbox Polling Location) | 05/09/2026 - 05/09/2026 9:00 AM - 5:00 PM (Dropbox Polling Location) | 05/02/2026 - 05/02/2026 9:00 AM - 5:00 PM (Dropbox Polling Location) | 04/27/2026 - 05/01/2026 7:00 AM - 7:00 PM (Dropbox Polling Location)
a0v3d0000000hfYAAQ,FULTON,"05/19/2026 MAY 19, 2026 - GENERAL PRIMARY ELECTION",AIP - C.T. MARTIN NATATORIUM AND RECREATION CENTER,"3201 MARTIN LUTHER KING JR. DR., S.W., ATLANTA GA 30311",05/03/2026 - 05/03/2026 12:00 PM - 5:00 PM (Advanced Polling Location) | 05/11/2026 - 05/15/2026 7:00 AM - 7:00 PM (Advanced Polling Location) | 05/09/2026 - 05/09/2026 9:00 AM - 5:00 PM (Advanced Polling Location) | 05/04/2026 - 05/08/2026 7:00 AM - 7:00 PM (Advanced Polling Location) | 05/02/2026 - 05/02/2026 9:00 AM - 5:00 PM (Advanced Polling Location) | 04/27/2026 - 05/01/2026 7:00 AM - 7:00 PM (Advanced Polling Location) | 04/27/2026 - 05/01/2026 7:00 AM - 7:00 PM (Dropbox Polling Location) | 05/03/2026 - 05/03/2026 12:00 PM - 5:00 PM (Dropbox Polling Location) | 05/11/2026 - 05/15/2026 7:00 AM - 7:00 PM (Dropbox Polling Location) | 05/09/2026 - 05/09/2026 9:00 AM - 5:00 PM (Dropbox Polling Location) | 05/04/2026 - 05/08/2026 7:00 AM - 7:00 PM (Dropbox Polling Location) | 05/02/2026 - 05/02/2026 9:00 AM - 5:00 PM (Dropbox Polling Location)
a0v3d0000000hc0AAA,FULTON,"05/19/2026 MAY 19, 2026 - GENERAL PRIMARY ELECTION",AIP - EAST POINT LIBRARY,"2757 MAIN STREET, EAST POINT GA 30344",05/03/2026 - 05/03/2026 12:00 PM - 5:00 PM (Advanced Polling Location) | 05/11/2026 - 05/15/2026 9:00 AM - 5:00 PM (Advanced Polling Location) | 05/09/2026 - 05/09/2026 9:00 AM - 5:00 PM (Advanced Polling Location) | 05/04/2026 - 05/08/2026 7:00 AM - 7:00 PM (Advanced Polling Location) | 05/02/2026 - 05/02/2026 9:00 AM - 5:00 PM (Advanced Polling Location) | 04/27/2026 - 05/01/2026 7:00 AM - 7:00 PM (Advanced Polling Location) | 04/27/2026 - 05/01/2026 7:00 AM - 7:00 PM (Dropbox Polling Location) | 05/11/2026 - 05/15/2026 7:00 AM - 7:00 PM (Dropbox Polling Location) | 05/03/2026 - 05/03/2026 12:00 PM - 5:00 PM (Dropbox Polling Location) | 05/09/2026 - 05/09/2026 9:00 AM - 5:00 PM (Dropbox Polling Location) | 05/04/2026 - 05/08/2026 7:00 AM - 7:00 PM (Dropbox Polling Location) | 05/02/2026 - 05/02/2026 9:00 AM - 5:00 PM (Dropbox Polling Location)
a0v3d0000000hdhAAA,FULTON,"05/19/2026 MAY 19, 2026 - GENERAL PRIMARY ELECTION",AIP - EAST ROSWELL LIBRARY,"2301 HOLCOMB BRIDGE ROAD, ROSWELL GA 30076",05/11/2026 - 05/15/2026 7:00 AM - 7:00 PM (Advanced Polling Location) | 05/03/2026 - 05/03/2026 12:00 PM - 5:00 PM (Advanced Polling Location) | 05/09/2026 - 05/09/2026 9:00 AM - 5:00 PM (Advanced Polling Location) | 05/04/2026 - 05/08/2026 7:00 AM - 7:00 PM (Advanced Polling Location) | 05/02/2026 - 05/02/2026 9:00 AM - 5:00 PM (Advanced Polling Location) | 04/27/2026 - 05/01/2026 7:00 AM - 7:00 PM (Advanced Polling Location) | 05/11/2026 - 05/15/2026 7:00 AM - 7:00 PM (Dropbox Polling Location) | 05/09/2026 - 05/09/2026 9:00 AM - 5:00 PM (Dropbox Polling Location) | 05/04/2026 - 05/08/2026 7:00 AM - 7:00 PM (Dropbox Polling Location) | 05/03/2026 - 05/03/2026 12:00 PM - 5:00 PM (Dropbox Polling Location) | 05/02/2026 - 05/02/2026 9:00 AM - 5:00 PM (Dropbox Polling Location) | 04/27/2026 - 05/01/2026 7:00 AM - 7:00 PM (Dropbox Polling Location)
a0v3d000003gbYaAAI,FULTON,"05/19/2026 MAY 19, 2026 - GENERAL PRIMARY ELECTION",AIP - ELECTIONS HUB,"5600 CAMPBELLTON FAIRBURN ROAD, UNION CITY GA 30213",05/11/2026 - 05/15/2026 7:00 AM - 7:00 PM (Advanced Polling Location) | 05/09/2026 - 05/09/2026 9:00 AM - 5:00 PM (Advanced Polling Location) | 05/04/2026 - 05/08/2026 7:00 AM - 7:00 PM (Advanced Polling Location) | 05/03/2026 - 05/03/2026 12:00 PM - 5:00 PM (Advanced Polling Location) | 05/02/2026 - 05/02/2026 9:00 AM - 5:00 PM (Advanced Polling Location) | 04/27/2026 - 05/01/2026 7:00 AM - 7:00 PM (Advanced Polling Location)
a0v3d0000000hiwAAA,FULTON,"05/19/2026 MAY 19, 2026 - GENERAL PRIMARY ELECTION",AIP - ETRIS COMMUNITY RECREATION CENTER,"5285 LAKESIDE DR, UNION CITY GA 30291",05/11/2026 - 05/15/2026 7:00 AM - 7:00 PM (Advanced Polling Location) | 05/09/2026 - 05/09/2026 9:00 AM - 5:00 PM (Advanced Polling Location) | 05/04/2026 - 05/08/2026 7:00 AM - 7:00 PM (Advanced Polling Location) | 05/03/2026 - 05/03/2026 12:00 PM - 5:00 PM (Advanced Polling Location) | 05/02/2026 - 05/02/2026 9:00 AM - 5:00 PM (Advanced Polling Location) | 04/27/2026 - 05/01/2026 7:00 AM - 7:00 PM (Advanced Polling Location)
a0v3d0000000hhNAAQ,FULTON,"05/19/2026 MAY 19, 2026 - GENERAL PRIMARY ELECTION",AIP - GLADYS S. DENNARD LIBRARY AT SOUTH FULTON,"4055 FLAT SHOALS ROAD, UNION GA 30291",05/11/2026 - 05/15/2026 7:00 AM - 7:00 PM (Advanced Polling Location) | 05/09/2026 - 05/09/2026 9:00 AM - 5:00 PM (Advanced Polling Location) | 05/04/2026 - 05/08/2026 7:00 AM - 7:00 PM (Advanced Polling Location) | 05/03/2026 - 05/03/2026 12:00 PM - 5:00 PM (Advanced Polling Location) | 05/02/2026 - 05/02/2026 9:00 AM - 5:00 PM (Advanced Polling Location) | 04/27/2026 - 05/01/2026 7:00 AM - 7:00 PM (Advanced Polling Location)
a0v3d000003mCFVAA2,FULTON,"05/19/2026 MAY 19, 2026 - GENERAL PRIMARY ELECTION",AIP - GRANT PARK RECREATION CENTER,"537 PARK AVENUE SE, ATLANTA GA 30312",05/11/2026 - 05/15/2026 7:00 AM - 7:00 PM (Advanced Polling Location) | 05/09/2026 - 05/09/2026 9:00 AM - 5:00 PM (Advanced Polling Location) | 05/04/2026 - 05/08/2026 7:00 AM - 7:00 PM (Advanced Polling Location) | 05/03/2026 - 05/03/2026 12:00 PM - 5:00 PM (Advanced Polling Location) | 05/02/2026 - 05/02/2026 9:00 AM - 5:00 PM (Advanced Polling Location) | 04/27/2026 - 05/01/2026 7:00 AM - 7:00 PM (Advanced Polling Location)
a0v3d000003mCHlAAM,FULTON,"05/19/2026 MAY 19, 2026 - GENERAL PRIMARY ELECTION",AIP - JOAN P. GARNER LIBRARY AT PONCE DE LEON,"980 PONCE DE LEON AVENUE NE, ATLANTA GA 30306",05/11/2026 - 05/15/2026 7:00 AM - 7:00 PM (Advanced Polling Location) | 05/09/2026 - 05/09/2026 9:00 AM - 5:00 PM (Advanced Polling Location) | 05/04/2026 - 05/08/2026 7:00 AM - 7:00 PM (Advanced Polling Location) | 05/03/2026 - 05/03/2026 12:00 PM - 5:00 PM (Advanced Polling Location) | 05/02/2026 - 05/02/2026 9:00 AM - 5:00 PM (Advanced Polling Location) | 04/27/2026 - 05/01/2026 7:00 AM - 7:00 PM (Advanced Polling Location)
a0v3d0000000hiAAAQ,FULTON,"05/19/2026 MAY 19, 2026 - GENERAL PRIMARY ELECTION",AIP - METROPOLITAN LIBRARY,"1332 METROPOLITAN PARKWAY, ATLANTA GA 30310",05/11/2026 - 05/15/2026 7:00 AM - 7:00 PM (Advanced Polling Location) | 05/09/2026 - 05/09/2026 9:00 AM - 5:00 PM (Advanced Polling Location) | 05/04/2026 - 05/08/2026 7:00 AM - 7:00 PM (Advanced Polling Location) | 05/03/2026 - 05/03/2026 12:00 PM - 5:00 PM (Advanced Polling Location) | 05/02/2026 - 05/02/2026 9:00 AM - 5:00 PM (Advanced Polling Location) | 04/27/2026 - 05/01/2026 7:00 AM - 7:00 PM (Advanced Polling Location)
a0v3d0000000hdjAAA,FULTON,"05/19/2026 MAY 19, 2026 - GENERAL PRIMARY ELECTION",AIP - MILTON LIBRARY,"855 MAYFIELD ROAD, MILTON GA 30009",05/11/2026 - 05/15/2026 7:00 AM - 7:00 PM (Advanced Polling Location) | 05/09/2026 - 05/09/2026 9:00 AM - 5:00 PM (Advanced Polling Location) | 05/04/2026 - 05/08/2026 7:00 AM - 7:00 PM (Advanced Polling Location) | 05/03/2026 - 05/03/2026 12:00 PM - 5:00 PM (Advanced Polling Location) | 05/02/2026 - 05/02/2026 9:00 AM - 5:00 PM (Advanced Polling Location) | 04/27/2026 - 05/01/2026 7:00 AM - 7:00 PM (Advanced Polling Location)
a0v3d000003gbipAAA,FULTON,"05/19/2026 MAY 19, 2026 - GENERAL PRIMARY ELECTION",AIP - NORTH FULTON SERVICE CENTER,"7741 ROSWELL ROAD, ATLANTA GA 30350",05/11/2026 - 05/15/2026 7:00 AM - 7:00 PM (Advanced Polling Location) | 05/09/2026 - 05/09/2026 9:00 AM - 5:00 PM (Advanced Polling Location) | 05/04/2026 - 05/08/2026 7:00 AM - 7:00 PM (Advanced Polling Location) | 05/03/2026 - 05/03/2026 12:00 PM - 5:00 PM (Advanced Polling Location) | 05/02/2026 - 05/02/2026 9:00 AM - 5:00 PM (Advanced Polling Location) | 04/27/2026 - 05/01/2026 7:00 AM - 7:00 PM (Advanced Polling Location)
a0v3d0000000hdkAAA,FULTON,"05/19/2026 MAY 19, 2026 - GENERAL PRIMARY ELECTION",AIP - NORTHWEST BRANCH LIBRARY AT SCOTTS CROSSING,"2489 PERRY BOULEVARD, ATLANTA GA 30318",05/03/2026 - 05/03/2026 12:00 PM - 5:00 PM (Advanced Polling Location) | 05/11/2026 - 05/15/2026 7:00 AM - 7:00 PM (Advanced Polling Location) | 05/09/2026 - 05/09/2026 9:00 AM - 5:00 PM (Advanced Polling Location) | 05/04/2026 - 05/08/2026 7:00 AM - 7:00 PM (Advanced Polling Location) | 05/02/2026 - 05/02/2026 9:00 AM - 5:00 PM (Advanced Polling Location) | 04/27/2026 - 05/01/2026 7:00 AM - 7:00 PM (Advanced Polling Location)
a0v3d0000000hc3AAA,FULTON,"05/19/2026 MAY 19, 2026 - GENERAL PRIMARY ELECTION",AIP - OCEE LIBRARY,"5090 ABBOTTS BRIDGE ROAD, JOHNS CREEK GA 30328",05/04/2026 - 05/08/2026 7:00 AM - 7:00 PM (Advanced Polling Location) | 05/11/2026 - 05/15/2026 7:00 AM - 7:00 PM (Advanced Polling Location) | 05/03/2026 - 05/03/2026 12:00 PM - 5:00 PM (Advanced Polling Location) | 05/09/2026 - 05/09/2026 9:00 AM - 5:00 PM (Advanced Polling Location) | 05/02/2026 - 05/02/2026 9:00 AM - 5:00 PM (Advanced Polling Location) | 04/27/2026 - 05/01/2026 7:00 AM - 7:00 PM (Advanced Polling Location)
a0v3d0000000hdlAAA,FULTON,"05/19/2026 MAY 19, 2026 - GENERAL PRIMARY ELECTION",AIP - PALMETTO LIBRARY,"9111 CASCADE PALMETTO HWY., PALMETTO GA 30268",05/11/2026 - 05/15/2026 7:00 AM - 7:00 PM (Advanced Polling Location) | 05/09/2026 - 05/09/2026 9:00 AM - 5:00 PM (Advanced Polling Location) | 05/04/2026 - 05/08/2026 7:00 AM - 7:00 PM (Advanced Polling Location) | 05/03/2026 - 05/03/2026 12:00 PM - 5:00 PM (Advanced Polling Location) | 05/02/2026 - 05/02/2026 9:00 AM - 5:00 PM (Advanced Polling Location) | 04/27/2026 - 05/01/2026 7:00 AM - 7:00 PM (Advanced Polling Location)
a0v3d0000000hbuAAA,FULTON,"05/19/2026 MAY 19, 2026 - GENERAL PRIMARY ELECTION",AIP - ROSWELL BRANCH LIBRARY,"115 NORCROSS STREET, ROSWELL GA 30075",05/11/2026 - 05/15/2026 7:00 AM - 7:00 PM (Advanced Polling Location) | 05/09/2026 - 05/09/2026 9:00 AM - 5:00 PM (Advanced Polling Location) | 05/04/2026 - 05/08/2026 12:00 PM - 7:00 PM (Advanced Polling Location) | 05/03/2026 - 05/03/2026 12:00 PM - 5:00 PM (Advanced Polling Location) | 05/02/2026 - 05/02/2026 9:00 AM - 5:00 PM (Advanced Polling Location) | 04/27/2026 - 05/01/2026 7:00 AM - 7:00 PM (Advanced Polling Location)
a0v3d0000000hbvAAA,FULTON,"05/19/2026 MAY 19, 2026 - GENERAL PRIMARY ELECTION",AIP - SANDY SPRINGS BRANCH LIBRARY,"395 MOUNT VERNON HIGHWAY NE, SANDY SPRINGS GA 30328",05/02/2026 - 05/02/2026 9:00 AM - 5:00 PM (Advanced Polling Location) | 05/03/2026 - 05/03/2026 12:00 PM - 5:00 PM (Advanced Polling Location) | 05/11/2026 - 05/15/2026 7:00 AM - 7:00 PM (Advanced Polling Location) | 05/09/2026 - 05/09/2026 9:00 AM - 5:00 PM (Advanced Polling Location) | 05/04/2026 - 05/08/2026 7:00 AM - 7:00 PM (Advanced Polling Location) | 04/27/2026 - 05/01/2026 7:00 AM - 7:00 PM (Advanced Polling Location) | 05/04/2026 - 05/08/2026 7:00 AM - 7:00 PM (Dropbox Polling Location) | 05/03/2026 - 05/03/2026 12:00 PM - 5:00 PM (Dropbox Polling Location) | 05/11/2026 - 05/15/2026 7:00 AM - 7:00 PM (Dropbox Polling Location) | 05/09/2026 - 05/09/2026 9:00 AM - 5:00 PM (Dropbox Polling Location) | 05/02/2026 - 05/02/2026 9:00 AM - 5:00 PM (Dropbox Polling Location) | 04/27/2026 - 05/01/2026 7:00 AM - 7:00 PM (Dropbox Polling Location)
a0v3d0000000haFAAQ,FULTON,"05/19/2026 MAY 19, 2026 - GENERAL PRIMARY ELECTION",AIP - SOUTH FULTON SERVICE CENTER,"5600 STONEWALL TELL ROAD, SOUTH FULTON GA 30349",05/03/2026 - 05/03/2026 12:00 PM - 5:00 PM (Advanced Polling Location) | 05/09/2026 - 05/09/2026 9:00 AM - 5:00 PM (Advanced Polling Location) | 05/02/2026 - 05/02/2026 9:00 AM - 5:00 PM (Advanced Polling Location) | 05/04/2026 - 05/08/2026 7:00 AM - 7:00 PM (Advanced Polling Location) | 04/27/2026 - 05/01/2026 7:00 AM - 7:00 PM (Advanced Polling Location) | 05/11/2026 - 05/15/2026 7:00 AM - 7:00 PM (Advanced Polling Location)
a0v3d0000000hc2AAA,FULTON,"05/19/2026 MAY 19, 2026 - GENERAL PRIMARY ELECTION",AIP - SOUTHWEST ARTS CENTER,"915 NEW HOPE ROAD, SW, ATLANTA GA 30331",05/03/2026 - 05/03/2026 12:00 PM - 5:00 PM (Advanced Polling Location) | 05/11/2026 - 05/15/2026 7:00 AM - 7:00 PM (Advanced Polling Location) | 05/09/2026 - 05/09/2026 9:00 AM - 5:00 PM (Advanced Polling Location) | 05/04/2026 - 05/08/2026 7:00 AM - 7:00 PM (Advanced Polling Location) | 05/02/2026 - 05/02/2026 9:00 AM - 5:00 PM (Advanced Polling Location) | 04/27/2026 - 05/01/2026 7:00 AM - 7:00 PM (Advanced Polling Location)
a0v3d000003gbsBAAQ,FULTON,"05/19/2026 MAY 19, 2026 - GENERAL PRIMARY ELECTION",AIP - WOLF CREEK LIBRARY,"3100 ENON ROAD, SOUTH FULTON GA 30331",05/03/2026 - 05/03/2026 12:00 PM - 5:00 PM (Advanced Polling Location) | 05/11/2026 - 05/15/2026 7:00 AM - 7:00 PM (Advanced Polling Location) | 05/09/2026 - 05/09/2026 9:00 AM - 5:00 PM (Advanced Polling Location) | 05/04/2026 - 05/08/2026 7:00 AM - 7:00 PM (Advanced Polling Location) | 05/02/2026 - 05/02/2026 9:00 AM - 5:00 PM (Advanced Polling Location) | 04/27/2026 - 05/01/2026 7:00 AM - 7:00 PM (Advanced Polling Location) | 04/27/2026 - 05/01/2026 7:00 AM - 7:00 PM (Dropbox Polling Location) | 05/03/2026 - 05/03/2026 12:00 PM - 5:00 PM (Dropbox Polling Location) | 05/11/2026 - 05/15/2026 7:00 AM - 7:00 PM (Dropbox Polling Location) | 05/09/2026 - 05/09/2026 9:00 AM - 5:00 PM (Dropbox Polling Location) | 05/04/2026 - 05/08/2026 7:00 AM - 7:00 PM (Dropbox Polling Location) | 05/02/2026 - 05/02/2026 9:00 AM - 5:00 PM (Dropbox Polling Location)
a0v3d0000000hf8AAA,COBB,"05/19/2026 MAY 19, 2026 - GENERAL PRIMARY ELECTION",AIP BEN ROBERTSON COMMUNITY CENTER,"2753 WATTS DR, KENNESAW GA 30144 2720",05/02/2026 - 05/02/2026 9:00 AM - 5:00 PM (Advanced Polling Location) | 05/11/2026 - 05/15/2026 7:00 AM - 7:00 PM (Advanced Polling Location) | 05/09/2026 - 05/09/2026 9:00 AM - 5:00 PM (Advanced Polling Location) | 05/04/2026 - 05/08/2026 7:00 AM - 7:00 PM (Advanced Polling Location) | 04/27/2026 - 05/01/2026 7:00 AM - 7:00 PM (Advanced Polling Location)
a0v3d0000000hefAAA,COBB,"05/19/2026 MAY 19, 2026 - GENERAL PRIMARY ELECTION",AIP BOOTS WARD RECREATION CENTER,"4845 DALLAS HWY, POWDER SPRINGS GA 30127 4486",05/09/2026 - 05/09/2026 9:00 AM - 5:00 PM (Advanced Polling Location) | 05/11/2026 - 05/15/2026 7:00 AM - 7:00 PM (Advanced Polling Location) | 05/10/2026 - 05/10/2026 12:00 PM - 5:00 PM (Advanced Polling Location) | 05/04/2026 - 05/08/2026 7:00 AM - 7:00 PM (Advanced Polling Location) | 05/03/2026 - 05/03/2026 12:00 PM - 5:00 PM (Advanced Polling Location) | 05/02/2026 - 05/02/2026 9:00 AM - 5:00 PM (Advanced Polling Location) | 04/27/2026 - 05/01/2026 7:00 AM - 7:00 PM (Advanced Polling Location) | 05/11/2026 - 05/15/2026 7:00 AM - 7:00 PM (Dropbox Polling Location) | 05/10/2026 - 05/10/2026 12:00 PM - 5:00 PM (Dropbox Polling Location) | 05/09/2026 - 05/09/2026 9:00 AM - 5:00 PM (Dropbox Polling Location) | 05/04/2026 - 05/08/2026 7:00 AM - 7:00 PM (Dropbox Polling Location) | 05/03/2026 - 05/03/2026 12:00 PM - 5:00 PM (Dropbox Polling Location) | 05/02/2026 - 05/02/2026 9:00 AM - 5:00 PM (Dropbox Polling Location) | 04/27/2026 - 05/01/2026 7:00 AM - 7:00 PM (Dropbox Polling Location)
a0v3d0000000hf7AAA,COBB,"05/19/2026 MAY 19, 2026 - GENERAL PRIMARY ELECTION",AIP COLLAR PARK COMMUNITY CENTER,"2625 JOE JERKINS BLVD, AUSTELL GA 30106",05/11/2026 - 05/15/2026 7:00 AM - 7:00 PM (Advanced Polling Location) | 05/09/2026 - 05/09/2026 9:00 AM - 5:00 PM (Advanced Polling Location) | 05/04/2026 - 05/08/2026 7:00 AM - 7:00 PM (Advanced Polling Location) | 05/02/2026 - 05/02/2026 9:00 AM - 5:00 PM (Advanced Polling Location) | 04/27/2026 - 05/01/2026 7:00 AM - 7:00 PM (Advanced Polling Location)
a0v3d0000000heeAAA,COBB,"05/19/2026 MAY 19, 2026 - GENERAL PRIMARY ELECTION",AIP EAST COBB GOVT SVC CENTER,"4400 LOWER ROSWELL RD, MARIETTA GA 30068 4233",05/11/2026 - 05/15/2026 7:00 AM - 7:00 PM (Advanced Polling Location) | 05/10/2026 - 05/10/2026 12:00 PM - 5:00 PM (Advanced Polling Location) | 05/09/2026 - 05/09/2026 9:00 AM - 5:00 PM (Advanced Polling Location) | 05/04/2026 - 05/08/2026 7:00 AM - 7:00 PM (Advanced Polling Location) | 05/03/2026 - 05/03/2026 12:00 PM - 5:00 PM (Advanced Polling Location) | 05/02/2026 - 05/02/2026 9:00 AM - 5:00 PM (Advanced Polling Location) | 04/27/2026 - 05/01/2026 7:00 AM - 7:00 PM (Advanced Polling Location) | 05/11/2026 - 05/15/2026 7:00 AM - 7:00 PM (Dropbox Polling Location) | 05/10/2026 - 05/10/2026 12:00 PM - 5:00 PM (Dropbox Polling Location) | 05/09/2026 - 05/09/2026 9:00 AM - 5:00 PM (Dropbox Polling Location) | 05/04/2026 - 05/08/2026 7:00 AM - 7:00 PM (Dropbox Polling Location) | 05/03/2026 - 05/03/2026 12:00 PM - 5:00 PM (Dropbox Polling Location) | 05/02/2026 - 05/02/2026 9:00 AM - 5:00 PM (Dropbox Polling Location) | 04/27/2026 - 05/01/2026 7:00 AM - 7:00 PM (Dropbox Polling Location)
a0vcs000000r6thAAA,COBB,"05/19/2026 MAY 19, 2026 - GENERAL PRIMARY ELECTION",AIP FAIR OAKS RECREATION CENTER,"1465 WEST BOOTH RD EXT, MARIETTA GA 30008",05/11/2026 - 05/15/2026 7:00 AM - 7:00 PM (Advanced Polling Location) | 05/09/2026 - 05/09/2026 9:00 AM - 5:00 PM (Advanced Polling Location) | 05/04/2026 - 05/08/2026 7:00 AM - 7:00 PM (Advanced Polling Location) | 05/02/2026 - 05/02/2026 9:00 AM - 5:00 PM (Advanced Polling Location) | 04/27/2026 - 05/01/2026 7:00 AM - 7:00 PM (Advanced Polling Location)
a0vcs00000QYCPZAA5,COBB,"05/19/2026 MAY 19, 2026 - GENERAL PRIMARY ELECTION",AIP FIRST BAPTIST CHURCH OF SMYRNA,"1275 CHURCH ST, SMYRNA GA 30008",05/11/2026 - 05/15/2026 7:00 AM - 7:00 PM (Advanced Polling Location) | 05/09/2026 - 05/09/2026 9:00 AM - 5:00 PM (Advanced Polling Location) | 05/04/2026 - 05/08/2026 7:00 AM - 7:00 PM (Advanced Polling Location) | 05/02/2026 - 05/02/2026 9:00 AM - 5:00 PM (Advanced Polling Location) | 04/27/2026 - 05/01/2026 7:00 AM - 7:00 PM (Advanced Polling Location)
a0v3d0000000hbWAAQ,IRWIN,"05/19/2026 MAY 19, 2026 - GENERAL PRIMARY ELECTION",AIP IRWIN COUNTY ELECTIONS OFFICE,"225 E 4TH ST, OCILLA GA 31774",05/11/2026 - 05/15/2026 8:00 AM - 5:00 PM (Advanced Polling Location) | 05/04/2026 - 05/09/2026 8:00 AM - 5:00 PM (Advanced Polling Location) | 04/27/2026 - 05/02/2026 8:00 AM - 5:00 PM (Advanced Polling Location) | 05/11/2026 - 05/15/2026 8:00 AM - 5:00 PM (Dropbox Polling Location) | 05/04/2026 - 05/09/2026 8:00 AM - 5:00 PM (Dropbox Polling Location) | 04/27/2026 - 05/02/2026 8:00 AM - 5:00 PM (Dropbox Polling Location)
a0vcs0000010p6nAAA,COBB,"05/19/2026 MAY 19, 2026 - GENERAL PRIMARY ELECTION",AIP MAIN E D MANSOUR,"995 ROSWELL ST NE, MARIETTA GA 30060",05/11/2026 - 05/15/2026 7:00 AM - 7:00 PM (Advanced Polling Location) | 05/10/2026 - 05/10/2026 12:00 PM - 5:00 PM (Advanced Polling Location) | 05/09/2026 - 05/09/2026 9:00 AM - 5:00 PM (Advanced Polling Location) | 05/04/2026 - 05/08/2026 7:00 AM - 7:00 PM (Advanced Polling Location) | 05/03/2026 - 05/03/2026 12:00 PM - 5:00 PM (Advanced Polling Location) | 05/02/2026 - 05/02/2026 9:00 AM - 5:00 PM (Advanced Polling Location) | 04/27/2026 - 05/01/2026 7:00 AM - 7:00 PM (Advanced Polling Location)
a0v3d0000000hZeAAI,COBB,"05/19/2026 MAY 19, 2026 - GENERAL PRIMARY ELECTION",AIP MAIN OFFICE  MANSOUR,"995 ROSWELL ST NE, MARIETTA GA 30060",05/09/2026 - 05/09/2026 9:00 AM - 5:00 PM (Advanced Polling Location) | 05/11/2026 - 05/15/2026 7:00 AM - 7:00 PM (Advanced Polling Location) | 05/10/2026 - 05/10/2026 12:00 PM - 5:00 PM (Advanced Polling Location) | 05/04/2026 - 05/08/2026 7:00 AM - 7:00 PM (Advanced Polling Location) | 05/03/2026 - 05/03/2026 12:00 PM - 5:00 PM (Advanced Polling Location) | 05/02/2026 - 05/02/2026 9:00 AM - 5:00 PM (Advanced Polling Location) | 04/27/2026 - 05/01/2026 7:00 AM - 7:00 PM (Advanced Polling Location)
a0vcs00000QYC7pAAH,COBB,"05/19/2026 MAY 19, 2026 - GENERAL PRIMARY ELECTION",AIP MILFORD RECREATION CENTER,"675 SMYRNA POWDER SPRINGS RD SW, MARIETTA GA 30060",05/04/2026 - 05/08/2026 7:00 AM - 7:00 PM (Advanced Polling Location) | 05/11/2026 - 05/15/2026 7:00 AM - 7:00 PM (Advanced Polling Location) | 05/02/2026 - 05/02/2026 9:00 AM - 5:00 PM (Advanced Polling Location) | 04/27/2026 - 05/01/2026 7:00 AM - 7:00 PM (Advanced Polling Location) | 05/09/2026 - 05/09/2026 9:00 AM - 5:00 PM (Advanced Polling Location) | 05/11/2026 - 05/15/2026 7:00 AM - 7:00 PM (Dropbox Polling Location) | 05/09/2026 - 05/09/2026 9:00 AM - 5:00 PM (Dropbox Polling Location) | 05/04/2026 - 05/08/2026 7:00 AM - 7:00 PM (Dropbox Polling Location) | 05/02/2026 - 05/02/2026 9:00 AM - 5:00 PM (Dropbox Polling Location) | 04/27/2026 - 05/01/2026 7:00 AM - 7:00 PM (Dropbox Polling Location)
a0v3d00000016X8AAI,COBB,"05/19/2026 MAY 19, 2026 - GENERAL PRIMARY ELECTION",AIP NORTH COBB SENIOR CENTER,"3900 S. MAIN STREET, ACWORTH GA 30101",05/09/2026 - 05/09/2026 9:00 AM - 5:00 PM (Advanced Polling Location) | 05/04/2026 - 05/08/2026 7:00 AM - 7:00 PM (Advanced Polling Location) | 05/03/2026 - 05/03/2026 12:00 PM - 5:00 PM (Advanced Polling Location) | 05/02/2026 - 05/02/2026 9:00 AM - 5:00 PM (Advanced Polling Location) | 04/27/2026 - 05/01/2026 7:00 AM - 7:00 PM (Advanced Polling Location) | 05/11/2026 - 05/15/2026 7:00 AM - 7:00 PM (Advanced Polling Location) | 05/10/2026 - 05/10/2026 12:00 PM - 5:00 PM (Advanced Polling Location) | 05/04/2026 - 05/08/2026 7:00 AM - 7:00 PM (Dropbox Polling Location) | 05/03/2026 - 05/03/2026 12:00 PM - 5:00 PM (Dropbox Polling Location) | 05/02/2026 - 05/02/2026 9:00 AM - 5:00 PM (Dropbox Polling Location) | 04/27/2026 - 05/01/2026 7:00 AM - 7:00 PM (Dropbox Polling Location) | 05/11/2026 - 05/15/2026 7:00 AM - 7:00 PM (Dropbox Polling Location) | 05/10/2026 - 05/10/2026 12:00 PM - 5:00 PM (Dropbox Polling Location) | 05/09/2026 - 05/09/2026 9:00 AM - 5:00 PM (Dropbox Polling Location)
a0v3d0000000hg0AAA,COBB,"05/19/2026 MAY 19, 2026 - GENERAL PRIMARY ELECTION",AIP RON ANDERSON REC. CENTER,"3820 MACEDONIA RD, POWDER SPRINGS GA 30127",05/04/2026 - 05/08/2026 7:00 AM - 7:00 PM (Advanced Polling Location) | 05/11/2026 - 05/15/2026 7:00 AM - 7:00 PM (Advanced Polling Location) | 05/09/2026 - 05/09/2026 9:00 AM - 5:00 PM (Advanced Polling Location) | 05/02/2026 - 05/02/2026 9:00 AM - 5:00 PM (Advanced Polling Location) | 04/27/2026 - 05/01/2026 7:00 AM - 7:00 PM (Advanced Polling Location) | 05/11/2026 - 05/15/2026 7:00 AM - 7:00 PM (Dropbox Polling Location) | 05/09/2026 - 05/09/2026 9:00 AM - 5:00 PM (Dropbox Polling Location) | 05/04/2026 - 05/08/2026 7:00 AM - 7:00 PM (Dropbox Polling Location) | 05/02/2026 - 05/02/2026 9:00 AM - 5:00 PM (Dropbox Polling Location) | 04/27/2026 - 05/01/2026 7:00 AM - 7:00 PM (Dropbox Polling Location)
a0v3d000001NrZ3AAK,COBB,"05/19/2026 MAY 19, 2026 - GENERAL PRIMARY ELECTION",AIP SOUTH COBB COMMUNITY CENTER,"620 LIONS CLUB DRIVE, MABLETON GA 30126",05/11/2026 - 05/15/2026 7:00 AM - 7:00 PM (Advanced Polling Location) | 05/10/2026 - 05/10/2026 12:00 PM - 5:00 PM (Advanced Polling Location) | 05/09/2026 - 05/09/2026 9:00 AM - 5:00 PM (Advanced Polling Location) | 05/04/2026 - 05/08/2026 7:00 AM - 7:00 PM (Advanced Polling Location) | 05/03/2026 - 05/03/2026 12:00 PM - 5:00 PM (Advanced Polling Location) | 05/02/2026 - 05/02/2026 9:00 AM - 5:00 PM (Advanced Polling Location) | 04/27/2026 - 05/01/2026 7:00 AM - 7:00 PM (Advanced Polling Location) | 05/11/2026 - 05/15/2026 7:00 AM - 7:00 PM (Dropbox Polling Location) | 05/10/2026 - 05/10/2026 12:00 PM - 5:00 PM (Dropbox Polling Location) | 05/09/2026 - 05/09/2026 9:00 AM - 5:00 PM (Dropbox Polling Location) | 05/04/2026 - 05/08/2026 7:00 AM - 7:00 PM (Dropbox Polling Location) | 05/03/2026 - 05/03/2026 12:00 PM - 5:00 PM (Dropbox Polling Location) | 05/02/2026 - 05/02/2026 9:00 AM - 5:00 PM (Dropbox Polling Location) | 04/27/2026 - 05/01/2026 7:00 AM - 7:00 PM (Dropbox Polling Location)
a0v3d000001UMZYAA4,COBB,"05/19/2026 MAY 19, 2026 - GENERAL PRIMARY ELECTION",AIP TIM D. LEE SENIOR CENTER,"3332 SANDY PLAINS RD, MARIETTA GA 30066",05/11/2026 - 05/15/2026 7:00 AM - 7:00 PM (Advanced Polling Location) | 05/09/2026 - 05/09/2026 9:00 AM - 5:00 PM (Advanced Polling Location) | 05/04/2026 - 05/08/2026 7:00 AM - 7:00 PM (Advanced Polling Location) | 05/02/2026 - 05/02/2026 9:00 AM - 5:00 PM (Advanced Polling Location) | 04/27/2026 - 05/01/2026 7:00 AM - 7:00 PM (Advanced Polling Location)
a0v3d0000000hioAAA,COBB,"05/19/2026 MAY 19, 2026 - GENERAL PRIMARY ELECTION",AIP WEST COBB REGIONAL LIBRARY,"1750 DENNIS KEMP LN NW, KENNESAW GA 30152",05/04/2026 - 05/08/2026 7:00 AM - 7:00 PM (Advanced Polling Location) | 05/11/2026 - 05/15/2026 7:00 AM - 7:00 PM (Advanced Polling Location) | 05/09/2026 - 05/09/2026 9:00 AM - 5:00 PM (Advanced Polling Location) | 05/02/2026 - 05/02/2026 9:00 AM - 5:00 PM (Advanced Polling Location) | 04/27/2026 - 05/01/2026 7:00 AM - 7:00 PM (Advanced Polling Location)
a0v3d000002EEm1AAG,FULTON,"05/19/2026 MAY 19, 2026 - GENERAL PRIMARY ELECTION",AIP- FAIRBURN ANNEX,"40 WASHINGTON STREET, FAIRBURN GA 30213",05/11/2026 - 05/15/2026 7:00 AM - 7:00 PM (Advanced Polling Location) | 05/09/2026 - 05/09/2026 9:00 AM - 5:00 PM (Advanced Polling Location) | 05/04/2026 - 05/08/2026 7:00 AM - 7:00 PM (Advanced Polling Location) | 05/03/2026 - 05/03/2026 12:00 PM - 5:00 PM (Advanced Polling Location) | 05/02/2026 - 05/02/2026 9:00 AM - 5:00 PM (Advanced Polling Location) | 04/27/2026 - 05/01/2026 7:00 AM - 7:00 PM (Advanced Polling Location)
a0vcs0000014yMnAAI,FULTON,"05/19/2026 MAY 19, 2026 - GENERAL PRIMARY ELECTION",AIP-FLIPPER TEMPLE  AME  CHURCH FELLOWSHIP HALL,"580 ATLANTA STUDENT MOVEMENT BLVD SW, ATLANTA GA 30314",05/11/2026 - 05/15/2026 7:00 AM - 7:00 PM (Advanced Polling Location) | 05/09/2026 - 05/09/2026 9:00 AM - 5:00 PM (Advanced Polling Location) | 05/04/2026 - 05/08/2026 7:00 AM - 7:00 PM (Advanced Polling Location) | 05/03/2026 - 05/03/2026 12:00 PM - 5:00 PM (Advanced Polling Location) | 05/02/2026 - 05/02/2026 9:00 AM - 5:00 PM (Advanced Polling Location) | 04/27/2026 - 05/01/2026 7:00 AM - 7:00 PM (Advanced Polling Location)
a0vcs00000156vRAAQ,FULTON,"05/19/2026 MAY 19, 2026 - GENERAL PRIMARY ELECTION",AIP-HUGH C. CONLEY RECREATION CENTER,"3636 COLLEGE STREET, COLLEGE PARK GA 30337",05/11/2026 - 05/15/2026 7:00 AM - 7:00 PM (Advanced Polling Location) | 05/09/2026 - 05/09/2026 9:00 AM - 5:00 PM (Advanced Polling Location) | 05/04/2026 - 05/08/2026 7:00 AM - 7:00 PM (Advanced Polling Location) | 05/03/2026 - 05/03/2026 12:00 PM - 5:00 PM (Advanced Polling Location) | 05/02/2026 - 05/02/2026 9:00 AM - 5:00 PM (Advanced Polling Location) | 04/27/2026 - 05/01/2026 7:00 AM - 7:00 PM (Advanced Polling Location)
a0v3d000003gbfCAAQ,FULTON,"05/19/2026 MAY 19, 2026 - GENERAL PRIMARY ELECTION",AIP-JOHNS CREEK ENVIROMNMENTAL CAMPUS,"8100 HOLCOMB BRIDGE ROAD, ALPHARETTA GA 30022",05/11/2026 - 05/15/2026 7:00 AM - 7:00 PM (Advanced Polling Location) | 05/09/2026 - 05/09/2026 9:00 AM - 5:00 PM (Advanced Polling Location) | 05/04/2026 - 05/08/2026 7:00 AM - 7:00 PM (Advanced Polling Location) | 05/03/2026 - 05/03/2026 12:00 PM - 5:00 PM (Advanced Polling Location) | 05/02/2026 - 05/02/2026 9:00 AM - 5:00 PM (Advanced Polling Location) | 04/27/2026 - 05/01/2026 7:00 AM - 7:00 PM (Advanced Polling Location)
a0v3d000003gbjiAAA,FULTON,"05/19/2026 MAY 19, 2026 - GENERAL PRIMARY ELECTION",AIP-NORTHEAST SPRUILL OAKS LIBRARY,"9560 SPRUILL ROAD, JOHNS CREEK GA 30022",05/11/2026 - 05/15/2026 7:00 AM - 7:00 PM (Advanced Polling Location) | 05/09/2026 - 05/09/2026 9:00 AM - 5:00 PM (Advanced Polling Location) | 05/04/2026 - 05/08/2026 7:00 AM - 7:00 PM (Advanced Polling Location) | 05/03/2026 - 05/03/2026 12:00 PM - 5:00 PM (Advanced Polling Location) | 05/02/2026 - 05/02/2026 9:00 AM - 5:00 PM (Advanced Polling Location) | 04/27/2026 - 05/01/2026 7:00 AM - 7:00 PM (Advanced Polling Location)
a0v3d000003gbkRAAQ,FULTON,"05/19/2026 MAY 19, 2026 - GENERAL PRIMARY ELECTION",AIP-NORTHSIDE LIBRARY,"3295 NORTHSIDE PARKWAY NW, ATLANTA GA 30327",05/11/2026 - 05/15/2026 7:00 AM - 7:00 PM (Advanced Polling Location) | 05/09/2026 - 05/09/2026 9:00 AM - 5:00 PM (Advanced Polling Location) | 05/04/2026 - 05/08/2026 7:00 AM - 7:00 PM (Advanced Polling Location) | 05/03/2026 - 05/03/2026 12:00 PM - 5:00 PM (Advanced Polling Location) | 05/02/2026 - 05/02/2026 9:00 AM - 5:00 PM (Advanced Polling Location) | 04/27/2026 - 05/01/2026 7:00 AM - 7:00 PM (Advanced Polling Location)
a0v3d000003gbrmAAA,FULTON,"05/19/2026 MAY 19, 2026 - GENERAL PRIMARY ELECTION",AIP-WELCOME ALL RECREATION CENTER,"4255 WILL LEE ROAD, SOUTH FULTON GA 30349",05/11/2026 - 05/15/2026 7:00 AM - 7:00 PM (Advanced Polling Location) | 05/09/2026 - 05/09/2026 9:00 AM - 5:00 PM (Advanced Polling Location) | 05/04/2026 - 05/08/2026 7:00 AM - 7:00 PM (Advanced Polling Location) | 05/03/2026 - 05/03/2026 12:00 PM - 5:00 PM (Advanced Polling Location) | 05/02/2026 - 05/02/2026 9:00 AM - 5:00 PM (Advanced Polling Location) | 04/27/2026 - 05/01/2026 7:00 AM - 7:00 PM (Advanced Polling Location)
a0v3d000000rXgIAAU,BROOKS,"05/19/2026 MAY 19, 2026 - GENERAL PRIMARY ELECTION",AIP/EV MAIN ELECTIONS OFFICE,"610 S HIGHLAND RD, QUITMAN GA 31643",05/11/2026 - 05/15/2026 9:00 AM - 5:00 PM (Advanced Polling Location) | 05/04/2026 - 05/09/2026 9:00 AM - 5:00 PM (Advanced Polling Location) | 04/27/2026 - 05/02/2026 9:00 AM - 5:00 PM (Advanced Polling Location) | 05/11/2026 - 05/15/2026 9:00 AM - 5:00 PM (Dropbox Polling Location) | 05/04/2026 - 05/09/2026 9:00 AM - 5:00 PM (Dropbox Polling Location) | 04/27/2026 - 05/02/2026 9:00 AM - 5:00 PM (Dropbox Polling Location)
a0v3d0000000htwAAA,BARTOW,"05/19/2026 MAY 19, 2026 - GENERAL PRIMARY ELECTION",ALLATOONA RESOURCE CENTER,"6503 ALLATOONA GTWY, ACWORTH GA 30102",05/11/2026 - 05/15/2026 8:00 AM - 6:00 PM (Advanced Polling Location)
a0v3d000001FpzWAAS,TURNER,"05/19/2026 MAY 19, 2026 - GENERAL PRIMARY ELECTION",AMERICAN LEGION BUILDING,"1807 US HIGHWAY 41 N, SYCAMORE GA 31790",05/07/2026 - 05/07/2026 8:00 AM - 6:00 PM (Advanced Polling Location) | 05/15/2026 - 05/15/2026 8:00 AM - 5:00 PM (Advanced Polling Location) | 05/14/2026 - 05/14/2026 8:00 AM - 6:00 PM (Advanced Polling Location) | 05/13/2026 - 05/13/2026 8:00 AM - 5:00 PM (Advanced Polling Location) | 05/12/2026 - 05/12/2026 7:00 AM - 5:00 PM (Advanced Polling Location) | 05/11/2026 - 05/11/2026 8:00 AM - 5:00 PM (Advanced Polling Location) | 05/09/2026 - 05/09/2026 9:00 AM - 5:00 PM (Advanced Polling Location) | 05/08/2026 - 05/08/2026 8:00 AM - 5:00 PM (Advanced Polling Location) | 05/06/2026 - 05/06/2026 8:00 AM - 5:00 PM (Advanced Polling Location) | 05/05/2026 - 05/05/2026 7:00 AM - 5:00 PM (Advanced Polling Location) | 05/04/2026 - 05/04/2026 8:00 AM - 5:00 PM (Advanced Polling Location) | 05/02/2026 - 05/02/2026 9:00 AM - 5:00 PM (Advanced Polling Location) | 05/01/2026 - 05/01/2026 8:00 AM - 5:00 PM (Advanced Polling Location) | 04/30/2026 - 04/30/2026 8:00 AM - 6:00 PM (Advanced Polling Location) | 04/29/2026 - 04/29/2026 8:00 AM - 5:00 PM (Advanced Polling Location) | 04/28/2026 - 04/28/2026 7:00 AM - 5:00 PM (Advanced Polling Location) | 04/27/2026 - 04/27/2026 8:00 AM - 5:00 PM (Advanced Polling Location) | 04/27/2026 - 04/27/2026 8:00 AM - 5:00 PM (Dropbox Polling Location) | 04/28/2026 - 04/28/2026 7:00 AM - 5:00 PM (Dropbox Polling Location) | 05/15/2026 - 05/15/2026 8:00 AM - 5:00 PM (Dropbox Polling Location) | 05/14/2026 - 05/14/2026 8:00 AM - 6:00 PM (Dropbox Polling Location) | 05/13/2026 - 05/13/2026 8:00 AM - 5:00 PM (Dropbox Polling Location) | 05/12/2026 - 05/12/2026 7:00 AM - 5:00 PM (Dropbox Polling Location) | 05/11/2026 - 05/11/2026 8:00 AM - 5:00 PM (Dropbox Polling Location) | 05/09/2026 - 05/09/2026 9:00 AM - 5:00 PM (Dropbox Polling Location) | 05/08/2026 - 05/08/2026 8:00 AM - 5:00 PM (Dropbox Polling Location) | 05/07/2026 - 05/07/2026 8:00 AM - 6:00 PM (Dropbox Polling Location) | 05/06/2026 - 05/06/2026 8:00 AM - 5:00 PM (Dropbox Polling Location) | 05/05/2026 - 05/05/2026 7:00 AM - 5:00 PM (Dropbox Polling Location) | 05/04/2026 - 05/04/2026 8:00 AM - 5:00 PM (Dropbox Polling Location) | 05/02/2026 - 05/02/2026 9:00 AM - 5:00 PM (Dropbox Polling Location) | 05/01/2026 - 05/01/2026 8:00 AM - 5:00 PM (Dropbox Polling Location) | 04/30/2026 - 04/30/2026 8:00 AM - 6:00 PM (Dropbox Polling Location) | 04/29/2026 - 04/29/2026 8:00 AM - 5:00 PM (Dropbox Polling Location)
a0v3d000003nD2XAAU,SUMTER,"05/19/2026 MAY 19, 2026 - GENERAL PRIMARY ELECTION",AMERICUS SUMTER EXPOSITION CENTER,"900 ADDERTON ST, AMERICUS GA 31709",05/11/2026 - 05/15/2026 9:00 AM - 5:00 PM (Advanced Polling Location) | 05/09/2026 - 05/09/2026 9:00 AM - 5:00 PM (Advanced Polling Location) | 05/04/2026 - 05/08/2026 9:00 AM - 5:00 PM (Advanced Polling Location) | 05/02/2026 - 05/02/2026 9:00 AM - 5:00 PM (Advanced Polling Location) | 04/27/2026 - 05/01/2026 9:00 AM - 5:00 PM (Advanced Polling Location)
a0v3d0000000hRxAAI,FLOYD,"05/19/2026 MAY 19, 2026 - GENERAL PRIMARY ELECTION",ANTHONY RECREATION CENTER,"2901 GARDEN LAKES BLVD NW, ROME GA 30165",05/11/2026 - 05/15/2026 8:00 AM - 5:00 PM (Advanced Polling Location) | 05/04/2026 - 05/08/2026 8:00 AM - 5:00 PM (Advanced Polling Location) | 04/27/2026 - 05/01/2026 8:00 AM - 5:00 PM (Advanced Polling Location)
a0v3d0000000hbXAAQ,APPLING,"05/19/2026 MAY 19, 2026 - GENERAL PRIMARY ELECTION",APPLING COUNTY ELECTIONS OFFICE,"83 S OAK ST, BAXLEY GA 31513",05/11/2026 - 05/15/2026 9:00 AM - 5:00 PM (Advanced Polling Location) | 05/04/2026 - 05/09/2026 9:00 AM - 5:00 PM (Advanced Polling Location) | 04/27/2026 - 05/02/2026 9:00 AM - 5:00 PM (Advanced Polling Location) | 04/27/2026 - 05/02/2026 9:00 AM - 5:00 PM (Dropbox Polling Location) | 05/04/2026 - 05/09/2026 9:00 AM - 5:00 PM (Dropbox Polling Location) | 05/11/2026 - 05/15/2026 9:00 AM - 5:00 PM (Dropbox Polling Location)
a0v3d000001qKFeAAM,CLARKE,"05/19/2026 MAY 19, 2026 - GENERAL PRIMARY ELECTION",ATHENS REGIONAL LIBRARY,"2025 BAXTER STREET, ATHENS GA 30606",05/09/2026 - 05/09/2026 9:00 AM - 5:00 PM (Advanced Polling Location) | 05/15/2026 - 05/15/2026 8:00 AM - 5:00 PM (Advanced Polling Location) | 05/04/2026 - 05/08/2026 8:00 AM - 5:00 PM (Advanced Polling Location) | 05/11/2026 - 05/14/2026 8:00 AM - 7:00 PM (Advanced Polling Location)
a0v3d0000000hhZAAQ,CLARKE,"05/19/2026 MAY 19, 2026 - GENERAL PRIMARY ELECTION",ATHENS-CLARKE COUNTY TENNIS CENTER,"4460 LEXINGTON ROAD, ATHENS GA 30605",05/11/2026 - 05/14/2026 8:00 AM - 7:00 PM (Advanced Polling Location) | 05/15/2026 - 05/15/2026 8:00 AM - 5:00 PM (Advanced Polling Location) | 05/09/2026 - 05/09/2026 9:00 AM - 5:00 PM (Advanced Polling Location)
a0v3d0000000hCJAAY,ATKINSON,"05/19/2026 MAY 19, 2026 - GENERAL PRIMARY ELECTION",ATKINSON COUNTY BOARD OF ELECTION,"664 AUSTIN AVE E, PEARSON GA 31642",05/11/2026 - 05/15/2026 8:00 AM - 5:00 PM (Advanced Polling Location) | 05/09/2026 - 05/09/2026 9:00 AM - 5:00 PM (Advanced Polling Location) | 05/04/2026 - 05/08/2026 8:00 AM - 5:00 PM (Advanced Polling Location) | 05/02/2026 - 05/02/2026 9:00 AM - 5:00 PM (Advanced Polling Location) | 04/27/2026 - 05/01/2026 8:00 AM - 5:00 PM (Advanced Polling Location) | 05/09/2026 - 05/09/2026 9:00 AM - 5:00 PM (Dropbox Polling Location) | 05/04/2026 - 05/08/2026 8:00 AM - 5:00 PM (Dropbox Polling Location) | 05/19/2026 - 05/19/2026 8:00 AM - 5:00 PM (Dropbox Polling Location) | 05/02/2026 - 05/02/2026 9:00 AM - 5:00 PM (Dropbox Polling Location) | 05/18/2026 - 05/18/2026 8:00 AM - 5:00 PM (Dropbox Polling Location) | 05/11/2026 - 05/15/2026 8:00 AM - 5:00 PM (Dropbox Polling Location) | 04/27/2026 - 05/01/2026 8:00 AM - 5:00 PM (Dropbox Polling Location)
a0v3d0000000hbMAAQ,DEKALB,"05/19/2026 MAY 19, 2026 - GENERAL PRIMARY ELECTION",AV-BEREAN CHRISTIAN CHURCH,"2201 YOUNG ROAD, STONE MOUNTAIN GA 30088",05/10/2026 - 05/10/2026 12:00 PM - 5:00 PM (Advanced Polling Location) | 04/27/2026 - 05/01/2026 7:00 AM - 7:00 PM (Advanced Polling Location) | 05/11/2026 - 05/15/2026 7:00 AM - 7:00 PM (Advanced Polling Location) | 05/09/2026 - 05/09/2026 9:00 AM - 6:00 PM (Advanced Polling Location) | 05/04/2026 - 05/08/2026 7:00 AM - 7:00 PM (Advanced Polling Location) | 05/03/2026 - 05/03/2026 12:00 PM - 5:00 PM (Advanced Polling Location) | 05/02/2026 - 05/02/2026 9:00 AM - 6:00 PM (Advanced Polling Location) | 04/27/2026 - 05/01/2026 7:00 AM - 7:00 PM (Dropbox Polling Location) | 05/11/2026 - 05/15/2026 7:00 AM - 7:00 PM (Dropbox Polling Location) | 05/02/2026 - 05/02/2026 9:00 AM - 6:00 PM (Dropbox Polling Location) | 05/03/2026 - 05/03/2026 12:00 PM - 5:00 PM (Dropbox Polling Location) | 05/04/2026 - 05/08/2026 7:00 AM - 7:00 PM (Dropbox Polling Location) | 05/09/2026 - 05/09/2026 9:00 AM - 6:00 PM (Dropbox Polling Location) | 05/10/2026 - 05/10/2026 12:00 PM - 5:00 PM (Dropbox Polling Location)
a0v3d0000000hfqAAA,DEKALB,"05/19/2026 MAY 19, 2026 - GENERAL PRIMARY ELECTION",AV-BESSIE BRANHAM RECREATION CENTER,"2051 DELANO DRIVE NE, ATLANTA GA 30317",05/11/2026 - 05/15/2026 7:00 AM - 7:00 PM (Advanced Polling Location) | 05/10/2026 - 05/10/2026 12:00 PM - 5:00 PM (Advanced Polling Location) | 05/09/2026 - 05/09/2026 9:00 AM - 6:00 PM (Advanced Polling Location) | 05/04/2026 - 05/08/2026 7:00 AM - 7:00 PM (Advanced Polling Location) | 05/03/2026 - 05/03/2026 12:00 PM - 5:00 PM (Advanced Polling Location) | 05/02/2026 - 05/02/2026 9:00 AM - 6:00 PM (Advanced Polling Location) | 04/27/2026 - 05/01/2026 7:00 AM - 7:00 PM (Advanced Polling Location)
a0v3d000000j5S1AAI,DEKALB,"05/19/2026 MAY 19, 2026 - GENERAL PRIMARY ELECTION",AV-BEULAH MISSIONARY BAPTIST CHURCH,"2340 CLIFTON SPRINGS RD, DECATUR GA 30034",05/11/2026 - 05/15/2026 7:00 AM - 7:00 PM (Advanced Polling Location) | 05/10/2026 - 05/10/2026 12:00 PM - 5:00 PM (Advanced Polling Location) | 05/09/2026 - 05/09/2026 9:00 AM - 6:00 PM (Advanced Polling Location) | 05/04/2026 - 05/08/2026 7:00 AM - 7:00 PM (Advanced Polling Location) | 05/03/2026 - 05/03/2026 12:00 PM - 5:00 PM (Advanced Polling Location) | 05/02/2026 - 05/02/2026 9:00 AM - 6:00 PM (Advanced Polling Location) | 04/27/2026 - 05/01/2026 7:00 AM - 7:00 PM (Advanced Polling Location) | 05/11/2026 - 05/15/2026 7:00 AM - 7:00 PM (Dropbox Polling Location) | 05/10/2026 - 05/10/2026 12:00 PM - 5:00 PM (Dropbox Polling Location) | 05/09/2026 - 05/09/2026 9:00 AM - 6:00 PM (Dropbox Polling Location) | 05/04/2026 - 05/08/2026 7:00 AM - 7:00 PM (Dropbox Polling Location) | 05/03/2026 - 05/03/2026 12:00 PM - 5:00 PM (Dropbox Polling Location) | 05/02/2026 - 05/02/2026 9:00 AM - 6:00 PM (Dropbox Polling Location) | 04/27/2026 - 05/01/2026 7:00 AM - 7:00 PM (Dropbox Polling Location)
a0v3d0000000hcWAAQ,DEKALB,"05/19/2026 MAY 19, 2026 - GENERAL PRIMARY ELECTION",AV-BRIARWOOD RECREATION CENTER,"2235 BRIARWOOD WAY NE, BROOKHAVEN GA 30319",05/11/2026 - 05/15/2026 7:00 AM - 7:00 PM (Advanced Polling Location) | 05/10/2026 - 05/10/2026 12:00 PM - 5:00 PM (Advanced Polling Location) | 05/09/2026 - 05/09/2026 9:00 AM - 6:00 PM (Advanced Polling Location) | 05/04/2026 - 05/08/2026 7:00 AM - 7:00 PM (Advanced Polling Location) | 05/03/2026 - 05/03/2026 12:00 PM - 5:00 PM (Advanced Polling Location) | 05/02/2026 - 05/02/2026 9:00 AM - 6:00 PM (Advanced Polling Location) | 04/27/2026 - 05/01/2026 7:00 AM - 7:00 PM (Advanced Polling Location)
a0v3d000000j5S0AAI,DEKALB,"05/19/2026 MAY 19, 2026 - GENERAL PRIMARY ELECTION",AV-CLARKSTON LIBRARY,"951 N INDIAN CREEK DR, CLARKSTON GA 30021",05/11/2026 - 05/15/2026 7:00 AM - 7:00 PM (Advanced Polling Location) | 05/10/2026 - 05/10/2026 12:00 PM - 5:00 PM (Advanced Polling Location) | 05/09/2026 - 05/09/2026 9:00 AM - 6:00 PM (Advanced Polling Location) | 05/04/2026 - 05/08/2026 7:00 AM - 7:00 PM (Advanced Polling Location) | 05/03/2026 - 05/03/2026 12:00 PM - 5:00 PM (Advanced Polling Location) | 05/02/2026 - 05/02/2026 9:00 AM - 6:00 PM (Advanced Polling Location) | 04/27/2026 - 05/01/2026 7:00 AM - 7:00 PM (Advanced Polling Location)
a0v3d0000000hjDAAQ,DEKALB,"05/19/2026 MAY 19, 2026 - GENERAL PRIMARY ELECTION",AV-COUNTY LINE-ELLENWOOD LIBRARY,"4331 RIVER RD., ELLENWOOD GA 30294",05/11/2026 - 05/15/2026 7:00 AM - 7:00 PM (Advanced Polling Location) | 05/10/2026 - 05/10/2026 12:00 PM - 5:00 PM (Advanced Polling Location) | 05/09/2026 - 05/09/2026 9:00 AM - 6:00 PM (Advanced Polling Location) | 05/04/2026 - 05/08/2026 7:00 AM - 7:00 PM (Advanced Polling Location) | 05/03/2026 - 05/03/2026 12:00 PM - 5:00 PM (Advanced Polling Location) | 05/02/2026 - 05/02/2026 9:00 AM - 6:00 PM (Advanced Polling Location) | 04/27/2026 - 05/01/2026 7:00 AM - 7:00 PM (Advanced Polling Location)
a0v3d0000000hfsAAA,DEKALB,"05/19/2026 MAY 19, 2026 - GENERAL PRIMARY ELECTION",AV-DUNWOODY LIBRARY,"5339 CHAMBLEE DUNWOODY RD, DUNWOODY GA 30338",05/11/2026 - 05/15/2026 7:00 AM - 7:00 PM (Advanced Polling Location) | 05/10/2026 - 05/10/2026 12:00 PM - 5:00 PM (Advanced Polling Location) | 05/09/2026 - 05/09/2026 9:00 AM - 6:00 PM (Advanced Polling Location) | 05/04/2026 - 05/08/2026 7:00 AM - 7:00 PM (Advanced Polling Location) | 05/03/2026 - 05/03/2026 12:00 PM - 5:00 PM (Advanced Polling Location) | 05/02/2026 - 05/02/2026 9:00 AM - 6:00 PM (Advanced Polling Location) | 04/27/2026 - 05/01/2026 7:00 AM - 7:00 PM (Advanced Polling Location) | 05/11/2026 - 05/15/2026 7:00 AM - 7:00 PM (Dropbox Polling Location) | 05/10/2026 - 05/10/2026 12:00 PM - 5:00 PM (Dropbox Polling Location) | 05/09/2026 - 05/09/2026 9:00 AM - 6:00 PM (Dropbox Polling Location) | 05/04/2026 - 05/08/2026 7:00 AM - 7:00 PM (Dropbox Polling Location) | 05/03/2026 - 05/03/2026 12:00 PM - 5:00 PM (Dropbox Polling Location) | 05/02/2026 - 05/02/2026 9:00 AM - 6:00 PM (Dropbox Polling Location) | 04/27/2026 - 05/01/2026 7:00 AM - 7:00 PM (Dropbox Polling Location)
a0v3d00000016X1AAI,DEKALB,"05/19/2026 MAY 19, 2026 - GENERAL PRIMARY ELECTION",AV-EMORY UNIVERSITY,"1599 CLIFTON RD, ATLANTA GA 30322",05/11/2026 - 05/15/2026 7:00 AM - 7:00 PM (Advanced Polling Location) | 05/10/2026 - 05/10/2026 12:00 PM - 5:00 PM (Advanced Polling Location) | 05/09/2026 - 05/09/2026 9:00 AM - 6:00 PM (Advanced Polling Location) | 05/04/2026 - 05/08/2026 7:00 AM - 7:00 PM (Advanced Polling Location) | 05/03/2026 - 05/03/2026 12:00 PM - 5:00 PM (Advanced Polling Location) | 05/02/2026 - 05/02/2026 9:00 AM - 6:00 PM (Advanced Polling Location) | 04/27/2026 - 05/01/2026 7:00 AM - 7:00 PM (Advanced Polling Location)
a0v3d000003TO9BAAW,DEKALB,"05/19/2026 MAY 19, 2026 - GENERAL PRIMARY ELECTION",AV-GREATER PINEY GROVE BAPTIST,"1879 GLENWOOD AVE, ATLANTA GA 30316",05/11/2026 - 05/15/2026 7:00 AM - 7:00 PM (Advanced Polling Location) | 05/10/2026 - 05/10/2026 12:00 PM - 5:00 PM (Advanced Polling Location) | 05/09/2026 - 05/09/2026 9:00 AM - 6:00 PM (Advanced Polling Location) | 05/04/2026 - 05/08/2026 7:00 AM - 7:00 PM (Advanced Polling Location) | 05/03/2026 - 05/03/2026 12:00 PM - 5:00 PM (Advanced Polling Location) | 05/02/2026 - 05/02/2026 9:00 AM - 6:00 PM (Advanced Polling Location) | 04/27/2026 - 05/01/2026 7:00 AM - 7:00 PM (Advanced Polling Location)
a0v3d000003TNedAAG,DEKALB,"05/19/2026 MAY 19, 2026 - GENERAL PRIMARY ELECTION",AV-HAIRSTON CROSSING LIBRARY,"4911 REDAN RD, STONE MOUNTAIN GA 30088",05/11/2026 - 05/15/2026 7:00 AM - 7:00 PM (Advanced Polling Location) | 05/10/2026 - 05/10/2026 12:00 PM - 5:00 PM (Advanced Polling Location) | 05/09/2026 - 05/09/2026 9:00 AM - 6:00 PM (Advanced Polling Location) | 05/04/2026 - 05/08/2026 7:00 AM - 7:00 PM (Advanced Polling Location) | 05/03/2026 - 05/03/2026 12:00 PM - 5:00 PM (Advanced Polling Location) | 05/02/2026 - 05/02/2026 9:00 AM - 6:00 PM (Advanced Polling Location) | 04/27/2026 - 05/01/2026 7:00 AM - 7:00 PM (Advanced Polling Location)
a0vcs00000NJe7lAAD,DEKALB,"05/19/2026 MAY 19, 2026 - GENERAL PRIMARY ELECTION",AV-LIVING GRACE LUTHERAN CHURCH,"1812 COOLEDGE RD, TUCKER GA 30084",05/11/2026 - 05/15/2026 7:00 AM - 7:00 PM (Advanced Polling Location) | 05/10/2026 - 05/10/2026 12:00 PM - 5:00 PM (Advanced Polling Location) | 05/09/2026 - 05/09/2026 9:00 AM - 6:00 PM (Advanced Polling Location) | 05/04/2026 - 05/08/2026 7:00 AM - 7:00 PM (Advanced Polling Location) | 05/03/2026 - 05/03/2026 12:00 PM - 5:00 PM (Advanced Polling Location) | 05/02/2026 - 05/02/2026 9:00 AM - 6:00 PM (Advanced Polling Location) | 04/27/2026 - 05/01/2026 7:00 AM - 7:00 PM (Advanced Polling Location)
a0v3d0000000hYzAAI,DEKALB,"05/19/2026 MAY 19, 2026 - GENERAL PRIMARY ELECTION",AV-MEMORIAL 1,"4380 MEMORIAL DRIVE STE 500, DECATUR GA 30032",05/11/2026 - 05/15/2026 7:00 AM - 5:00 PM (Advanced Polling Location) | 05/10/2026 - 05/10/2026 12:00 PM - 5:00 PM (Advanced Polling Location) | 05/09/2026 - 05/09/2026 9:00 AM - 6:00 PM (Advanced Polling Location) | 05/04/2026 - 05/08/2026 7:00 AM - 5:00 PM (Advanced Polling Location) | 05/03/2026 - 05/03/2026 12:00 PM - 5:00 PM (Advanced Polling Location) | 05/02/2026 - 05/02/2026 9:00 AM - 6:00 PM (Advanced Polling Location) | 04/27/2026 - 05/01/2026 7:00 AM - 7:00 PM (Advanced Polling Location)
a0v3d000000Flk9AAC,DEKALB,"05/19/2026 MAY 19, 2026 - GENERAL PRIMARY ELECTION",AV-NEIGHBORHOOD CHURCH,"1561 MCLENDON AVE NE, ATLANTA GA 30307",05/11/2026 - 05/15/2026 7:00 AM - 7:00 PM (Advanced Polling Location) | 05/10/2026 - 05/10/2026 12:00 PM - 5:00 PM (Advanced Polling Location) | 05/09/2026 - 05/09/2026 9:00 AM - 6:00 PM (Advanced Polling Location) | 05/04/2026 - 05/08/2026 7:00 AM - 7:00 PM (Advanced Polling Location) | 05/03/2026 - 05/03/2026 12:00 PM - 5:00 PM (Advanced Polling Location) | 05/02/2026 - 05/02/2026 9:00 AM - 6:00 PM (Advanced Polling Location) | 04/27/2026 - 05/01/2026 7:00 AM - 7:00 PM (Advanced Polling Location)
a0v3d000003TNSbAAO,DEKALB,"05/19/2026 MAY 19, 2026 - GENERAL PRIMARY ELECTION",AV-NEW BETHEL AME CHURCH,"8350 ROCKBRIDGE RD, LITHONIA GA 30058",05/11/2026 - 05/15/2026 7:00 AM - 7:00 PM (Advanced Polling Location) | 05/10/2026 - 05/10/2026 12:00 PM - 5:00 PM (Advanced Polling Location) | 05/09/2026 - 05/09/2026 9:00 AM - 6:00 PM (Advanced Polling Location) | 05/04/2026 - 05/08/2026 7:00 AM - 7:00 PM (Advanced Polling Location) | 05/03/2026 - 05/03/2026 12:00 PM - 5:00 PM (Advanced Polling Location) | 05/02/2026 - 05/02/2026 9:00 AM - 6:00 PM (Advanced Polling Location) | 04/27/2026 - 05/01/2026 7:00 AM - 7:00 PM (Advanced Polling Location)
a0v3d0000000heqAAA,DEKALB,"05/19/2026 MAY 19, 2026 - GENERAL PRIMARY ELECTION",AV-NORTH DEKALB SENIOR CENTER,"3393 MALONE DRIVE, CHAMBLEE GA 30341",05/11/2026 - 05/15/2026 7:00 AM - 7:00 PM (Advanced Polling Location) | 05/10/2026 - 05/10/2026 12:00 PM - 5:00 PM (Advanced Polling Location) | 05/09/2026 - 05/09/2026 9:00 AM - 6:00 PM (Advanced Polling Location) | 05/04/2026 - 05/08/2026 7:00 AM - 7:00 PM (Advanced Polling Location) | 05/03/2026 - 05/03/2026 12:00 PM - 5:00 PM (Advanced Polling Location) | 05/02/2026 - 05/02/2026 9:00 AM - 6:00 PM (Advanced Polling Location) | 04/27/2026 - 05/01/2026 7:00 AM - 7:00 PM (Advanced Polling Location)
a0vcs00000Lg2UMAAZ,DEKALB,"05/19/2026 MAY 19, 2026 - GENERAL PRIMARY ELECTION",AV-REDAN-TROTTI LIBRARY,"1569 WELLBORN RD, LITHONIA GA 30058",05/11/2026 - 05/15/2026 7:00 AM - 7:00 PM (Advanced Polling Location) | 05/10/2026 - 05/10/2026 12:00 PM - 5:00 PM (Advanced Polling Location) | 05/09/2026 - 05/09/2026 9:00 AM - 6:00 PM (Advanced Polling Location) | 05/04/2026 - 05/08/2026 7:00 AM - 7:00 PM (Advanced Polling Location) | 05/03/2026 - 05/03/2026 12:00 PM - 5:00 PM (Advanced Polling Location) | 05/02/2026 - 05/02/2026 9:00 AM - 6:00 PM (Advanced Polling Location) | 04/27/2026 - 05/01/2026 7:00 AM - 7:00 PM (Advanced Polling Location)
a0v3d0000000hbJAAQ,DEKALB,"05/19/2026 MAY 19, 2026 - GENERAL PRIMARY ELECTION",AV-REID H. COFER LIBRARY,"5234 LAVISTA RD, TUCKER GA 30084",05/10/2026 - 05/10/2026 12:00 PM - 5:00 PM (Advanced Polling Location) | 05/11/2026 - 05/15/2026 7:00 AM - 7:00 PM (Advanced Polling Location) | 05/09/2026 - 05/09/2026 9:00 AM - 6:00 PM (Advanced Polling Location) | 05/04/2026 - 05/08/2026 7:00 AM - 7:00 PM (Advanced Polling Location) | 05/03/2026 - 05/03/2026 12:00 PM - 5:00 PM (Advanced Polling Location) | 05/02/2026 - 05/02/2026 9:00 AM - 6:00 PM (Advanced Polling Location) | 04/27/2026 - 05/01/2026 7:00 AM - 7:00 PM (Advanced Polling Location) | 05/11/2026 - 05/15/2026 7:00 AM - 7:00 PM (Dropbox Polling Location) | 05/10/2026 - 05/10/2026 12:00 PM - 5:00 PM (Dropbox Polling Location) | 05/09/2026 - 05/09/2026 9:00 AM - 6:00 PM (Dropbox Polling Location) | 05/04/2026 - 05/08/2026 7:00 AM - 7:00 PM (Dropbox Polling Location) | 05/03/2026 - 05/03/2026 12:00 PM - 5:00 PM (Dropbox Polling Location) | 05/02/2026 - 05/02/2026 9:00 AM - 6:00 PM (Dropbox Polling Location) | 04/27/2026 - 05/01/2026 7:00 AM - 7:00 PM (Dropbox Polling Location)
a0v3d000000rSpTAAU,DEKALB,"05/19/2026 MAY 19, 2026 - GENERAL PRIMARY ELECTION",AV-SALEM PANOLA LIBRARY,"5137 SALEM RD, LITHONIA GA 30038",05/11/2026 - 05/15/2026 7:00 AM - 7:00 PM (Advanced Polling Location) | 05/10/2026 - 05/10/2026 12:00 PM - 5:00 PM (Advanced Polling Location) | 05/09/2026 - 05/09/2026 9:00 AM - 6:00 PM (Advanced Polling Location) | 05/04/2026 - 05/08/2026 7:00 AM - 7:00 PM (Advanced Polling Location) | 05/03/2026 - 05/03/2026 12:00 PM - 5:00 PM (Advanced Polling Location) | 05/02/2026 - 05/02/2026 9:00 AM - 6:00 PM (Advanced Polling Location) | 04/27/2026 - 05/01/2026 7:00 AM - 7:00 PM (Advanced Polling Location) | 05/11/2026 - 05/15/2026 7:00 AM - 7:00 PM (Dropbox Polling Location) | 05/10/2026 - 05/10/2026 12:00 PM - 5:00 PM (Dropbox Polling Location) | 05/09/2026 - 05/09/2026 9:00 AM - 6:00 PM (Dropbox Polling Location) | 05/04/2026 - 05/08/2026 7:00 AM - 7:00 PM (Dropbox Polling Location) | 05/03/2026 - 05/03/2026 12:00 PM - 5:00 PM (Dropbox Polling Location) | 05/02/2026 - 05/02/2026 9:00 AM - 6:00 PM (Dropbox Polling Location) | 04/27/2026 - 05/01/2026 7:00 AM - 7:00 PM (Dropbox Polling Location)
a0v3d0000000hfVAAQ,DEKALB,"05/19/2026 MAY 19, 2026 - GENERAL PRIMARY ELECTION",AV-STONECREST LIBRARY,"3123 KLONDIKE RD, LITHONIA GA 30038",05/10/2026 - 05/10/2026 12:00 PM - 5:00 PM (Advanced Polling Location) | 05/09/2026 - 05/09/2026 9:00 AM - 6:00 PM (Advanced Polling Location) | 05/04/2026 - 05/08/2026 7:00 AM - 7:00 PM (Advanced Polling Location) | 05/03/2026 - 05/03/2026 12:00 PM - 5:00 PM (Advanced Polling Location) | 05/02/2026 - 05/02/2026 9:00 AM - 6:00 PM (Advanced Polling Location) | 04/27/2026 - 05/01/2026 7:00 AM - 7:00 PM (Advanced Polling Location) | 05/11/2026 - 05/15/2026 7:00 AM - 7:00 PM (Advanced Polling Location)
a0v3d0000000hkIAAQ,DEKALB,"05/19/2026 MAY 19, 2026 - GENERAL PRIMARY ELECTION",AV-WESLEY CHAPEL LIBRARY,"2861 WESLEY CHAPEL ROAD, DECATUR GA 30034",04/27/2026 - 05/01/2026 7:00 AM - 7:00 PM (Advanced Polling Location) | 05/11/2026 - 05/15/2026 7:00 AM - 7:00 PM (Advanced Polling Location) | 05/10/2026 - 05/10/2026 12:00 PM - 5:00 PM (Advanced Polling Location) | 05/09/2026 - 05/09/2026 9:00 AM - 6:00 PM (Advanced Polling Location) | 05/04/2026 - 05/08/2026 7:00 AM - 7:00 PM (Advanced Polling Location) | 05/03/2026 - 05/03/2026 12:00 PM - 5:00 PM (Advanced Polling Location) | 05/02/2026 - 05/02/2026 9:00 AM - 6:00 PM (Advanced Polling Location)
a0v3d0000000hndAAA,BACON,"05/19/2026 MAY 19, 2026 - GENERAL PRIMARY ELECTION",BACON COUNTY ELECTIONS OFFICE,"232 WEST 12TH STREET, ALMA GA 31510",05/11/2026 - 05/15/2026 9:00 AM - 5:00 PM (Advanced Polling Location) | 05/04/2026 - 05/09/2026 9:00 AM - 5:00 PM (Advanced Polling Location) | 04/27/2026 - 05/02/2026 9:00 AM - 5:00 PM (Advanced Polling Location) | 05/11/2026 - 05/15/2026 9:00 AM - 5:00 PM (Dropbox Polling Location) | 05/04/2026 - 05/09/2026 9:00 AM - 5:00 PM (Dropbox Polling Location) | 04/27/2026 - 05/02/2026 9:00 AM - 5:00 PM (Dropbox Polling Location)
a0v3d0000000hZJAAY,BAKER,"05/19/2026 MAY 19, 2026 - GENERAL PRIMARY ELECTION",BAKER COUNTY BOARD OF COMMISSIONS,"439 GA HWY 91 NW, NEWTON GA 39870",05/11/2026 - 05/15/2026 9:00 AM - 5:00 PM (Advanced Polling Location) | 05/04/2026 - 05/09/2026 9:00 AM - 5:00 PM (Advanced Polling Location) | 04/27/2026 - 05/02/2026 9:00 AM - 5:00 PM (Advanced Polling Location) | 05/11/2026 - 05/15/2026 9:00 AM - 5:00 PM (Dropbox Polling Location) | 05/04/2026 - 05/09/2026 9:00 AM - 5:00 PM (Dropbox Polling Location) | 04/27/2026 - 05/02/2026 9:00 AM - 5:00 PM (Dropbox Polling Location) | 05/18/2026 - 05/19/2026 9:00 AM - 5:00 PM (Dropbox Polling Location)
a0v3d0000000hbfAAA,CHEROKEE,"05/19/2026 MAY 19, 2026 - GENERAL PRIMARY ELECTION",BALL GROUND PUBLIC LIBRARY,"435 OLD CANTON RD, BALL GROUND GA 30107",05/04/2026 - 05/09/2026 8:30 AM - 5:00 PM (Advanced Polling Location) | 05/11/2026 - 05/15/2026 8:30 AM - 7:00 PM (Advanced Polling Location) | 04/27/2026 - 05/02/2026 8:30 AM - 5:00 PM (Advanced Polling Location)
a0v3d0000000he2AAA,GLYNN,"05/19/2026 MAY 19, 2026 - GENERAL PRIMARY ELECTION",BALLARD,"30 NIMITZ DRIVE, BRUNSWICK GA 31520",05/11/2026 - 05/15/2026 8:00 AM - 5:00 PM (Advanced Polling Location) | 05/09/2026 - 05/09/2026 9:00 AM - 5:00 PM (Advanced Polling Location) | 05/04/2026 - 05/08/2026 8:00 AM - 5:00 PM (Advanced Polling Location) | 05/02/2026 - 05/02/2026 9:00 AM - 5:00 PM (Advanced Polling Location) | 04/27/2026 - 05/01/2026 8:00 AM - 5:00 PM (Advanced Polling Location)
a0v3d0000000htNAAQ,BARROW,"05/19/2026 MAY 19, 2026 - GENERAL PRIMARY ELECTION",BARROW COUNTY ELECTIONS OFFICE,"233 E. BROAD ST, WINDER GA 30680",05/11/2026 - 05/15/2026 8:00 AM - 5:00 PM (Advanced Polling Location) | 05/09/2026 - 05/09/2026 9:00 AM - 5:00 PM (Advanced Polling Location) | 05/04/2026 - 05/08/2026 8:00 AM - 5:00 PM (Advanced Polling Location) | 05/02/2026 - 05/02/2026 9:00 AM - 5:00 PM (Advanced Polling Location) | 04/27/2026 - 05/01/2026 8:00 AM - 5:00 PM (Advanced Polling Location) | 05/11/2026 - 05/15/2026 8:00 AM - 5:00 PM (Dropbox Polling Location) | 05/09/2026 - 05/09/2026 9:00 AM - 5:00 PM (Dropbox Polling Location) | 05/04/2026 - 05/08/2026 8:00 AM - 5:00 PM (Dropbox Polling Location) | 05/02/2026 - 05/02/2026 9:00 AM - 5:00 PM (Dropbox Polling Location) | 04/27/2026 - 05/01/2026 8:00 AM - 5:00 PM (Dropbox Polling Location)
a0v3d0000000hfKAAQ,CRAWFORD,"05/19/2026 MAY 19, 2026 - GENERAL PRIMARY ELECTION",BOARD OF ELECTIONS,"640 GA HWY 128, SUITE 124, ROBERTA GA 31078",05/11/2026 - 05/15/2026 8:00 AM - 5:00 PM (Advanced Polling Location) | 05/04/2026 - 05/09/2026 8:00 AM - 5:00 PM (Advanced Polling Location) | 04/27/2026 - 05/02/2026 8:00 AM - 5:00 PM (Advanced Polling Location) | 05/11/2026 - 05/15/2026 8:00 AM - 5:00 PM (Dropbox Polling Location) | 05/04/2026 - 05/09/2026 8:00 AM - 5:00 PM (Dropbox Polling Location) | 04/27/2026 - 05/02/2026 8:00 AM - 5:00 PM (Dropbox Polling Location)
a0v3d0000000hfZAAQ,JEFFERSON,"05/19/2026 MAY 19, 2026 - GENERAL PRIMARY ELECTION",BOARD OF ELECTIONS,"1200 SCHOOL STREET, LOUISVILLE GA 30434",05/11/2026 - 05/15/2026 9:00 AM - 5:00 PM (Advanced Polling Location) | 05/04/2026 - 05/09/2026 9:00 AM - 5:00 PM (Advanced Polling Location) | 04/27/2026 - 05/02/2026 9:00 AM - 5:00 PM (Advanced Polling Location) | 05/11/2026 - 05/15/2026 9:00 AM - 5:00 PM (Dropbox Polling Location) | 05/04/2026 - 05/09/2026 9:00 AM - 5:00 PM (Dropbox Polling Location) | 04/27/2026 - 05/02/2026 9:00 AM - 5:00 PM (Dropbox Polling Location)
a0v3d0000000hbCAAQ,HOUSTON,"05/19/2026 MAY 19, 2026 - GENERAL PRIMARY ELECTION",BOARD OF ELECTIONS,"2030 KINGS CHAPEL RD, PERRY GA 31069",05/11/2026 - 05/15/2026 8:00 AM - 5:00 PM (Advanced Polling Location) | 05/09/2026 - 05/09/2026 9:00 AM - 5:00 PM (Advanced Polling Location) | 05/04/2026 - 05/08/2026 8:00 AM - 5:00 PM (Advanced Polling Location) | 05/02/2026 - 05/02/2026 9:00 AM - 5:00 PM (Advanced Polling Location) | 04/27/2026 - 05/01/2026 8:00 AM - 5:00 PM (Advanced Polling Location) | 05/11/2026 - 05/15/2026 8:00 AM - 5:00 PM (Dropbox Polling Location) | 05/09/2026 - 05/09/2026 9:00 AM - 5:00 PM (Dropbox Polling Location) | 05/04/2026 - 05/08/2026 8:00 AM - 5:00 PM (Dropbox Polling Location) | 05/02/2026 - 05/02/2026 9:00 AM - 5:00 PM (Dropbox Polling Location) | 04/27/2026 - 05/01/2026 8:00 AM - 5:00 PM (Dropbox Polling Location)
a0v3d0000000hc8AAA,BLECKLEY,"05/19/2026 MAY 19, 2026 - GENERAL PRIMARY ELECTION",BOARD OF ELECTIONS AND REGISTRATION,"106 E CHERRY ST COURTHOUSE ANNEX, COCHRAN GA 31014",05/15/2026 - 05/15/2026 8:30 AM - 5:00 PM (Advanced Polling Location) | 05/14/2026 - 05/14/2026 8:30 AM - 5:00 PM (Advanced Polling Location) | 05/13/2026 - 05/13/2026 8:30 AM - 5:00 PM (Advanced Polling Location) | 05/12/2026 - 05/12/2026 8:30 AM - 5:00 PM (Advanced Polling Location) | 05/11/2026 - 05/11/2026 8:30 AM - 5:00 PM (Advanced Polling Location) | 05/09/2026 - 05/09/2026 9:00 AM - 5:00 PM (Advanced Polling Location) | 05/08/2026 - 05/08/2026 8:30 AM - 5:00 PM (Advanced Polling Location) | 05/07/2026 - 05/07/2026 8:30 AM - 5:00 PM (Advanced Polling Location) | 05/06/2026 - 05/06/2026 8:30 AM - 5:00 PM (Advanced Polling Location) | 05/05/2026 - 05/05/2026 8:30 AM - 5:00 PM (Advanced Polling Location) | 05/04/2026 - 05/04/2026 8:30 AM - 5:00 PM (Advanced Polling Location) | 05/02/2026 - 05/02/2026 9:00 AM - 5:00 PM (Advanced Polling Location) | 05/01/2026 - 05/01/2026 8:30 AM - 5:00 PM (Advanced Polling Location) | 04/30/2026 - 04/30/2026 8:30 AM - 5:00 PM (Advanced Polling Location) | 04/29/2026 - 04/29/2026 8:30 AM - 5:00 PM (Advanced Polling Location) | 04/28/2026 - 04/28/2026 8:30 AM - 5:00 PM (Advanced Polling Location) | 04/27/2026 - 04/27/2026 8:30 AM - 5:00 PM (Advanced Polling Location) | 05/08/2026 - 05/08/2026 8:30 AM - 5:00 PM (Dropbox Polling Location) | 05/15/2026 - 05/15/2026 8:30 AM - 5:00 PM (Dropbox Polling Location) | 05/14/2026 - 05/14/2026 8:30 AM - 5:00 PM (Dropbox Polling Location) | 05/13/2026 - 05/13/2026 8:30 AM - 5:00 PM (Dropbox Polling Location) | 05/12/2026 - 05/12/2026 8:30 AM - 5:00 PM (Dropbox Polling Location) | 05/11/2026 - 05/11/2026 8:30 AM - 5:00 PM (Dropbox Polling Location) | 05/09/2026 - 05/09/2026 9:00 AM - 5:00 PM (Dropbox Polling Location) | 05/07/2026 - 05/07/2026 8:30 AM - 5:00 PM (Dropbox Polling Location) | 05/06/2026 - 05/06/2026 8:30 AM - 5:00 PM (Dropbox Polling Location) | 05/05/2026 - 05/05/2026 8:30 AM - 5:00 PM (Dropbox Polling Location) | 05/04/2026 - 05/04/2026 8:30 AM - 5:00 PM (Dropbox Polling Location) | 05/02/2026 - 05/02/2026 9:00 AM - 5:00 PM (Dropbox Polling Location) | 05/01/2026 - 05/01/2026 8:30 AM - 5:00 PM (Dropbox Polling Location) | 04/30/2026 - 04/30/2026 8:30 AM - 5:00 PM (Dropbox Polling Location) | 04/29/2026 - 04/29/2026 8:30 AM - 5:00 PM (Dropbox Polling Location) | 04/28/2026 - 04/28/2026 8:30 AM - 5:00 PM (Dropbox Polling Location) | 04/27/2026 - 04/27/2026 8:30 AM - 5:00 PM (Dropbox Polling Location)
a0v3d0000000hZBAAY,GLYNN,"05/19/2026 MAY 19, 2026 - GENERAL PRIMARY ELECTION",BOARD OF ELECTIONS AND REGISTRATION BUILDING,"1709 GLOUCESTER ST, BRUNSWICK GA 31520",05/09/2026 - 05/09/2026 9:00 AM - 5:00 PM (Advanced Polling Location) | 05/04/2026 - 05/08/2026 8:00 AM - 5:00 PM (Advanced Polling Location) | 05/02/2026 - 05/02/2026 9:00 AM - 5:00 PM (Advanced Polling Location) | 04/27/2026 - 05/01/2026 8:00 AM - 5:00 PM (Advanced Polling Location) | 05/11/2026 - 05/15/2026 8:00 AM - 5:00 PM (Advanced Polling Location) | 05/11/2026 - 05/15/2026 8:00 AM - 5:00 PM (Dropbox Polling Location) | 05/09/2026 - 05/09/2026 9:00 AM - 5:00 PM (Dropbox Polling Location) | 05/04/2026 - 05/08/2026 8:00 AM - 5:00 PM (Dropbox Polling Location) | 05/02/2026 - 05/02/2026 9:00 AM - 5:00 PM (Dropbox Polling Location) | 04/27/2026 - 05/01/2026 8:00 AM - 5:00 PM (Dropbox Polling Location)
a0v3d0000000hYmAAI,ROCKDALE,"05/19/2026 MAY 19, 2026 - GENERAL PRIMARY ELECTION",BOARD OF ELECTIONS OFFICE,"1115 WEST AVE SW, CONYERS GA 30012",05/13/2026 - 05/15/2026 8:00 AM - 7:00 PM (Advanced Polling Location) | 05/11/2026 - 05/12/2026 8:00 AM - 5:00 PM (Advanced Polling Location) | 05/09/2026 - 05/09/2026 9:00 AM - 5:00 PM (Advanced Polling Location) | 05/04/2026 - 05/08/2026 8:00 AM - 5:00 PM (Advanced Polling Location) | 05/03/2026 - 05/03/2026 10:00 AM - 3:00 PM (Advanced Polling Location) | 05/02/2026 - 05/02/2026 9:00 AM - 5:00 PM (Advanced Polling Location) | 04/27/2026 - 05/01/2026 8:00 AM - 5:00 PM (Advanced Polling Location) | 05/13/2026 - 05/15/2026 8:00 AM - 7:00 PM (Dropbox Polling Location) | 05/11/2026 - 05/12/2026 8:00 AM - 5:00 PM (Dropbox Polling Location) | 05/09/2026 - 05/09/2026 9:00 AM - 5:00 PM (Dropbox Polling Location) | 05/04/2026 - 05/08/2026 8:00 AM - 5:00 PM (Dropbox Polling Location) | 05/03/2026 - 05/03/2026 10:00 AM - 3:00 PM (Dropbox Polling Location) | 05/02/2026 - 05/02/2026 9:00 AM - 5:00 PM (Dropbox Polling Location) | 04/27/2026 - 05/01/2026 8:00 AM - 5:00 PM (Dropbox Polling Location)
a0vcs00000CA7xNAAT,GWINNETT,"05/19/2026 MAY 19, 2026 - GENERAL PRIMARY ELECTION",BOGAN PARK COMMUNITY CENTER,"2723 N BOGAN RD, BUFORD GA 30519",05/11/2026 - 05/15/2026 7:00 AM - 7:00 PM (Advanced Polling Location) | 04/27/2026 - 05/10/2026 7:00 AM - 7:00 PM (Advanced Polling Location)
a0v3d0000000hR4AAI,DOUGLAS,"05/19/2026 MAY 19, 2026 - GENERAL PRIMARY ELECTION",BOUNDARY WATERS ACTIVITY CENTER,"5000 GEORGIA HIGHWAY 92, DOUGLASVILLE GA 30135",05/11/2026 - 05/15/2026 8:30 AM - 6:00 PM (Advanced Polling Location) | 05/04/2026 - 05/08/2026 8:30 AM - 6:00 PM (Advanced Polling Location) | 04/27/2026 - 05/01/2026 8:30 AM - 6:00 PM (Advanced Polling Location)
a0vcs00000R3J09AAF,BULLOCH,"05/19/2026 MAY 19, 2026 - GENERAL PRIMARY ELECTION",BULLOCH COUNTY ANNEX,"113 STE 201 ELECTIONS, STATESBORO GA 30458",05/11/2026 - 05/15/2026 8:00 AM - 5:00 PM (Advanced Polling Location) | 04/27/2026 - 05/10/2026 8:00 AM - 5:00 PM (Advanced Polling Location) | 05/11/2026 - 05/15/2026 8:00 AM - 5:00 PM (Dropbox Polling Location) | 04/27/2026 - 05/10/2026 8:00 AM - 5:00 PM (Dropbox Polling Location)
a0vcs00000HcnfRAAR,PAULDING,"05/19/2026 MAY 19, 2026 - GENERAL PRIMARY ELECTION",BURNT HICKORY PARK,"8650 CARTERSVILLE HWY, DALLAS GA 30132",05/11/2026 - 05/15/2026 8:00 AM - 7:00 PM (Advanced Polling Location)
a0v3d0000000hMkAAI,PEACH,"05/19/2026 MAY 19, 2026 - GENERAL PRIMARY ELECTION",BYRON MUNICIPAL COMPLEX (1),"401 MAIN ST, BYRON GA 31008",05/11/2026 - 05/15/2026 8:00 AM - 5:00 PM (Advanced Polling Location) | 05/09/2026 - 05/09/2026 9:00 AM - 5:00 PM (Advanced Polling Location) | 05/04/2026 - 05/08/2026 8:00 AM - 5:00 PM (Advanced Polling Location) | 05/02/2026 - 05/02/2026 9:00 AM - 5:00 PM (Advanced Polling Location) | 04/27/2026 - 05/01/2026 8:00 AM - 5:00 PM (Advanced Polling Location) | 05/11/2026 - 05/15/2026 8:00 AM - 5:00 PM (Dropbox Polling Location) | 05/09/2026 - 05/09/2026 9:00 AM - 5:00 PM (Dropbox Polling Location) | 05/04/2026 - 05/08/2026 8:00 AM - 5:00 PM (Dropbox Polling Location) | 05/02/2026 - 05/02/2026 9:00 AM - 5:00 PM (Dropbox Polling Location) | 04/27/2026 - 05/01/2026 8:00 AM - 5:00 PM (Dropbox Polling Location)
a0v3d0000000hgFAAQ,CAMDEN,"05/19/2026 MAY 19, 2026 - GENERAL PRIMARY ELECTION",CAMDEN COUNTY ANNEX ADVANCE IN PERSON,"107 N GROSS RD, KINGSLAND GA 31548",05/11/2026 - 05/15/2026 8:00 AM - 6:00 PM (Advanced Polling Location) | 05/09/2026 - 05/09/2026 9:00 AM - 5:00 PM (Advanced Polling Location) | 05/04/2026 - 05/08/2026 8:00 AM - 5:00 PM (Advanced Polling Location) | 05/02/2026 - 05/02/2026 9:00 AM - 5:00 PM (Advanced Polling Location) | 04/27/2026 - 05/01/2026 8:00 AM - 5:00 PM (Advanced Polling Location) | 05/11/2026 - 05/15/2026 8:00 AM - 6:00 PM (Dropbox Polling Location) | 05/09/2026 - 05/09/2026 9:00 AM - 5:00 PM (Dropbox Polling Location) | 05/04/2026 - 05/08/2026 8:00 AM - 5:00 PM (Dropbox Polling Location) | 05/02/2026 - 05/02/2026 9:00 AM - 5:00 PM (Dropbox Polling Location) | 04/27/2026 - 05/01/2026 8:00 AM - 5:00 PM (Dropbox Polling Location)
a0v3d0000000hajAAA,DOUGHERTY,"05/19/2026 MAY 19, 2026 - GENERAL PRIMARY ELECTION",CANDY ROOM,"125 PINE AVE, ALBANY GA 31701",05/07/2026 - 05/07/2026 9:00 AM - 7:00 PM (Advanced Polling Location) | 05/15/2026 - 05/15/2026 9:00 AM - 5:00 PM (Advanced Polling Location) | 05/14/2026 - 05/14/2026 9:00 AM - 7:00 PM (Advanced Polling Location) | 05/11/2026 - 05/13/2026 9:00 AM - 5:00 PM (Advanced Polling Location) | 05/08/2026 - 05/09/2026 9:00 AM - 5:00 PM (Advanced Polling Location) | 05/04/2026 - 05/06/2026 9:00 AM - 5:00 PM (Advanced Polling Location) | 04/27/2026 - 05/02/2026 9:00 AM - 5:00 PM (Advanced Polling Location)
a0v3d0000000htyAAA,BARTOW,"05/19/2026 MAY 19, 2026 - GENERAL PRIMARY ELECTION",CARTERSVILLE CIVIC CENTER,"435 WEST MAIN STREET, CARTERSVILLE GA 30120",05/11/2026 - 05/15/2026 8:00 AM - 6:00 PM (Advanced Polling Location)
a0vcs0000016H8rAAE,COLUMBIA,"05/19/2026 MAY 19, 2026 - GENERAL PRIMARY ELECTION",CCBOE - SUPPORT COMPLEX,"4395 RIVER WATCH PARKWAY, EVANS GA 30809",05/04/2026 - 05/08/2026 8:00 AM - 5:00 PM (Advanced Polling Location) | 05/11/2026 - 05/15/2026 8:00 AM - 5:00 PM (Advanced Polling Location) | 05/02/2026 - 05/02/2026 9:00 AM - 5:00 PM (Advanced Polling Location) | 04/27/2026 - 05/01/2026 8:00 AM - 5:00 PM (Advanced Polling Location) | 05/09/2026 - 05/09/2026 9:00 AM - 5:00 PM (Advanced Polling Location)
a0v3d0000000hZWAAY,POLK,"05/19/2026 MAY 19, 2026 - GENERAL PRIMARY ELECTION",CEDARTOWN EARLY VOTING,"108 PRIOR STREET, CEDARTOWN GA 30125",05/11/2026 - 05/15/2026 9:00 AM - 5:00 PM (Advanced Polling Location) | 05/04/2026 - 05/09/2026 9:00 AM - 5:00 PM (Advanced Polling Location) | 04/27/2026 - 05/02/2026 9:00 AM - 5:00 PM (Advanced Polling Location)
a0v3d0000000hagAAA,HOUSTON,"05/19/2026 MAY 19, 2026 - GENERAL PRIMARY ELECTION",CENTRAL GA TECH HEALTH SCIENCES BLDG,"71 COHEN WALKER DR, WARNER ROBINS GA 31088",05/02/2026 - 05/02/2026 9:00 AM - 5:00 PM (Advanced Polling Location) | 05/11/2026 - 05/15/2026 8:00 AM - 5:00 PM (Advanced Polling Location) | 05/09/2026 - 05/09/2026 9:00 AM - 5:00 PM (Advanced Polling Location) | 05/04/2026 - 05/08/2026 8:00 AM - 5:00 PM (Advanced Polling Location) | 04/27/2026 - 05/01/2026 8:00 AM - 5:00 PM (Advanced Polling Location)
a0v3d0000000hbZAAQ,CHATTOOGA,"05/19/2026 MAY 19, 2026 - GENERAL PRIMARY ELECTION",CHATTOOGA COUNTY REGISTRARS OFFICE,"10017 COMMERCE ST, SUMMERVILLE GA 30747",05/11/2026 - 05/15/2026 8:30 AM - 5:00 PM (Advanced Polling Location) | 05/09/2026 - 05/09/2026 9:00 AM - 5:00 PM (Advanced Polling Location) | 05/04/2026 - 05/08/2026 8:30 AM - 5:00 PM (Advanced Polling Location) | 05/02/2026 - 05/02/2026 9:00 AM - 5:00 PM (Advanced Polling Location) | 04/27/2026 - 05/01/2026 8:30 AM - 5:00 PM (Advanced Polling Location) | 05/11/2026 - 05/15/2026 8:30 AM - 5:00 PM (Dropbox Polling Location) | 05/09/2026 - 05/09/2026 9:00 AM - 5:00 PM (Dropbox Polling Location) | 05/04/2026 - 05/08/2026 8:30 AM - 5:00 PM (Dropbox Polling Location) | 05/02/2026 - 05/02/2026 9:00 AM - 5:00 PM (Dropbox Polling Location) | 04/27/2026 - 05/01/2026 8:30 AM - 5:00 PM (Dropbox Polling Location)
a0v3d0000000hJPAAY,CHEROKEE,"05/19/2026 MAY 19, 2026 - GENERAL PRIMARY ELECTION",CHEROKEE COUNTY BOARD OF ELECTIONS,"193 LAMAR HALEY PKWY, CANTON GA 30114",05/03/2026 - 05/03/2026 1:00 PM - 5:00 PM (Advanced Polling Location) | 05/11/2026 - 05/15/2026 8:30 AM - 7:00 PM (Advanced Polling Location) | 05/04/2026 - 05/09/2026 8:30 AM - 5:00 PM (Advanced Polling Location) | 04/27/2026 - 05/02/2026 8:30 AM - 5:00 PM (Advanced Polling Location)
a0v3d0000000hTBAAY,WALKER,"05/19/2026 MAY 19, 2026 - GENERAL PRIMARY ELECTION",CHICKAMAUGA CIVIC CENTER,"1817 LEE CLARKSON RD, CHICKAMAUGA GA 30707",05/13/2026 - 05/15/2026 9:00 AM - 5:00 PM (Advanced Polling Location) | 05/09/2026 - 05/09/2026 9:00 AM - 5:00 PM (Advanced Polling Location) | 05/11/2026 - 05/11/2026 9:00 AM - 5:00 PM (Advanced Polling Location) | 05/12/2026 - 05/12/2026 8:00 AM - 6:00 PM (Advanced Polling Location)
a0v3d000000rXh5AAE,MUSCOGEE,"05/19/2026 MAY 19, 2026 - GENERAL PRIMARY ELECTION",CITY SERVICE CENTER,"3111 CITIZENS WAY, COLUMBUS GA 31906",05/11/2026 - 05/15/2026 7:00 AM - 7:00 PM (Advanced Polling Location) | 04/27/2026 - 05/10/2026 7:00 AM - 7:00 PM (Advanced Polling Location) | 04/27/2026 - 05/10/2026 7:00 AM - 7:00 PM (Dropbox Polling Location) | 05/11/2026 - 05/15/2026 7:00 AM - 7:00 PM (Dropbox Polling Location)
a0v3d0000001EszAAE,CHATHAM,"05/19/2026 MAY 19, 2026 - GENERAL PRIMARY ELECTION",CIVIC CENTER,"301 OGLETHORPE AVE, SAVANNAH GA 31401",05/11/2026 - 05/15/2026 7:00 AM - 7:00 PM (Advanced Polling Location) | 05/04/2026 - 05/08/2026 9:00 AM - 5:00 PM (Advanced Polling Location) | 04/27/2026 - 05/01/2026 9:00 AM - 5:00 PM (Advanced Polling Location)
a0v3d000000rXhNAAU,UPSON,"05/19/2026 MAY 19, 2026 - GENERAL PRIMARY ELECTION",CIVIC CENTER,"101 CIVIC CENTER DRIVE, THOMASTON GA 30286",05/04/2026 - 05/08/2026 8:30 AM - 5:00 PM (Advanced Polling Location) | 05/11/2026 - 05/15/2026 8:30 AM - 5:00 PM (Advanced Polling Location) | 05/09/2026 - 05/09/2026 9:00 AM - 5:00 PM (Advanced Polling Location) | 05/02/2026 - 05/02/2026 9:00 AM - 5:00 PM (Advanced Polling Location) | 04/27/2026 - 05/01/2026 8:30 AM - 5:00 PM (Advanced Polling Location)
a0v3d0000000hfgAAA,CLAY,"05/19/2026 MAY 19, 2026 - GENERAL PRIMARY ELECTION",CLAY COUNTY COURTHOUSE,"210 S WASHINGTON ST, FORT GAINES GA 39851",05/11/2026 - 05/15/2026 9:00 AM - 5:00 PM (Advanced Polling Location) | 04/27/2026 - 05/10/2026 9:00 AM - 5:00 PM (Advanced Polling Location) | 05/11/2026 - 05/19/2026 8:00 AM - 5:00 PM (Dropbox Polling Location) | 04/27/2026 - 05/10/2026 8:00 AM - 5:00 PM (Dropbox Polling Location)
a0vcs00000CAAGvAAP,GWINNETT,"05/19/2026 MAY 19, 2026 - GENERAL PRIMARY ELECTION",COLLINS HILL LIBRARY,"455 CAMP PERRIN RD, LAWRENCEVILLE GA 30043",05/11/2026 - 05/15/2026 7:00 AM - 7:00 PM (Advanced Polling Location) | 04/27/2026 - 05/10/2026 7:00 AM - 7:00 PM (Advanced Polling Location)
a0v3d000000rXgSAAU,COLUMBIA,"05/19/2026 MAY 19, 2026 - GENERAL PRIMARY ELECTION","COLUMBIA COUNTY BOARD OF ELECTIONS, BUILDING G3","610 RONALD REAGAN DRIVE, G3, EVANS GA 30809",05/11/2026 - 05/15/2026 8:00 AM - 5:00 PM (Advanced Polling Location) | 05/09/2026 - 05/09/2026 9:00 AM - 5:00 PM (Advanced Polling Location) | 05/04/2026 - 05/08/2026 8:00 AM - 5:00 PM (Advanced Polling Location) | 05/02/2026 - 05/02/2026 9:00 AM - 5:00 PM (Advanced Polling Location) | 04/27/2026 - 05/01/2026 8:00 AM - 5:00 PM (Advanced Polling Location) | 05/11/2026 - 05/15/2026 8:00 AM - 5:00 PM (Dropbox Polling Location) | 05/09/2026 - 05/09/2026 9:00 AM - 5:00 PM (Dropbox Polling Location) | 05/04/2026 - 05/08/2026 8:00 AM - 5:00 PM (Dropbox Polling Location) | 05/02/2026 - 05/02/2026 9:00 AM - 5:00 PM (Dropbox Polling Location) | 04/27/2026 - 05/01/2026 8:00 AM - 5:00 PM (Dropbox Polling Location)
a0vcs00000KG1sgAAD,JACKSON,"05/19/2026 MAY 19, 2026 - GENERAL PRIMARY ELECTION",COMMERCE ADMINISTRATIVE COMPLEX,"110 STATE ST, COMMERCE GA 30529",05/11/2026 - 05/15/2026 9:00 AM - 5:00 PM (Advanced Polling Location)
a0v3d000000rXhQAAU,WARREN,"05/19/2026 MAY 19, 2026 - GENERAL PRIMARY ELECTION",COMMUNITY SERVICE BUILDING,"48 Warren Street, Warrenton GA 30828",05/19/2026 - 05/19/2026 9:00 AM - 5:00 PM (Advanced Polling Location) | 05/10/2026 - 05/15/2026 8:00 AM - 5:00 PM (Advanced Polling Location) | 05/09/2026 - 05/09/2026 9:00 AM - 5:00 PM (Advanced Polling Location) | 05/04/2026 - 05/08/2026 8:00 AM - 5:00 PM (Advanced Polling Location) | 05/02/2026 - 05/02/2026 9:00 AM - 5:00 PM (Advanced Polling Location) | 04/27/2026 - 05/01/2026 8:00 AM - 5:00 PM (Advanced Polling Location) | 05/11/2026 - 05/15/2026 8:00 AM - 5:00 PM (Dropbox Polling Location) | 05/09/2026 - 05/09/2026 9:00 AM - 5:00 PM (Dropbox Polling Location) | 05/04/2026 - 05/08/2026 8:00 AM - 5:00 PM (Dropbox Polling Location) | 05/02/2026 - 05/02/2026 9:00 AM - 5:00 PM (Dropbox Polling Location) | 04/27/2026 - 05/01/2026 8:00 AM - 5:00 PM (Dropbox Polling Location)
a0v3d0000000hCQAAY,WHEELER,"05/19/2026 MAY 19, 2026 - GENERAL PRIMARY ELECTION",COMMUNITY SERVICE CENTER,"16 W FOREST AVE, ALAMO GA 30411",05/11/2026 - 05/15/2026 9:00 AM - 5:00 PM (Advanced Polling Location) | 05/04/2026 - 05/09/2026 9:00 AM - 5:00 PM (Advanced Polling Location) | 04/27/2026 - 05/02/2026 9:00 AM - 5:00 PM (Advanced Polling Location) | 05/19/2026 - 05/19/2026 9:00 AM - 5:00 PM (Dropbox Polling Location) | 05/18/2026 - 05/18/2026 9:00 AM - 5:00 PM (Dropbox Polling Location) | 05/11/2026 - 05/15/2026 9:00 AM - 5:00 PM (Dropbox Polling Location) | 05/04/2026 - 05/09/2026 9:00 AM - 5:00 PM (Dropbox Polling Location) | 04/27/2026 - 05/02/2026 9:00 AM - 5:00 PM (Dropbox Polling Location)
a0v3d000000rXgUAAU,COOK,"05/19/2026 MAY 19, 2026 - GENERAL PRIMARY ELECTION",COOK COUNTY ADMINISTRATION BUILDING,"1200 SOUTH HUTCHINSON AVENUE, ADEL GA 31620",04/27/2026 - 05/02/2026 9:00 AM - 5:00 PM (Advanced Polling Location) | 05/04/2026 - 05/09/2026 9:00 AM - 5:00 PM (Advanced Polling Location) | 05/11/2026 - 05/15/2026 9:00 AM - 5:00 PM (Advanced Polling Location)
a0v3d0000000hYnAAI,BERRIEN,"05/19/2026 MAY 19, 2026 - GENERAL PRIMARY ELECTION",COUNTY ADMIN BUILDING,"201 N DAVIS ST, NASHVILLE GA 31639",05/11/2026 - 05/15/2026 8:00 AM - 5:00 PM (Advanced Polling Location) | 05/09/2026 - 05/09/2026 9:00 AM - 5:00 PM (Advanced Polling Location) | 05/04/2026 - 05/08/2026 8:00 AM - 5:00 PM (Advanced Polling Location) | 05/02/2026 - 05/02/2026 9:00 AM - 5:00 PM (Advanced Polling Location) | 04/27/2026 - 05/01/2026 8:00 AM - 5:00 PM (Advanced Polling Location) | 05/11/2026 - 05/15/2026 8:00 AM - 5:00 PM (Dropbox Polling Location) | 05/09/2026 - 05/09/2026 9:00 AM - 5:00 PM (Dropbox Polling Location) | 05/04/2026 - 05/08/2026 8:00 AM - 5:00 PM (Dropbox Polling Location) | 05/02/2026 - 05/02/2026 9:00 AM - 5:00 PM (Dropbox Polling Location) | 04/27/2026 - 05/01/2026 8:00 AM - 5:00 PM (Dropbox Polling Location)
a0v3d0000000hiCAAQ,CARROLL,"05/19/2026 MAY 19, 2026 - GENERAL PRIMARY ELECTION",COUNTY ADMINISTRATION BUILDING,"997 NEWNAN RD, CARROLLTON GA 30116-6476",05/11/2026 - 05/15/2026 8:30 AM - 5:00 PM (Advanced Polling Location) | 05/09/2026 - 05/09/2026 9:00 AM - 5:00 PM (Advanced Polling Location) | 05/04/2026 - 05/08/2026 8:30 AM - 5:00 PM (Advanced Polling Location) | 05/02/2026 - 05/02/2026 9:00 AM - 5:00 PM (Advanced Polling Location) | 04/27/2026 - 05/01/2026 8:30 AM - 5:00 PM (Advanced Polling Location) | 05/11/2026 - 05/15/2026 8:30 AM - 5:00 PM (Dropbox Polling Location) | 05/09/2026 - 05/09/2026 9:00 AM - 5:00 PM (Dropbox Polling Location) | 05/04/2026 - 05/08/2026 8:30 AM - 5:00 PM (Dropbox Polling Location) | 05/02/2026 - 05/02/2026 9:00 AM - 5:00 PM (Dropbox Polling Location) | 04/27/2026 - 05/01/2026 8:30 AM - 5:00 PM (Dropbox Polling Location)
a0v3d0000000haWAAQ,HABERSHAM,"05/19/2026 MAY 19, 2026 - GENERAL PRIMARY ELECTION",COUNTY ELECTIONS & REGISTRATION OFFICE,"403 HABERSHAM COUNTY SHOPPING CENTER DOWN FROM BELK AND PIZZA HUT, CORNELIA GA 30531",05/11/2026 - 05/15/2026 8:00 AM - 7:00 PM (Advanced Polling Location) | 05/09/2026 - 05/09/2026 9:00 AM - 5:00 PM (Advanced Polling Location) | 05/04/2026 - 05/08/2026 8:00 AM - 5:00 PM (Advanced Polling Location) | 05/02/2026 - 05/02/2026 9:00 AM - 5:00 PM (Advanced Polling Location) | 04/27/2026 - 05/01/2026 8:00 AM - 5:00 PM (Advanced Polling Location) | 05/11/2026 - 05/15/2026 8:00 AM - 7:00 PM (Dropbox Polling Location) | 05/09/2026 - 05/09/2026 9:00 AM - 5:00 PM (Dropbox Polling Location) | 05/04/2026 - 05/08/2026 8:00 AM - 5:00 PM (Dropbox Polling Location) | 05/02/2026 - 05/02/2026 9:00 AM - 5:00 PM (Dropbox Polling Location) | 04/27/2026 - 05/01/2026 8:00 AM - 5:00 PM (Dropbox Polling Location)
a0v3d0000000hbnAAA,ECHOLS,"05/19/2026 MAY 19, 2026 - GENERAL PRIMARY ELECTION",COURTHOUSE,"110 HWY 94 E, STATENVILLE GA 31648",05/11/2026 - 05/15/2026 8:00 AM - 5:00 PM (Advanced Polling Location) | 05/09/2026 - 05/09/2026 9:00 AM - 5:00 PM (Advanced Polling Location) | 05/04/2026 - 05/08/2026 8:00 AM - 5:00 PM (Advanced Polling Location) | 05/02/2026 - 05/02/2026 9:00 AM - 5:00 PM (Advanced Polling Location) | 04/27/2026 - 05/01/2026 8:00 AM - 5:00 PM (Advanced Polling Location) | 05/11/2026 - 05/15/2026 8:00 AM - 5:00 PM (Dropbox Polling Location) | 05/09/2026 - 05/09/2026 9:00 AM - 5:00 PM (Dropbox Polling Location) | 05/04/2026 - 05/08/2026 8:00 AM - 5:00 PM (Dropbox Polling Location) | 05/02/2026 - 05/02/2026 9:00 AM - 5:00 PM (Dropbox Polling Location) | 04/27/2026 - 05/01/2026 8:00 AM - 5:00 PM (Dropbox Polling Location)
a0v3d0000000hsBAAQ,WILKES,"05/19/2026 MAY 19, 2026 - GENERAL PRIMARY ELECTION",COURTHOUSE,"23 COURT ST., WASHIGTON GA 30673",05/11/2026 - 05/15/2026 8:00 AM - 5:00 PM (Advanced Polling Location) | 05/09/2026 - 05/09/2026 8:00 AM - 5:00 PM (Advanced Polling Location) | 05/04/2026 - 05/08/2026 8:00 AM - 5:00 PM (Advanced Polling Location) | 05/02/2026 - 05/02/2026 8:00 AM - 5:00 PM (Advanced Polling Location) | 04/27/2026 - 05/01/2026 8:00 AM - 5:00 PM (Advanced Polling Location) | 05/11/2026 - 05/15/2026 8:00 AM - 5:00 PM (Dropbox Polling Location) | 04/27/2026 - 05/10/2026 8:00 AM - 5:00 PM (Dropbox Polling Location)
a0v3d0000000hYlAAI,COLQUITT,"05/19/2026 MAY 19, 2026 - GENERAL PRIMARY ELECTION",COURTHOUSE ANNEX,"101 EAST CENTRAL AVE RM 201, MOULTRIE GA 31768",05/11/2026 - 05/15/2026 8:00 AM - 5:00 PM (Advanced Polling Location) | 05/04/2026 - 05/09/2026 8:00 AM - 5:00 PM (Advanced Polling Location) | 04/27/2026 - 05/02/2026 8:00 AM - 5:00 PM (Advanced Polling Location) | 05/11/2026 - 05/15/2026 8:00 AM - 5:00 PM (Dropbox Polling Location) | 05/04/2026 - 05/09/2026 8:00 AM - 5:00 PM (Dropbox Polling Location) | 04/27/2026 - 05/02/2026 8:00 AM - 5:00 PM (Dropbox Polling Location)
a0vcs00000MTHSDAA5,PIERCE,"05/19/2026 MAY 19, 2026 - GENERAL PRIMARY ELECTION",COURTHOUSE ANNEX,"312 SUITE 2, BLACKSHEAR GA 31516",05/02/2026 - 05/09/2026 8:30 AM - 5:00 PM (Advanced Polling Location) | 05/18/2026 - 05/19/2026 8:30 AM - 5:00 PM (Advanced Polling Location) | 05/11/2026 - 05/15/2026 8:30 AM - 5:00 PM (Advanced Polling Location) | 04/27/2026 - 05/02/2026 8:30 AM - 5:00 PM (Advanced Polling Location) | 05/11/2026 - 05/15/2026 8:00 AM - 4:45 PM (Dropbox Polling Location) | 05/18/2026 - 05/19/2026 8:00 AM - 4:45 PM (Dropbox Polling Location) | 05/04/2026 - 05/09/2026 8:00 AM - 4:45 PM (Dropbox Polling Location) | 04/27/2026 - 05/02/2026 8:00 AM - 4:45 PM (Dropbox Polling Location)
a0v3d000000rXgXAAU,DECATUR,"05/19/2026 MAY 19, 2026 - GENERAL PRIMARY ELECTION",COURTHOUSE ANNEX,"122 W. WATER ST, BAINBRIDGE GA 39817",05/11/2026 - 05/15/2026 9:00 AM - 5:00 PM (Advanced Polling Location) | 05/04/2026 - 05/09/2026 9:00 AM - 5:00 PM (Advanced Polling Location) | 04/27/2026 - 05/02/2026 9:00 AM - 5:00 PM (Advanced Polling Location) | 05/11/2026 - 05/15/2026 9:00 AM - 5:00 PM (Dropbox Polling Location) | 05/04/2026 - 05/09/2026 9:00 AM - 5:00 PM (Dropbox Polling Location) | 04/27/2026 - 05/02/2026 9:00 AM - 5:00 PM (Dropbox Polling Location)
a0v3d000000rXgfAAE,EVANS,"05/19/2026 MAY 19, 2026 - GENERAL PRIMARY ELECTION",COURTHOUSE ANNEX,"201 FREEMAN ST SUITE #8, CLAXTON GA 30417",05/11/2026 - 05/15/2026 8:00 AM - 5:00 PM (Advanced Polling Location) | 05/09/2026 - 05/09/2026 9:00 AM - 5:00 PM (Advanced Polling Location) | 05/04/2026 - 05/08/2026 8:00 AM - 5:00 PM (Advanced Polling Location) | 05/02/2026 - 05/02/2026 9:00 AM - 5:00 PM (Advanced Polling Location) | 04/27/2026 - 05/01/2026 8:00 AM - 5:00 PM (Advanced Polling Location) | 05/11/2026 - 05/15/2026 8:00 AM - 5:00 PM (Dropbox Polling Location) | 05/02/2026 - 05/02/2026 9:00 AM - 5:00 PM (Dropbox Polling Location) | 05/09/2026 - 05/09/2026 9:00 AM - 5:00 PM (Dropbox Polling Location) | 05/04/2026 - 05/08/2026 8:00 AM - 5:00 PM (Dropbox Polling Location) | 04/27/2026 - 05/01/2026 8:00 AM - 5:00 PM (Dropbox Polling Location)
a0v3d0000000hw9AAA,RANDOLPH,"05/19/2026 MAY 19, 2026 - GENERAL PRIMARY ELECTION",COURTHOUSE-GOVT CENTER,"93 FRONT ST, CUTHBERT GA 39840",04/27/2026 - 05/02/2026 8:00 AM - 5:00 PM (Advanced Polling Location) | 05/11/2026 - 05/15/2026 8:00 AM - 5:00 PM (Advanced Polling Location) | 05/04/2026 - 05/09/2026 8:00 AM - 5:00 PM (Advanced Polling Location) | 05/11/2026 - 05/15/2026 8:00 AM - 5:00 PM (Dropbox Polling Location) | 05/04/2026 - 05/09/2026 8:00 AM - 5:00 PM (Dropbox Polling Location) | 04/27/2026 - 05/02/2026 8:00 AM - 5:00 PM (Dropbox Polling Location)
a0vcs00000HckeLAAR,PAULDING,"05/19/2026 MAY 19, 2026 - GENERAL PRIMARY ELECTION",CROSSROADS LIBRARY,"909 HARMONY GROVE CHURCH RD, ACWORTH GA 30101",05/11/2026 - 05/15/2026 8:00 AM - 7:00 PM (Advanced Polling Location)
a0v3d0000000h8TAAQ,GWINNETT,"05/19/2026 MAY 19, 2026 - GENERAL PRIMARY ELECTION",DACULA PARK ACTIVITY BUILDING,"2735 AUBURN AVE, DACULA GA 30019",04/27/2026 - 05/10/2026 7:00 AM - 7:00 PM (Advanced Polling Location) | 05/11/2026 - 05/15/2026 7:00 AM - 7:00 PM (Advanced Polling Location)
a0v3d0000000huBAAQ,DAWSON,"05/19/2026 MAY 19, 2026 - GENERAL PRIMARY ELECTION",DAWSON CO ELECT & REG OFFICE,"96 ACADEMY AVENUE, DAWSONVILLE GA 30534",05/09/2026 - 05/09/2026 9:00 AM - 5:00 PM (Advanced Polling Location) | 05/11/2026 - 05/15/2026 8:00 AM - 5:00 PM (Advanced Polling Location) | 05/04/2026 - 05/08/2026 8:00 AM - 5:00 PM (Advanced Polling Location) | 05/02/2026 - 05/02/2026 9:00 AM - 5:00 PM (Advanced Polling Location) | 04/27/2026 - 05/01/2026 8:00 AM - 5:00 PM (Advanced Polling Location) | 05/19/2026 - 05/19/2026 7:00 AM - 7:00 PM (Dropbox Polling Location) | 05/11/2026 - 05/15/2026 8:00 AM - 5:00 PM (Dropbox Polling Location) | 05/09/2026 - 05/09/2026 9:00 AM - 5:00 PM (Dropbox Polling Location) | 05/04/2026 - 05/08/2026 8:00 AM - 5:00 PM (Dropbox Polling Location) | 05/02/2026 - 05/02/2026 9:00 AM - 5:00 PM (Dropbox Polling Location) | 04/27/2026 - 05/01/2026 8:00 AM - 5:00 PM (Dropbox Polling Location)
a0v3d0000000hcCAAQ,MCDUFFIE,"05/19/2026 MAY 19, 2026 - GENERAL PRIMARY ELECTION",DEARING COMMUNITY CENTER,"4614 AUGUSTA HWY, DEARING GA 30808",05/11/2026 - 05/15/2026 9:00 AM - 5:00 PM (Advanced Polling Location) | 05/04/2026 - 05/09/2026 9:00 AM - 5:00 PM (Advanced Polling Location) | 04/27/2026 - 05/02/2026 8:30 AM - 6:00 PM (Advanced Polling Location)
a0v3d0000000hQsAAI,DOUGLAS,"05/19/2026 MAY 19, 2026 - GENERAL PRIMARY ELECTION",DEER LICK PARK,"2105 MACK RD, DOUGLASVILLE GA 30135",05/11/2026 - 05/15/2026 8:30 AM - 6:00 PM (Advanced Polling Location) | 05/09/2026 - 05/09/2026 9:00 AM - 5:00 PM (Advanced Polling Location) | 05/04/2026 - 05/08/2026 8:30 AM - 6:00 PM (Advanced Polling Location) | 05/02/2026 - 05/02/2026 9:00 AM - 5:00 PM (Advanced Polling Location) | 04/27/2026 - 05/01/2026 8:30 AM - 6:00 PM (Advanced Polling Location)
a0vcs00000HcesIAAR,PAULDING,"05/19/2026 MAY 19, 2026 - GENERAL PRIMARY ELECTION",DIANNE WRIGHT INNOVATION CENTER,"140 BETHEL CHURCH RD, HIRAM GA 30141",05/11/2026 - 05/15/2026 8:00 AM - 7:00 PM (Advanced Polling Location)
a0v3d0000000hgVAAQ,DODGE,"05/19/2026 MAY 19, 2026 - GENERAL PRIMARY ELECTION",DODGE COUNTY ELECTIONS OFFICE,"5016 COURTHOUSE CIRCLE, SUITE B, EASTMAN GA 31023",05/11/2026 - 05/15/2026 9:00 AM - 5:00 PM (Advanced Polling Location) | 05/04/2026 - 05/09/2026 9:00 AM - 5:00 PM (Advanced Polling Location) | 04/27/2026 - 05/02/2026 9:00 AM - 5:00 PM (Advanced Polling Location) | 05/11/2026 - 05/15/2026 9:00 AM - 5:00 PM (Dropbox Polling Location) | 05/04/2026 - 05/09/2026 9:00 AM - 5:00 PM (Dropbox Polling Location) | 04/27/2026 - 05/02/2026 9:00 AM - 5:00 PM (Dropbox Polling Location)
a0v3d0000000hQmAAI,DOUGLAS,"05/19/2026 MAY 19, 2026 - GENERAL PRIMARY ELECTION",DOG RIVER LIBRARY,"6100 GA. HIGHWAY 5, DOUGLASVILLE GA 30135",05/11/2026 - 05/15/2026 8:30 AM - 6:00 PM (Advanced Polling Location) | 05/09/2026 - 05/09/2026 9:00 AM - 5:00 PM (Advanced Polling Location) | 05/04/2026 - 05/08/2026 8:30 AM - 6:00 PM (Advanced Polling Location) | 05/02/2026 - 05/02/2026 9:00 AM - 5:00 PM (Advanced Polling Location) | 04/27/2026 - 05/01/2026 8:30 AM - 6:00 PM (Advanced Polling Location)
a0v3d000000rXgaAAE,DOUGLAS,"05/19/2026 MAY 19, 2026 - GENERAL PRIMARY ELECTION",DOUGLAS COUNTY COURTHOUSE,"8700 HOSPITAL DR, DOUGLASVILLE GA 30134",05/04/2026 - 05/08/2026 8:30 AM - 6:00 PM (Advanced Polling Location) | 05/02/2026 - 05/02/2026 9:00 AM - 5:00 PM (Advanced Polling Location) | 04/27/2026 - 05/01/2026 8:30 AM - 6:00 PM (Advanced Polling Location) | 05/11/2026 - 05/15/2026 8:30 AM - 6:00 PM (Advanced Polling Location) | 05/09/2026 - 05/09/2026 9:00 AM - 5:00 PM (Advanced Polling Location) | 04/27/2026 - 05/01/2026 8:30 AM - 6:00 PM (Dropbox Polling Location) | 05/04/2026 - 05/08/2026 8:30 AM - 6:00 PM (Dropbox Polling Location) | 05/09/2026 - 05/09/2026 9:00 AM - 5:00 PM (Dropbox Polling Location) | 05/02/2026 - 05/02/2026 8:30 AM - 5:00 PM (Dropbox Polling Location) | 05/11/2026 - 05/15/2026 8:30 AM - 6:00 PM (Dropbox Polling Location)
a0v3d000000rXgbAAE,EARLY,"05/19/2026 MAY 19, 2026 - GENERAL PRIMARY ELECTION",EARLY COUNTY BOARD OF ELECTIONS,"17 MCDONALD AVE, BLAKELY GA 39823",05/11/2026 - 05/15/2026 9:00 AM - 5:00 PM (Advanced Polling Location) | 05/04/2026 - 05/09/2026 9:00 AM - 5:00 PM (Advanced Polling Location) | 04/27/2026 - 05/02/2026 9:00 AM - 5:00 PM (Advanced Polling Location) | 05/11/2026 - 05/15/2026 9:00 AM - 5:00 PM (Dropbox Polling Location) | 05/04/2026 - 05/09/2026 9:00 AM - 5:00 PM (Dropbox Polling Location) | 04/27/2026 - 05/02/2026 9:00 AM - 5:00 PM (Dropbox Polling Location)
a0v3d0000000hmZAAQ,HALL,"05/19/2026 MAY 19, 2026 - GENERAL PRIMARY ELECTION",EAST HALL COMMUNITY BUILDING,"3911 P DAVISON ROAD, GAINESVILLE GA 30507",05/11/2026 - 05/11/2026 8:00 AM - 7:00 PM (Advanced Polling Location) | 05/09/2026 - 05/09/2026 9:00 AM - 5:00 PM (Advanced Polling Location) | 05/04/2026 - 05/08/2026 8:00 AM - 6:00 PM (Advanced Polling Location) | 05/02/2026 - 05/02/2026 9:00 AM - 5:00 PM (Advanced Polling Location) | 04/27/2026 - 05/01/2026 8:00 AM - 6:00 PM (Advanced Polling Location)
a0v3d0000000hddAAA,COWETA,"05/19/2026 MAY 19, 2026 - GENERAL PRIMARY ELECTION",EAST SIDE ADV. VOTING SITE AT CENTRAL COMPLEX,"65 LITERARY LANE, NEWNAN GA 30265",05/11/2026 - 05/15/2026 9:00 AM - 5:00 PM (Advanced Polling Location) | 05/09/2026 - 05/09/2026 9:00 AM - 5:00 PM (Advanced Polling Location) | 05/04/2026 - 05/08/2026 9:00 AM - 5:00 PM (Advanced Polling Location) | 05/02/2026 - 05/02/2026 9:00 AM - 5:00 PM (Advanced Polling Location) | 04/27/2026 - 05/01/2026 9:00 AM - 5:00 PM (Advanced Polling Location)
a0v3d0000000hapAAA,EFFINGHAM,"05/19/2026 MAY 19, 2026 - GENERAL PRIMARY ELECTION",EFFINGHAM CO. BOARD OF ELECTIONS AND REGISTRATION,"284 GA HIGHWAY 119 S., SPRINGFIELD GA 31329",05/11/2026 - 05/15/2026 9:00 AM - 5:00 PM (Advanced Polling Location) | 05/04/2026 - 05/09/2026 9:00 AM - 5:00 PM (Advanced Polling Location) | 04/27/2026 - 05/02/2026 9:00 AM - 5:00 PM (Advanced Polling Location) | 05/11/2026 - 05/15/2026 9:00 AM - 5:00 PM (Dropbox Polling Location)
a0v3d0000000hqqAAA,ELBERT,"05/19/2026 MAY 19, 2026 - GENERAL PRIMARY ELECTION",ELBERT COUNTY ROCK GYM,"45 FOREST AVENUE, ELBERTON GA 30635",05/11/2026 - 05/15/2026 9:00 AM - 5:00 PM (Advanced Polling Location) | 04/27/2026 - 05/10/2026 9:00 AM - 5:00 PM (Advanced Polling Location)
a0v3d000003cpYrAAI,WAYNE,"05/19/2026 MAY 19, 2026 - GENERAL PRIMARY ELECTION",ELECTION AND REGISTRATION BUILDING,"306 EAST PINE STREET, JESUP GA 31546",05/11/2026 - 05/15/2026 9:00 AM - 7:00 PM (Advanced Polling Location) | 05/04/2026 - 05/09/2026 9:00 AM - 5:00 PM (Advanced Polling Location) | 04/27/2026 - 05/02/2026 9:00 AM - 5:00 PM (Advanced Polling Location) | 05/11/2026 - 05/19/2026 9:00 AM - 7:00 PM (Dropbox Polling Location) | 04/27/2026 - 05/10/2026 9:00 AM - 7:00 PM (Dropbox Polling Location)
a0v3d0000000hZ6AAI,MERIWETHER,"05/19/2026 MAY 19, 2026 - GENERAL PRIMARY ELECTION",ELECTION HQ,"756 WOODBURY HWY SUITE B, GREENVILLE GA 30222",05/11/2026 - 05/15/2026 8:30 AM - 5:00 PM (Advanced Polling Location) | 05/09/2026 - 05/09/2026 9:00 AM - 5:00 PM (Advanced Polling Location) | 05/04/2026 - 05/08/2026 8:30 AM - 5:00 PM (Advanced Polling Location) | 05/02/2026 - 05/02/2026 9:00 AM - 5:00 PM (Advanced Polling Location) | 04/27/2026 - 05/01/2026 8:30 AM - 5:00 PM (Advanced Polling Location) | 05/09/2026 - 05/09/2026 9:00 AM - 5:00 PM (Dropbox Polling Location) | 05/04/2026 - 05/08/2026 8:30 AM - 5:00 PM (Dropbox Polling Location) | 05/02/2026 - 05/02/2026 9:00 AM - 5:00 PM (Dropbox Polling Location) | 05/11/2026 - 05/15/2026 8:30 AM - 5:00 PM (Dropbox Polling Location) | 04/27/2026 - 05/01/2026 8:30 AM - 5:00 PM (Dropbox Polling Location)
a0v3d0000000hatAAA,FANNIN,"05/19/2026 MAY 19, 2026 - GENERAL PRIMARY ELECTION",ELECTION OFFICE,"400 WEST MAIN ST SUITE 301, BLUE RIDGE GA 30513",04/27/2026 - 05/02/2026 9:00 AM - 5:00 PM (Advanced Polling Location) | 05/11/2026 - 05/15/2026 9:00 AM - 5:00 PM (Advanced Polling Location) | 05/04/2026 - 05/09/2026 9:00 AM - 5:00 PM (Advanced Polling Location) | 05/11/2026 - 05/15/2026 9:00 AM - 5:00 PM (Dropbox Polling Location) | 05/04/2026 - 05/09/2026 9:00 AM - 5:00 PM (Dropbox Polling Location) | 04/27/2026 - 05/02/2026 9:00 AM - 5:00 PM (Dropbox Polling Location)
a0v3d000000rXhJAAU,TATTNALL,"05/19/2026 MAY 19, 2026 - GENERAL PRIMARY ELECTION",ELECTION OFFICE,"114 W BRAZELL ST, REIDSVILLE GA 30453",05/02/2026 - 05/02/2026 9:00 AM - 5:00 PM (Advanced Polling Location) | 05/11/2026 - 05/15/2026 8:00 AM - 5:00 PM (Advanced Polling Location) | 05/09/2026 - 05/09/2026 9:00 AM - 5:00 PM (Advanced Polling Location) | 05/04/2026 - 05/08/2026 8:00 AM - 5:00 PM (Advanced Polling Location) | 04/27/2026 - 05/01/2026 8:00 AM - 5:00 PM (Advanced Polling Location) | 05/11/2026 - 05/15/2026 8:00 AM - 5:00 PM (Dropbox Polling Location) | 05/09/2026 - 05/09/2026 9:00 AM - 5:00 PM (Dropbox Polling Location) | 05/04/2026 - 05/08/2026 8:00 AM - 5:00 PM (Dropbox Polling Location) | 05/02/2026 - 05/02/2026 9:00 AM - 5:00 PM (Dropbox Polling Location) | 04/27/2026 - 05/01/2026 8:00 AM - 5:00 PM (Dropbox Polling Location)
a0v3d000000rXgDAAU,BANKS,"05/19/2026 MAY 19, 2026 - GENERAL PRIMARY ELECTION",ELECTIONS & REGISTRATION OFFICE,"226 CANDLER STREET, HOMER GA 30547",05/02/2026 - 05/02/2026 9:00 AM - 5:00 PM (Advanced Polling Location) | 05/11/2026 - 05/15/2026 8:00 AM - 5:00 PM (Advanced Polling Location) | 05/09/2026 - 05/09/2026 9:00 AM - 5:00 PM (Advanced Polling Location) | 05/04/2026 - 05/08/2026 8:00 AM - 5:00 PM (Advanced Polling Location) | 04/27/2026 - 05/01/2026 8:00 AM - 5:00 PM (Advanced Polling Location) | 05/11/2026 - 05/15/2026 8:00 AM - 5:00 PM (Dropbox Polling Location) | 05/09/2026 - 05/09/2026 9:00 AM - 5:00 PM (Dropbox Polling Location) | 05/04/2026 - 05/08/2026 8:00 AM - 5:00 PM (Dropbox Polling Location) | 05/02/2026 - 05/02/2026 9:00 AM - 5:00 PM (Dropbox Polling Location) | 04/27/2026 - 05/01/2026 8:00 AM - 5:00 PM (Dropbox Polling Location)
a0v3d0000000hadAAA,FORSYTH,"05/19/2026 MAY 19, 2026 - GENERAL PRIMARY ELECTION",ELECTIONS AND VOTER REGISTRATION OFFICE,"1201 SAWNEE DRIVE, CUMMING GA 30040",05/11/2026 - 05/15/2026 8:00 AM - 6:00 PM (Advanced Polling Location) | 05/09/2026 - 05/09/2026 8:00 AM - 5:00 PM (Advanced Polling Location) | 05/04/2026 - 05/08/2026 8:00 AM - 6:00 PM (Advanced Polling Location) | 05/02/2026 - 05/03/2026 8:00 AM - 5:00 PM (Advanced Polling Location) | 04/27/2026 - 05/01/2026 8:00 AM - 6:00 PM (Advanced Polling Location) | 05/11/2026 - 05/15/2026 8:00 AM - 6:00 PM (Dropbox Polling Location) | 05/09/2026 - 05/09/2026 8:00 AM - 5:00 PM (Dropbox Polling Location) | 05/04/2026 - 05/08/2026 8:00 AM - 6:00 PM (Dropbox Polling Location) | 05/02/2026 - 05/03/2026 8:00 AM - 5:00 PM (Dropbox Polling Location) | 04/27/2026 - 05/01/2026 8:00 AM - 6:00 PM (Dropbox Polling Location)
a0v3d000000rXghAAE,GILMER,"05/19/2026 MAY 19, 2026 - GENERAL PRIMARY ELECTION",ELECTIONS AND VOTER REGISTRATION OFFICE,"1 BROAD ST, STE 107, ELLIJAY GA 30540",05/11/2026 - 05/15/2026 8:30 AM - 5:00 PM (Advanced Polling Location) | 05/04/2026 - 05/09/2026 8:30 AM - 5:00 PM (Advanced Polling Location) | 04/27/2026 - 05/02/2026 8:30 AM - 5:00 PM (Advanced Polling Location) | 05/11/2026 - 05/15/2026 8:30 AM - 5:00 PM (Dropbox Polling Location) | 05/04/2026 - 05/09/2026 8:30 AM - 5:00 PM (Dropbox Polling Location) | 04/27/2026 - 05/02/2026 8:30 AM - 5:00 PM (Dropbox Polling Location)
a0v3d0000000huGAAQ,JENKINS,"05/19/2026 MAY 19, 2026 - GENERAL PRIMARY ELECTION",ELECTIONS OFFICE,"833 E WINTHROPE AVE, MILLEN GA 30442",05/11/2026 - 05/15/2026 9:00 AM - 5:00 PM (Advanced Polling Location) | 05/09/2026 - 05/09/2026 9:00 AM - 5:00 PM (Advanced Polling Location) | 05/04/2026 - 05/08/2026 9:00 AM - 5:00 PM (Advanced Polling Location) | 05/02/2026 - 05/02/2026 9:00 AM - 5:00 PM (Advanced Polling Location) | 04/27/2026 - 05/01/2026 9:00 AM - 5:00 PM (Advanced Polling Location) | 05/11/2026 - 05/15/2026 9:00 AM - 5:00 PM (Dropbox Polling Location) | 05/09/2026 - 05/09/2026 9:00 AM - 5:00 PM (Dropbox Polling Location) | 05/04/2026 - 05/08/2026 9:00 AM - 5:00 PM (Dropbox Polling Location) | 05/02/2026 - 05/02/2026 9:00 AM - 5:00 PM (Dropbox Polling Location) | 04/27/2026 - 05/01/2026 9:00 AM - 5:00 PM (Dropbox Polling Location)
a0v3d0000000hZ2AAI,CHARLTON,"05/19/2026 MAY 19, 2026 - GENERAL PRIMARY ELECTION",ELECTIONS OFFICE,"1520 THIRD STREET, FOLKSTON GA 31537",05/11/2026 - 05/15/2026 8:30 AM - 5:00 PM (Advanced Polling Location) | 05/04/2026 - 05/09/2026 8:30 AM - 5:00 PM (Advanced Polling Location) | 04/27/2026 - 05/01/2026 8:30 AM - 5:00 PM (Advanced Polling Location) | 05/11/2026 - 05/15/2026 8:30 AM - 5:00 PM (Dropbox Polling Location) | 05/04/2026 - 05/09/2026 8:30 AM - 5:00 PM (Dropbox Polling Location) | 04/27/2026 - 05/01/2026 8:30 AM - 5:00 PM (Dropbox Polling Location)
a0v3d000001qKDYAA2,CLARKE,"05/19/2026 MAY 19, 2026 - GENERAL PRIMARY ELECTION",ELECTIONS OFFICE,"155 E. WASHINGTON STREET, ATHENS GA 30601",05/15/2026 - 05/15/2026 8:00 AM - 5:00 PM (Advanced Polling Location) | 05/11/2026 - 05/14/2026 8:00 AM - 7:00 PM (Advanced Polling Location) | 05/09/2026 - 05/09/2026 9:00 AM - 5:00 PM (Advanced Polling Location) | 05/04/2026 - 05/08/2026 8:00 AM - 5:00 PM (Advanced Polling Location) | 05/03/2026 - 05/03/2026 1:00 PM - 3:00 PM (Advanced Polling Location) | 05/02/2026 - 05/02/2026 9:00 AM - 5:00 PM (Advanced Polling Location) | 04/27/2026 - 05/01/2026 8:00 AM - 5:00 PM (Advanced Polling Location) | 05/15/2026 - 05/15/2026 8:00 AM - 5:00 PM (Dropbox Polling Location) | 05/11/2026 - 05/14/2026 8:00 AM - 7:00 PM (Dropbox Polling Location) | 05/09/2026 - 05/09/2026 9:00 AM - 5:00 PM (Dropbox Polling Location) | 05/04/2026 - 05/08/2026 8:00 AM - 5:00 PM (Dropbox Polling Location) | 05/03/2026 - 05/03/2026 1:00 PM - 3:00 PM (Dropbox Polling Location) | 05/02/2026 - 05/02/2026 9:00 AM - 5:00 PM (Dropbox Polling Location) | 04/27/2026 - 05/01/2026 8:00 AM - 5:00 PM (Dropbox Polling Location)
a0v3d000000rXh6AAE,OCONEE,"05/19/2026 MAY 19, 2026 - GENERAL PRIMARY ELECTION",ELECTIONS OFFICE,"7635 MACON HWY, WATKINSVILLE GA 30677",05/11/2026 - 05/15/2026 8:00 AM - 5:00 PM (Advanced Polling Location) | 05/09/2026 - 05/09/2026 9:00 AM - 5:00 PM (Advanced Polling Location) | 05/04/2026 - 05/08/2026 8:00 AM - 5:00 PM (Advanced Polling Location) | 05/02/2026 - 05/02/2026 9:00 AM - 5:00 PM (Advanced Polling Location) | 04/27/2026 - 05/01/2026 8:00 AM - 5:00 PM (Advanced Polling Location) | 05/11/2026 - 05/15/2026 8:00 AM - 5:00 PM (Dropbox Polling Location) | 05/09/2026 - 05/09/2026 9:00 AM - 5:00 PM (Dropbox Polling Location) | 05/04/2026 - 05/08/2026 8:00 AM - 5:00 PM (Dropbox Polling Location) | 05/02/2026 - 05/02/2026 9:00 AM - 5:00 PM (Dropbox Polling Location) | 04/27/2026 - 05/01/2026 8:00 AM - 5:00 PM (Dropbox Polling Location)
a0v3d0000000hZcAAI,LEE,"05/19/2026 MAY 19, 2026 - GENERAL PRIMARY ELECTION",ELECTIONS OFFICE,"100 STARKSVILLE AVE NORTH, LEESBURG GA 31763",05/11/2026 - 05/15/2026 8:15 AM - 5:00 PM (Advanced Polling Location) | 05/09/2026 - 05/09/2026 9:00 AM - 5:00 PM (Advanced Polling Location) | 05/04/2026 - 05/08/2026 8:15 AM - 5:00 PM (Advanced Polling Location) | 05/02/2026 - 05/02/2026 9:00 AM - 5:00 PM (Advanced Polling Location) | 04/27/2026 - 05/01/2026 8:15 AM - 5:00 PM (Advanced Polling Location) | 05/11/2026 - 05/15/2026 8:15 AM - 5:00 PM (Dropbox Polling Location) | 04/27/2026 - 05/01/2026 8:15 AM - 5:00 PM (Dropbox Polling Location) | 05/02/2026 - 05/02/2026 9:00 AM - 5:00 PM (Dropbox Polling Location) | 05/04/2026 - 05/08/2026 8:15 AM - 5:00 PM (Dropbox Polling Location) | 05/09/2026 - 05/09/2026 9:00 AM - 5:00 PM (Dropbox Polling Location)
a0v3d0000000hZqAAI,MORGAN,"05/19/2026 MAY 19, 2026 - GENERAL PRIMARY ELECTION",ELECTIONS OFFICE,"237 NORTH 2ND ST, MADISON GA 30650",05/04/2026 - 05/09/2026 9:00 AM - 5:00 PM (Advanced Polling Location) | 04/27/2026 - 05/02/2026 9:00 AM - 5:00 PM (Advanced Polling Location) | 05/11/2026 - 05/15/2026 9:00 AM - 5:00 PM (Advanced Polling Location) | 04/27/2026 - 05/02/2026 9:00 AM - 5:00 PM (Dropbox Polling Location) | 05/11/2026 - 05/15/2026 9:00 AM - 5:00 PM (Dropbox Polling Location) | 05/04/2026 - 05/09/2026 9:00 AM - 5:00 PM (Dropbox Polling Location)
a0v3d0000000hnYAAQ,JONES,"05/19/2026 MAY 19, 2026 - GENERAL PRIMARY ELECTION",ELECTIONS OFFICE,"166 INDUSTRIAL BLVD., GRAY GA 31032",04/27/2026 - 05/02/2026 9:00 AM - 5:00 PM (Advanced Polling Location) | 05/11/2026 - 05/15/2026 9:00 AM - 5:00 PM (Advanced Polling Location) | 05/03/2026 - 05/09/2026 9:00 AM - 5:00 PM (Advanced Polling Location) | 05/11/2026 - 05/15/2026 9:00 AM - 5:00 PM (Dropbox Polling Location) | 05/04/2026 - 05/09/2026 9:00 AM - 5:00 PM (Dropbox Polling Location) | 04/27/2026 - 05/02/2026 9:00 AM - 5:00 PM (Dropbox Polling Location)
a0v3d0000000hncAAA,THOMAS,"05/19/2026 MAY 19, 2026 - GENERAL PRIMARY ELECTION",ELECTIONS OFFICE,"1402 E JACKSON ST, THOMASVILLE GA 31792",05/11/2026 - 05/15/2026 8:00 AM - 5:00 PM (Advanced Polling Location) | 05/09/2026 - 05/09/2026 9:00 AM - 4:00 PM (Advanced Polling Location) | 05/04/2026 - 05/08/2026 8:00 AM - 5:00 PM (Advanced Polling Location) | 05/02/2026 - 05/02/2026 9:00 AM - 4:00 PM (Advanced Polling Location) | 04/27/2026 - 05/01/2026 8:00 AM - 5:00 PM (Advanced Polling Location) | 05/11/2026 - 05/15/2026 8:00 AM - 5:00 PM (Dropbox Polling Location) | 05/09/2026 - 05/09/2026 9:00 AM - 4:00 PM (Dropbox Polling Location) | 05/04/2026 - 05/08/2026 8:00 AM - 5:00 PM (Dropbox Polling Location) | 05/02/2026 - 05/02/2026 9:00 AM - 4:00 PM (Dropbox Polling Location) | 04/27/2026 - 05/01/2026 8:00 AM - 5:00 PM (Dropbox Polling Location)
a0v3d0000000hbkAAA,HENRY,"05/19/2026 MAY 19, 2026 - GENERAL PRIMARY ELECTION",FAIRVIEW RECREATION CENTER-AV,"35 AUSTIN RD, STOCKBRIDGE GA 30281",05/11/2026 - 05/15/2026 7:00 AM - 7:00 PM (Advanced Polling Location) | 05/09/2026 - 05/09/2026 9:00 AM - 5:00 PM (Advanced Polling Location) | 05/04/2026 - 05/08/2026 7:00 AM - 7:00 PM (Advanced Polling Location) | 05/03/2026 - 05/03/2026 1:00 PM - 5:00 PM (Advanced Polling Location) | 05/02/2026 - 05/02/2026 9:00 AM - 5:00 PM (Advanced Polling Location) | 04/27/2026 - 05/01/2026 7:00 AM - 7:00 PM (Advanced Polling Location)
a0v3d0000000hZSAAY,FAYETTE,"05/19/2026 MAY 19, 2026 - GENERAL PRIMARY ELECTION",FAYETTE COUNTY ELECTIONS OFFICE,"175 JOHNSON AVE. STE B, FAYETTEVILLE GA 30214",05/11/2026 - 05/15/2026 9:00 AM - 5:00 PM (Advanced Polling Location) | 05/04/2026 - 05/09/2026 9:00 AM - 5:00 PM (Advanced Polling Location) | 05/03/2026 - 05/03/2026 12:00 PM - 4:00 PM (Advanced Polling Location) | 04/27/2026 - 05/02/2026 9:00 AM - 5:00 PM (Advanced Polling Location) | 05/11/2026 - 05/15/2026 9:00 AM - 5:00 PM (Dropbox Polling Location) | 05/04/2026 - 05/09/2026 9:00 AM - 5:00 PM (Dropbox Polling Location) | 05/03/2026 - 05/03/2026 12:00 PM - 4:00 PM (Dropbox Polling Location) | 04/27/2026 - 05/02/2026 9:00 AM - 5:00 PM (Dropbox Polling Location)
a0v3d0000000hrSAAQ,FAYETTE,"05/19/2026 MAY 19, 2026 - GENERAL PRIMARY ELECTION",FAYETTE COUNTY PUBLIC LIBRARY,"1821 HERITAGE PARK WAY, FAYETTEVILLE GA 30214",05/11/2026 - 05/15/2026 9:00 AM - 5:00 PM (Advanced Polling Location) | 05/04/2026 - 05/09/2026 9:00 AM - 5:00 PM (Advanced Polling Location) | 04/27/2026 - 05/02/2026 9:00 AM - 5:00 PM (Advanced Polling Location)
a0v3d000001xkyQAAQ,WALTON,"05/19/2026 MAY 19, 2026 - GENERAL PRIMARY ELECTION",FELKER PARK COMMUNITY ROOM,"725 S MADISON AVE, MONROE GA 30655",05/11/2026 - 05/15/2026 8:00 AM - 5:00 PM (Advanced Polling Location) | 05/09/2026 - 05/09/2026 9:00 AM - 5:00 PM (Advanced Polling Location) | 05/04/2026 - 05/08/2026 8:00 AM - 5:00 PM (Advanced Polling Location) | 05/02/2026 - 05/02/2026 9:00 AM - 5:00 PM (Advanced Polling Location) | 04/27/2026 - 05/01/2026 8:00 AM - 5:00 PM (Advanced Polling Location)
a0vcs00000CABOHAA5,GWINNETT,"05/19/2026 MAY 19, 2026 - GENERAL PRIMARY ELECTION",FIVE FORKS LIBRARY,"2780 FIVE FORKS TRICKUM ROAD, LAWRENCEVILLE GA 30044",05/11/2026 - 05/15/2026 7:00 AM - 7:00 PM (Advanced Polling Location) | 04/27/2026 - 05/10/2026 7:00 AM - 7:00 PM (Advanced Polling Location)
a0v3d0000000hZzAAI,FLOYD,"05/19/2026 MAY 19, 2026 - GENERAL PRIMARY ELECTION",FLOYD COUNTY ELECTION CENTER,"18 EAST 12TH STREET, ROME GA 30161",05/10/2026 - 05/10/2026 1:00 PM - 5:00 PM (Advanced Polling Location) | 05/09/2026 - 05/09/2026 9:00 AM - 5:00 PM (Advanced Polling Location) | 05/04/2026 - 05/08/2026 8:00 AM - 5:00 PM (Advanced Polling Location) | 05/02/2026 - 05/02/2026 9:00 AM - 5:00 PM (Advanced Polling Location) | 04/27/2026 - 05/01/2026 8:00 AM - 5:00 PM (Advanced Polling Location) | 05/11/2026 - 05/15/2026 8:00 AM - 5:00 PM (Advanced Polling Location) | 05/04/2026 - 05/08/2026 8:00 AM - 5:00 PM (Dropbox Polling Location) | 05/11/2026 - 05/15/2026 8:00 AM - 5:00 PM (Dropbox Polling Location) | 05/10/2026 - 05/10/2026 1:00 PM - 5:00 PM (Dropbox Polling Location) | 05/09/2026 - 05/09/2026 9:00 AM - 5:00 PM (Dropbox Polling Location) | 05/02/2026 - 05/02/2026 9:00 AM - 5:00 PM (Dropbox Polling Location) | 04/27/2026 - 05/01/2026 8:00 AM - 5:00 PM (Dropbox Polling Location)
a0v3d0000000hO9AAI,HENRY,"05/19/2026 MAY 19, 2026 - GENERAL PRIMARY ELECTION",FORTSON LIBRARY-AV,"61 MCDONOUGH ST, HAMPTON GA 30228",05/11/2026 - 05/15/2026 7:00 AM - 7:00 PM (Advanced Polling Location) | 05/04/2026 - 05/08/2026 7:00 AM - 7:00 PM (Advanced Polling Location) | 05/03/2026 - 05/03/2026 1:00 PM - 5:00 PM (Advanced Polling Location) | 05/09/2026 - 05/09/2026 9:00 AM - 5:00 PM (Advanced Polling Location) | 05/02/2026 - 05/02/2026 9:00 AM - 5:00 PM (Advanced Polling Location) | 04/27/2026 - 05/01/2026 7:00 AM - 7:00 PM (Advanced Polling Location)
a0v3d0000000hZYAAY,FRANKLIN,"05/19/2026 MAY 19, 2026 - GENERAL PRIMARY ELECTION",FRANKLIN COUNTY BOARD OF ELECTIONS & REGISTRATION BUILDING,"7850 ROYSTON RD, CARNESVILLE GA 30521",05/11/2026 - 05/15/2026 9:00 AM - 5:00 PM (Advanced Polling Location) | 05/04/2026 - 05/09/2026 9:00 AM - 5:00 PM (Advanced Polling Location) | 04/27/2026 - 05/02/2026 9:00 AM - 5:00 PM (Advanced Polling Location) | 05/11/2026 - 05/15/2026 9:00 AM - 5:00 PM (Dropbox Polling Location) | 04/27/2026 - 05/09/2026 9:00 AM - 5:00 PM (Dropbox Polling Location)
a0v3d0000000hcSAAQ,FULTON,"05/19/2026 MAY 19, 2026 - GENERAL PRIMARY ELECTION",FULTON COUNTY HEALTH AND HUMAN SERVICES-NORTH,"4700 NORTH POINT PARKWAY, ALPHARETTA GA 30005",05/03/2026 - 05/03/2026 12:00 PM - 5:00 PM (Advanced Polling Location) | 05/11/2026 - 05/15/2026 7:00 AM - 7:00 PM (Advanced Polling Location) | 05/09/2026 - 05/09/2026 9:00 AM - 5:00 PM (Advanced Polling Location) | 05/04/2026 - 05/08/2026 7:00 AM - 7:00 PM (Advanced Polling Location) | 05/02/2026 - 05/02/2026 9:00 AM - 5:00 PM (Advanced Polling Location) | 04/27/2026 - 05/01/2026 7:00 AM - 7:00 PM (Advanced Polling Location)
a0v3d0000000hmtAAA,HALL,"05/19/2026 MAY 19, 2026 - GENERAL PRIMARY ELECTION",GAINESVILLE CIVIC CENTER,"830 GREEN STREET, GAINESVILLE GA 30501",05/09/2026 - 05/09/2026 9:00 AM - 5:00 PM (Advanced Polling Location) | 05/11/2026 - 05/15/2026 8:00 AM - 7:00 PM (Advanced Polling Location) | 05/04/2026 - 05/08/2026 8:00 AM - 6:00 PM (Advanced Polling Location) | 05/02/2026 - 05/02/2026 9:00 AM - 5:00 PM (Advanced Polling Location) | 04/27/2026 - 05/01/2026 8:00 AM - 6:00 PM (Advanced Polling Location)
a0v3d000001nC8pAAE,CHATHAM,"05/19/2026 MAY 19, 2026 - GENERAL PRIMARY ELECTION",GARDEN CITY LIBRARY,"104 SUNSHINE RD, GARDEN CITY GA 31405",05/04/2026 - 05/08/2026 9:00 AM - 5:00 PM (Advanced Polling Location) | 05/11/2026 - 05/15/2026 9:00 AM - 5:00 PM (Advanced Polling Location) | 04/27/2026 - 05/01/2026 9:00 AM - 5:00 PM (Advanced Polling Location)
a0vcs000007djVtAAI,GWINNETT,"05/19/2026 MAY 19, 2026 - GENERAL PRIMARY ELECTION",GEORGE PIERCE PARK,"55 BUFORD HIGHWAY, SUWANEE GA 30024",05/11/2026 - 05/15/2026 7:00 AM - 7:00 PM (Advanced Polling Location) | 04/27/2026 - 05/10/2026 7:00 AM - 7:00 PM (Advanced Polling Location) | 05/11/2026 - 05/15/2026 7:00 AM - 7:00 PM (Dropbox Polling Location) | 04/27/2026 - 05/10/2026 7:00 AM - 7:00 PM (Dropbox Polling Location)
a0vcs00000KJMULAA5,QUITMAN,"05/19/2026 MAY 19, 2026 - GENERAL PRIMARY ELECTION",GEORGETOWN PRECINCT,"37 OLD SCHOOL ROAD, GEORGETOWN GA 39854",05/09/2026 - 05/09/2026 9:00 AM - 5:00 PM (Advanced Polling Location) | 05/11/2026 - 05/15/2026 9:00 AM - 5:00 PM (Advanced Polling Location) | 05/04/2026 - 05/08/2026 9:00 AM - 5:00 PM (Advanced Polling Location) | 05/02/2026 - 05/02/2026 9:00 AM - 5:00 PM (Advanced Polling Location) | 04/27/2026 - 05/01/2026 9:00 AM - 5:00 PM (Advanced Polling Location) | 05/11/2026 - 05/15/2026 9:00 AM - 5:00 PM (Dropbox Polling Location) | 05/09/2026 - 05/09/2026 9:00 AM - 5:00 PM (Dropbox Polling Location) | 05/04/2026 - 05/08/2026 9:00 AM - 5:00 PM (Dropbox Polling Location) | 05/02/2026 - 05/02/2026 9:00 AM - 5:00 PM (Dropbox Polling Location) | 04/27/2026 - 05/01/2026 9:00 AM - 5:00 PM (Dropbox Polling Location)
a0v3d000000rXgiAAE,GLASCOCK,"05/19/2026 MAY 19, 2026 - GENERAL PRIMARY ELECTION",GLASCOCK CO BOARD OF ELECTIONS,"676 W MAIN STREET, GIBSON GA 30810",05/09/2026 - 05/09/2026 9:00 AM - 5:00 PM (Advanced Polling Location) | 05/02/2026 - 05/02/2026 9:00 AM - 5:00 PM (Advanced Polling Location) | 05/11/2026 - 05/15/2026 8:00 AM - 5:00 PM (Advanced Polling Location) | 04/27/2026 - 05/10/2026 8:00 AM - 5:00 PM (Advanced Polling Location) | 05/19/2026 - 05/19/2026 7:00 AM - 7:00 PM (Dropbox Polling Location)
a0v3d0000000hbFAAQ,GLASCOCK,"05/19/2026 MAY 19, 2026 - GENERAL PRIMARY ELECTION",GLASCOCK CO BOARD OF ELECTIONS,"676 W MAIN STREET, GIBSON GA 30810",05/11/2026 - 05/15/2026 8:00 AM - 5:00 PM (Advanced Polling Location) | 05/09/2026 - 05/09/2026 9:00 AM - 5:00 PM (Advanced Polling Location) | 05/04/2026 - 05/08/2026 8:00 AM - 5:00 PM (Advanced Polling Location) | 05/02/2026 - 05/02/2026 9:00 AM - 5:00 PM (Advanced Polling Location) | 04/27/2026 - 05/01/2026 8:00 AM - 5:00 PM (Advanced Polling Location) | 05/19/2026 - 05/19/2026 8:00 AM - 5:00 PM (Dropbox Polling Location) | 05/11/2026 - 05/15/2026 8:00 AM - 5:00 PM (Dropbox Polling Location) | 05/09/2026 - 05/09/2026 9:00 AM - 5:00 PM (Dropbox Polling Location) | 05/04/2026 - 05/08/2026 8:00 AM - 5:00 PM (Dropbox Polling Location) | 05/02/2026 - 05/02/2026 9:00 AM - 5:00 PM (Dropbox Polling Location) | 04/27/2026 - 05/01/2026 8:00 AM - 5:00 PM (Dropbox Polling Location)
a0v3d0000000hZnAAI,JACKSON,"05/19/2026 MAY 19, 2026 - GENERAL PRIMARY ELECTION",GORDON STREET CENTER--ELECTION OFFICE,"441 GORDON STREET, JEFFERSON GA 30549",05/11/2026 - 05/15/2026 9:00 AM - 5:00 PM (Advanced Polling Location) | 05/04/2026 - 05/09/2026 9:00 AM - 5:00 PM (Advanced Polling Location) | 04/27/2026 - 05/02/2026 9:00 AM - 5:00 PM (Advanced Polling Location) | 05/11/2026 - 05/15/2026 9:00 AM - 5:00 PM (Dropbox Polling Location) | 05/04/2026 - 05/09/2026 9:00 AM - 5:00 PM (Dropbox Polling Location) | 04/27/2026 - 05/02/2026 9:00 AM - 5:00 PM (Dropbox Polling Location)
a0v3d0000000hdeAAA,GRADY,"05/19/2026 MAY 19, 2026 - GENERAL PRIMARY ELECTION",GRADY COUNTY ELECTIONS AND REGISTRATION-COURTHOUSE,"250 N BROAD ST STE 3, CAIRO GA 39828",05/04/2026 - 05/09/2026 9:00 AM - 5:00 PM (Advanced Polling Location) | 04/27/2026 - 05/02/2026 9:00 AM - 5:00 PM (Advanced Polling Location) | 05/11/2026 - 05/15/2026 9:00 AM - 5:00 PM (Advanced Polling Location) | 05/11/2026 - 05/15/2026 9:00 AM - 5:00 PM (Dropbox Polling Location) | 05/04/2026 - 05/09/2026 9:00 AM - 5:00 PM (Dropbox Polling Location) | 04/27/2026 - 05/02/2026 9:00 AM - 5:00 PM (Dropbox Polling Location)
a0v3d0000000nflAAA,GREENE,"05/19/2026 MAY 19, 2026 - GENERAL PRIMARY ELECTION",GREENE COUNTY ANNEX EARLY VOTING,"1180 C Weldon Smith Drive, Greensboro GA 30642",05/11/2026 - 05/15/2026 9:00 AM - 5:00 PM (Advanced Polling Location) | 05/04/2026 - 05/09/2026 9:00 AM - 5:00 PM (Advanced Polling Location) | 04/27/2026 - 05/02/2026 9:00 AM - 5:00 PM (Advanced Polling Location) | 05/11/2026 - 05/15/2026 9:00 AM - 5:00 PM (Dropbox Polling Location) | 05/04/2026 - 05/09/2026 9:00 AM - 5:00 PM (Dropbox Polling Location) | 04/27/2026 - 05/02/2026 9:00 AM - 5:00 PM (Dropbox Polling Location)
a0v3d0000000hYvAAI,GWINNETT,"05/19/2026 MAY 19, 2026 - GENERAL PRIMARY ELECTION",GWINNETT COMMUNITY RESOURCE CENTER AT BETHANY CHURCH ROAD,"3025 BETHANY CHURCH ROAD, SNELLVILLE GA 30039",05/11/2026 - 05/15/2026 7:00 AM - 7:00 PM (Advanced Polling Location) | 04/27/2026 - 05/10/2026 7:00 AM - 7:00 PM (Advanced Polling Location) | 05/11/2026 - 05/15/2026 7:00 AM - 7:00 PM (Dropbox Polling Location) | 04/27/2026 - 05/10/2026 7:00 AM - 7:00 PM (Dropbox Polling Location)
a0v3d0000000hZ4AAI,GWINNETT,"05/19/2026 MAY 19, 2026 - GENERAL PRIMARY ELECTION",GWINNETT COUNTY BOARD OF VOTER REGISTRATIONS AND ELECTIONS,"455 GRAYSON HIGHWAY SUITE 200, LAWRENCEVILLE GA 30046",05/11/2026 - 05/15/2026 7:00 AM - 7:00 PM (Advanced Polling Location) | 04/27/2026 - 05/10/2026 7:00 AM - 7:00 PM (Advanced Polling Location) | 05/11/2026 - 05/15/2026 7:00 AM - 7:00 PM (Dropbox Polling Location) | 04/27/2026 - 05/10/2026 7:00 AM - 7:00 PM (Dropbox Polling Location)
a0vcs000007dg3NAAQ,GWINNETT,"05/19/2026 MAY 19, 2026 - GENERAL PRIMARY ELECTION",GWINNETT FIRE STATION 30,"1052 OZORA ROAD, LOGANVILLE GA 30052",05/11/2026 - 05/15/2026 7:00 AM - 7:00 PM (Advanced Polling Location) | 04/27/2026 - 05/10/2026 7:00 AM - 7:00 PM (Advanced Polling Location) | 05/11/2026 - 05/15/2026 7:00 AM - 7:00 PM (Dropbox Polling Location) | 04/27/2026 - 05/10/2026 7:00 AM - 7:00 PM (Dropbox Polling Location)
a0v3d0000000h9OAAQ,FORSYTH,"05/19/2026 MAY 19, 2026 - GENERAL PRIMARY ELECTION",HAMPTON PARK LIBRARY,"5345 SETTINGDOWN RD, CUMMING GA 30041",05/11/2026 - 05/15/2026 8:00 AM - 6:00 PM (Advanced Polling Location) | 05/09/2026 - 05/09/2026 8:00 AM - 5:00 PM (Advanced Polling Location) | 05/04/2026 - 05/08/2026 8:00 AM - 6:00 PM (Advanced Polling Location)
a0v3d0000000hBCAAY,BRYAN,"05/19/2026 MAY 19, 2026 - GENERAL PRIMARY ELECTION",HARN COMMUNITY CENTER,"91 LANIER STREET, PEMBROKE GA 31321",05/11/2026 - 05/15/2026 8:00 AM - 5:00 PM (Advanced Polling Location) | 05/04/2026 - 05/09/2026 8:00 AM - 5:00 PM (Advanced Polling Location) | 04/27/2026 - 05/02/2026 8:00 AM - 5:00 PM (Advanced Polling Location)
a0vcs000001AasrAAC,HEARD,"05/19/2026 MAY 19, 2026 - GENERAL PRIMARY ELECTION",HEARD COUNTY COURTHOUSE,"215 E COURT SQUARE, FRANKLIN GA 30217",05/11/2026 - 05/15/2026 8:30 AM - 5:00 PM (Advanced Polling Location) | 05/04/2026 - 05/09/2026 8:30 AM - 5:00 PM (Advanced Polling Location) | 04/27/2026 - 05/02/2026 8:30 AM - 5:00 PM (Advanced Polling Location) | 05/11/2026 - 05/15/2026 8:30 AM - 5:00 PM (Dropbox Polling Location) | 05/04/2026 - 05/09/2026 8:30 AM - 5:00 PM (Dropbox Polling Location) | 04/27/2026 - 05/02/2026 8:30 AM - 5:00 PM (Dropbox Polling Location)
a0v3d0000000hIxAAI,RICHMOND,"05/19/2026 MAY 19, 2026 - GENERAL PRIMARY ELECTION",HENRY BRIGHAM COMMUNITY CENTER,"2463 GOLDEN CAMP ROAD, AUGUSTA GA 30906",05/11/2026 - 05/15/2026 8:30 AM - 6:00 PM (Advanced Polling Location) | 05/04/2026 - 05/09/2026 8:30 AM - 6:00 PM (Advanced Polling Location) | 04/27/2026 - 05/02/2026 8:30 AM - 6:00 PM (Advanced Polling Location)
a0v3d0000000hO7AAI,HENRY,"05/19/2026 MAY 19, 2026 - GENERAL PRIMARY ELECTION",HERITAGE PARK-AV,"99 LAKE DOW RD, MCDONOUGH GA 30252",05/11/2026 - 05/15/2026 7:00 AM - 7:00 PM (Advanced Polling Location) | 05/09/2026 - 05/09/2026 9:00 AM - 5:00 PM (Advanced Polling Location) | 05/04/2026 - 05/08/2026 7:00 AM - 7:00 PM (Advanced Polling Location) | 05/03/2026 - 05/03/2026 1:00 PM - 5:00 PM (Advanced Polling Location) | 05/02/2026 - 05/02/2026 9:00 AM - 5:00 PM (Advanced Polling Location) | 04/27/2026 - 05/01/2026 7:00 AM - 7:00 PM (Advanced Polling Location)
a0v3d0000000hxiAAA,CHEROKEE,"05/19/2026 MAY 19, 2026 - GENERAL PRIMARY ELECTION",HICKORY FLAT PUBLIC LIBRARY,"2740 E CHEROKEE DR, CANTON GA 30115",05/11/2026 - 05/15/2026 8:30 AM - 7:00 PM (Advanced Polling Location) | 05/04/2026 - 05/09/2026 8:30 AM - 5:00 PM (Advanced Polling Location) | 04/27/2026 - 05/02/2026 8:30 AM - 5:00 PM (Advanced Polling Location)
a0vcs00000HclgrAAB,PAULDING,"05/19/2026 MAY 19, 2026 - GENERAL PRIMARY ELECTION",HIRAM UNITED METHODIST CHURCH,"324 HIRAM DOUGLASVILLE HWY, HIRAM GA 30141",05/11/2026 - 05/15/2026 8:00 AM - 7:00 PM (Advanced Polling Location)
a0v3d000000rXgpAAE,HOUSTON,"05/19/2026 MAY 19, 2026 - GENERAL PRIMARY ELECTION",HOUSTON HEALTH PAVILION CONF CENTER,"233 N HOUSTON RD, WARNER ROBINS GA 31093",05/11/2026 - 05/15/2026 8:00 AM - 5:00 PM (Advanced Polling Location) | 05/09/2026 - 05/09/2026 9:00 AM - 5:00 PM (Advanced Polling Location) | 05/04/2026 - 05/08/2026 8:00 AM - 5:00 PM (Advanced Polling Location) | 05/02/2026 - 05/02/2026 9:00 AM - 5:00 PM (Advanced Polling Location) | 04/27/2026 - 05/01/2026 8:00 AM - 5:00 PM (Advanced Polling Location) | 05/04/2026 - 05/08/2026 8:00 AM - 5:00 PM (Dropbox Polling Location) | 05/11/2026 - 05/15/2026 8:00 AM - 5:00 PM (Dropbox Polling Location) | 05/09/2026 - 05/09/2026 9:00 AM - 5:00 PM (Dropbox Polling Location) | 05/02/2026 - 05/02/2026 9:00 AM - 5:00 PM (Dropbox Polling Location) | 04/27/2026 - 05/01/2026 8:00 AM - 5:00 PM (Dropbox Polling Location)
a0v3d0000000hZjAAI,CHATHAM,"05/19/2026 MAY 19, 2026 - GENERAL PRIMARY ELECTION",ISLANDS LIBRARY,"50 JOHNNY MERCER BLVD, SAVANNAH GA 31410",05/04/2026 - 05/09/2026 9:00 AM - 5:00 PM (Advanced Polling Location) | 05/11/2026 - 05/15/2026 9:00 AM - 5:00 PM (Advanced Polling Location) | 04/27/2026 - 05/02/2026 9:00 AM - 5:00 PM (Advanced Polling Location)
a0vcs000008ZL8DAAW,HENRY,"05/19/2026 MAY 19, 2026 - GENERAL PRIMARY ELECTION",J. P. MOSELEY PARK-AV,"1041 MILLERS MILL ROAD, STOCKBRIDGE GA 30281",05/11/2026 - 05/15/2026 7:00 AM - 7:00 PM (Advanced Polling Location) | 05/09/2026 - 05/09/2026 9:00 AM - 5:00 PM (Advanced Polling Location) | 05/04/2026 - 05/08/2026 7:00 AM - 7:00 PM (Advanced Polling Location) | 05/03/2026 - 05/03/2026 1:00 PM - 5:00 PM (Advanced Polling Location) | 05/02/2026 - 05/02/2026 9:00 AM - 5:00 PM (Advanced Polling Location) | 04/27/2026 - 05/01/2026 7:00 AM - 7:00 PM (Advanced Polling Location)
a0v3d0000000huAAAQ,CANDLER,"05/19/2026 MAY 19, 2026 - GENERAL PRIMARY ELECTION",JACK STRICKLAND COMMUNITY CENTER,"621 W PINE STREET, METTER GA 30439",05/11/2026 - 05/15/2026 8:30 AM - 5:00 PM (Advanced Polling Location) | 05/09/2026 - 05/09/2026 9:00 AM - 5:00 PM (Advanced Polling Location) | 05/04/2026 - 05/08/2026 8:30 AM - 5:00 PM (Advanced Polling Location) | 05/02/2026 - 05/02/2026 9:00 AM - 5:00 PM (Advanced Polling Location) | 04/27/2026 - 05/01/2026 8:30 AM - 5:00 PM (Advanced Polling Location) | 05/19/2026 - 05/19/2026 8:30 AM - 5:00 PM (Dropbox Polling Location) | 05/11/2026 - 05/15/2026 8:30 AM - 5:00 PM (Dropbox Polling Location) | 05/09/2026 - 05/09/2026 9:00 AM - 5:00 PM (Dropbox Polling Location) | 05/04/2026 - 05/08/2026 8:30 AM - 5:00 PM (Dropbox Polling Location) | 05/02/2026 - 05/02/2026 9:00 AM - 5:00 PM (Dropbox Polling Location) | 04/27/2026 - 05/01/2026 8:30 AM - 5:00 PM (Dropbox Polling Location)
a0v3d0000000hLoAAI,JASPER,"05/19/2026 MAY 19, 2026 - GENERAL PRIMARY ELECTION",JASPER COUNTY COURTHOUSE,"126 WEST GREENE STREET SUITE 3, MONTICELLO GA 31064",05/11/2026 - 05/15/2026 9:00 AM - 5:00 PM (Advanced Polling Location) | 05/04/2026 - 05/09/2026 9:00 AM - 5:00 PM (Advanced Polling Location) | 04/27/2026 - 05/02/2026 9:00 AM - 5:00 PM (Advanced Polling Location) | 04/27/2026 - 05/02/2026 8:00 AM - 5:00 PM (Dropbox Polling Location) | 05/19/2026 - 05/19/2026 9:00 AM - 5:00 PM (Dropbox Polling Location) | 04/20/2026 - 04/24/2026 8:00 AM - 5:00 PM (Dropbox Polling Location) | 05/11/2026 - 05/15/2026 9:00 AM - 5:00 PM (Dropbox Polling Location) | 05/04/2026 - 05/09/2026 9:00 AM - 5:00 PM (Dropbox Polling Location)
a0v3d000000rXgrAAE,JEFFDAVIS,"05/19/2026 MAY 19, 2026 - GENERAL PRIMARY ELECTION",JEFF DAVIS COUNTY BOARD OF ELECTIONS AND REGISTRATION OFFICE,"15 PUBLIC SAFETY DRIVE, HAZLEHURST GA 31539",05/04/2026 - 05/09/2026 9:00 AM - 5:00 PM (Advanced Polling Location) | 05/11/2026 - 05/15/2026 9:00 AM - 5:00 PM (Advanced Polling Location) | 04/27/2026 - 05/02/2026 9:00 AM - 5:00 PM (Advanced Polling Location) | 05/11/2026 - 05/15/2026 9:00 AM - 5:00 PM (Dropbox Polling Location) | 04/27/2026 - 05/02/2026 9:00 AM - 5:00 PM (Dropbox Polling Location) | 05/04/2026 - 05/09/2026 9:00 AM - 5:00 PM (Dropbox Polling Location)
a0vcs00000KG0myAAD,WALKER,"05/19/2026 MAY 19, 2026 - GENERAL PRIMARY ELECTION",LAFAYETTE-WALKER COUNTY ELECTIONS OFFICE,"311 SOUTH MAIN STREET, LAFAYETTE GA 30728",05/04/2026 - 05/09/2026 9:00 AM - 5:00 PM (Advanced Polling Location) | 04/27/2026 - 05/02/2026 9:00 AM - 5:00 PM (Advanced Polling Location) | 05/13/2026 - 05/15/2026 9:00 AM - 5:00 PM (Advanced Polling Location) | 05/12/2026 - 05/12/2026 8:00 AM - 6:00 PM (Advanced Polling Location) | 05/11/2026 - 05/11/2026 9:00 AM - 5:00 PM (Advanced Polling Location) | 05/12/2026 - 05/12/2026 8:00 AM - 6:00 PM (Dropbox Polling Location) | 05/11/2026 - 05/11/2026 9:00 AM - 5:00 PM (Dropbox Polling Location) | 05/04/2026 - 05/09/2026 9:00 AM - 5:00 PM (Dropbox Polling Location) | 04/27/2026 - 05/02/2026 9:00 AM - 5:00 PM (Dropbox Polling Location) | 05/13/2026 - 05/15/2026 9:00 AM - 5:00 PM (Dropbox Polling Location)
a0v3d000000rXguAAE,LAMAR,"05/19/2026 MAY 19, 2026 - GENERAL PRIMARY ELECTION",LAMAR COUNTY BOARD OF ELECTIONS AND REGISTRATION OFFICE-NEW,"790 VETERANS PARKWAY SUITE D, BARNESVILLE GA 30204",05/04/2026 - 05/09/2026 9:00 AM - 5:00 PM (Advanced Polling Location) | 05/11/2026 - 05/15/2026 9:00 AM - 5:00 PM (Advanced Polling Location) | 05/03/2026 - 05/03/2026 1:00 PM - 5:00 PM (Advanced Polling Location) | 04/27/2026 - 05/02/2026 9:00 AM - 5:00 PM (Advanced Polling Location) | 05/11/2026 - 05/15/2026 9:00 AM - 5:00 PM (Dropbox Polling Location) | 05/04/2026 - 05/09/2026 9:00 AM - 5:00 PM (Dropbox Polling Location) | 05/03/2026 - 05/03/2026 1:00 PM - 5:00 PM (Dropbox Polling Location) | 04/27/2026 - 05/02/2026 9:00 AM - 5:00 PM (Dropbox Polling Location)
a0v3d0000000hwbAAA,LIBERTY,"05/19/2026 MAY 19, 2026 - GENERAL PRIMARY ELECTION",LIBERTY COUNTY COMPLEX,"9397 E. OGLETHORPE HWY., MIDWAY GA 31320",05/11/2026 - 05/15/2026 9:00 AM - 5:00 PM (Advanced Polling Location) | 05/04/2026 - 05/09/2026 9:00 AM - 5:00 PM (Advanced Polling Location) | 04/27/2026 - 05/02/2026 9:00 AM - 5:00 PM (Advanced Polling Location)
a0v3d000000rXhEAAU,RICHMOND,"05/19/2026 MAY 19, 2026 - GENERAL PRIMARY ELECTION",LINDA BEAZLEY ROOM-MUNICIPAL BUILDING,"535 Telfair Street, Augusta GA 30901",05/11/2026 - 05/15/2026 8:30 AM - 6:00 PM (Advanced Polling Location) | 04/27/2026 - 05/09/2026 8:30 AM - 6:00 PM (Advanced Polling Location) | 05/11/2026 - 05/15/2026 8:30 AM - 6:00 PM (Dropbox Polling Location) | 04/27/2026 - 05/09/2026 8:30 AM - 6:00 PM (Dropbox Polling Location)
a0v3d0000001I2zAAE,DOUGLAS,"05/19/2026 MAY 19, 2026 - GENERAL PRIMARY ELECTION",LITHIA SPRINGS SENIOR CENTER,"7301 GROOVERS LAKE RD, LITHIA SPRINGS GA 30122",05/04/2026 - 05/08/2026 8:30 AM - 6:00 PM (Advanced Polling Location) | 05/11/2026 - 05/15/2026 8:30 AM - 6:00 PM (Advanced Polling Location) | 04/27/2026 - 05/01/2026 8:30 AM - 6:00 PM (Advanced Polling Location)
a0v3d0000000hNwAAI,HENRY,"05/19/2026 MAY 19, 2026 - GENERAL PRIMARY ELECTION",LOCUST GROVE LIBRARY-AV,"115 MLK JR BLVD, LOCUST GROVE GA 30248",04/27/2026 - 05/01/2026 7:00 AM - 7:00 PM (Advanced Polling Location) | 05/02/2026 - 05/02/2026 9:00 AM - 5:00 PM (Advanced Polling Location) | 05/03/2026 - 05/03/2026 1:00 PM - 5:00 PM (Advanced Polling Location) | 05/04/2026 - 05/08/2026 7:00 AM - 7:00 PM (Advanced Polling Location) | 05/09/2026 - 05/09/2026 9:00 AM - 5:00 PM (Advanced Polling Location) | 05/11/2026 - 05/15/2026 7:00 AM - 7:00 PM (Advanced Polling Location) | 05/11/2026 - 05/15/2026 7:00 AM - 7:00 PM (Dropbox Polling Location) | 05/09/2026 - 05/09/2026 9:00 AM - 5:00 PM (Dropbox Polling Location) | 05/04/2026 - 05/08/2026 7:00 AM - 7:00 PM (Dropbox Polling Location) | 05/03/2026 - 05/03/2026 1:00 PM - 5:00 PM (Dropbox Polling Location) | 05/02/2026 - 05/02/2026 9:00 AM - 5:00 PM (Dropbox Polling Location) | 04/27/2026 - 05/01/2026 7:00 AM - 7:00 PM (Dropbox Polling Location)
a0v3d0000000hTIAAY,WALKER,"05/19/2026 MAY 19, 2026 - GENERAL PRIMARY ELECTION",LOOKOUT MOUNTAIN CITY HALL,"1214 LULA LAKE ROAD, LOOKOUT MOUNTAIN GA 30750",05/13/2026 - 05/15/2026 9:00 AM - 5:00 PM (Advanced Polling Location) | 05/12/2026 - 05/12/2026 8:00 AM - 6:00 PM (Advanced Polling Location) | 05/11/2026 - 05/11/2026 9:00 AM - 5:00 PM (Advanced Polling Location) | 05/09/2026 - 05/09/2026 9:00 AM - 5:00 PM (Advanced Polling Location)
a0v3d000001vZpAAAU,LOWNDES,"05/19/2026 MAY 19, 2026 - GENERAL PRIMARY ELECTION",LOWNDES TNG CTR,"903 N PATTERSON ST, VALDOSTA GA 31601",05/11/2026 - 05/15/2026 7:00 AM - 7:00 PM (Advanced Polling Location) | 05/04/2026 - 05/08/2026 7:00 AM - 7:00 PM (Advanced Polling Location) | 05/03/2026 - 05/03/2026 12:00 PM - 5:00 PM (Advanced Polling Location) | 04/27/2026 - 05/01/2026 7:00 AM - 7:00 PM (Advanced Polling Location) | 05/09/2026 - 05/09/2026 9:00 AM - 5:00 PM (Advanced Polling Location) | 05/10/2026 - 05/10/2026 12:00 PM - 5:00 PM (Advanced Polling Location) | 05/02/2026 - 05/02/2026 9:00 AM - 5:00 PM (Advanced Polling Location)
a0vcs00000CAFRtAAP,GWINNETT,"05/19/2026 MAY 19, 2026 - GENERAL PRIMARY ELECTION",LUCKY SHOALS PARK,"4651 BRITT ROAD, NORCROSS GA 30093",05/11/2026 - 05/15/2026 7:00 AM - 7:00 PM (Advanced Polling Location) | 04/27/2026 - 05/10/2026 7:00 AM - 7:00 PM (Advanced Polling Location)
a0v3d0000000hd3AAA,MACON,"05/19/2026 MAY 19, 2026 - GENERAL PRIMARY ELECTION",MACON COUNTY ANNEX,"100 MACON STREET, OGLETHORPE GA 31068",05/11/2026 - 05/15/2026 9:00 AM - 5:00 PM (Advanced Polling Location) | 05/04/2026 - 05/09/2026 9:00 AM - 5:00 PM (Advanced Polling Location) | 04/27/2026 - 05/02/2026 9:00 AM - 5:00 PM (Advanced Polling Location) | 05/11/2026 - 05/15/2026 9:00 AM - 5:00 PM (Dropbox Polling Location) | 05/04/2026 - 05/09/2026 9:00 AM - 5:00 PM (Dropbox Polling Location) | 04/27/2026 - 05/02/2026 9:00 AM - 5:00 PM (Dropbox Polling Location)
a0v3d0000000hA0AAI,MADISON,"05/19/2026 MAY 19, 2026 - GENERAL PRIMARY ELECTION",MADISON COUNTY BOARD OF ELECTIONS AND REGISTRATION,"20 ALBANY AVE, DANIELSVILLE GA 30633",05/04/2026 - 05/08/2026 8:00 AM - 5:00 PM (Advanced Polling Location) | 05/13/2026 - 05/15/2026 7:00 AM - 7:00 PM (Advanced Polling Location) | 05/11/2026 - 05/12/2026 8:00 AM - 5:00 PM (Advanced Polling Location) | 05/09/2026 - 05/09/2026 9:00 AM - 5:00 PM (Advanced Polling Location) | 05/02/2026 - 05/02/2026 9:00 AM - 5:00 PM (Advanced Polling Location) | 04/27/2026 - 05/01/2026 8:00 AM - 5:00 PM (Advanced Polling Location)
a0v3d0000000hZmAAI,LIBERTY,"05/19/2026 MAY 19, 2026 - GENERAL PRIMARY ELECTION",MAIN OFFICE,"100 N. MAIN ST .SUITE 1600, HINESVILLE GA 31313",05/11/2026 - 05/15/2026 9:00 AM - 5:00 PM (Advanced Polling Location) | 05/04/2026 - 05/09/2026 9:00 AM - 5:00 PM (Advanced Polling Location) | 04/27/2026 - 05/02/2026 9:00 AM - 5:00 PM (Advanced Polling Location)
a0v3d0000000hu8AAA,BARTOW,"05/19/2026 MAY 19, 2026 - GENERAL PRIMARY ELECTION",MANNING MILL PARK FACILITY,"163B MANNING MILL RD, ADAIRSVILLE GA 30103",05/11/2026 - 05/15/2026 8:00 AM - 6:00 PM (Advanced Polling Location)
a0v3d0000000hc7AAA,WHITE,"05/19/2026 MAY 19, 2026 - GENERAL PRIMARY ELECTION",MAUNEY BUILDING,"1241 HELEN HWY STE 210, CLEVELAND GA 30528",05/11/2026 - 05/15/2026 8:00 AM - 5:00 PM (Advanced Polling Location) | 05/04/2026 - 05/09/2026 8:00 AM - 5:00 PM (Advanced Polling Location) | 04/27/2026 - 05/02/2026 8:00 AM - 5:00 PM (Advanced Polling Location) | 05/11/2026 - 05/15/2026 8:00 AM - 5:00 PM (Dropbox Polling Location) | 05/04/2026 - 05/09/2026 8:00 AM - 5:00 PM (Dropbox Polling Location) | 04/27/2026 - 05/02/2026 8:00 AM - 5:00 PM (Dropbox Polling Location)
a0vcs000009uNj8AAE,FULTON,"05/19/2026 MAY 19, 2026 - GENERAL PRIMARY ELECTION",MECHANICSVILLE LIBRARY,"400 FORMWALT STREET SW, ATLANTA GA 30312",05/11/2026 - 05/15/2026 7:00 AM - 7:00 PM (Advanced Polling Location) | 05/09/2026 - 05/09/2026 9:00 AM - 5:00 PM (Advanced Polling Location) | 05/04/2026 - 05/08/2026 7:00 AM - 7:00 PM (Advanced Polling Location) | 05/03/2026 - 05/03/2026 12:00 PM - 5:00 PM (Advanced Polling Location) | 05/02/2026 - 05/02/2026 9:00 AM - 5:00 PM (Advanced Polling Location) | 04/27/2026 - 05/01/2026 7:00 AM - 7:00 PM (Advanced Polling Location)
a0v3d0000000hgyAAA,WALTON,"05/19/2026 MAY 19, 2026 - GENERAL PRIMARY ELECTION",MERIDIAN PARK,"105 GENERATION BLVD, LOGANVILLE GA 30052",05/11/2026 - 05/15/2026 8:00 AM - 5:00 PM (Advanced Polling Location) | 05/09/2026 - 05/09/2026 9:00 AM - 5:00 PM (Advanced Polling Location) | 05/04/2026 - 05/08/2026 8:00 AM - 5:00 PM (Advanced Polling Location) | 05/02/2026 - 05/02/2026 9:00 AM - 5:00 PM (Advanced Polling Location) | 04/27/2026 - 05/01/2026 8:00 AM - 5:00 PM (Advanced Polling Location) | 05/11/2026 - 05/15/2026 8:00 AM - 5:00 PM (Dropbox Polling Location) | 05/09/2026 - 05/09/2026 9:00 AM - 5:00 PM (Dropbox Polling Location) | 05/04/2026 - 05/08/2026 8:00 AM - 5:00 PM (Dropbox Polling Location) | 05/02/2026 - 05/02/2026 9:00 AM - 5:00 PM (Dropbox Polling Location) | 04/27/2026 - 05/01/2026 8:00 AM - 5:00 PM (Dropbox Polling Location)
a0v3d0000000hNxAAI,HENRY,"05/19/2026 MAY 19, 2026 - GENERAL PRIMARY ELECTION",MERLE MANDERS CONFERENCE CENTER-AV,"111 DAVIS RD, STOCKBRIDGE GA 30281",05/11/2026 - 05/15/2026 7:00 AM - 7:00 PM (Advanced Polling Location) | 04/27/2026 - 05/01/2026 7:00 AM - 7:00 PM (Advanced Polling Location) | 05/02/2026 - 05/02/2026 9:00 AM - 5:00 PM (Advanced Polling Location) | 05/03/2026 - 05/03/2026 1:00 PM - 5:00 PM (Advanced Polling Location) | 05/04/2026 - 05/08/2026 7:00 AM - 7:00 PM (Advanced Polling Location) | 05/09/2026 - 05/09/2026 9:00 AM - 5:00 PM (Advanced Polling Location) | 05/04/2026 - 05/08/2026 7:00 AM - 7:00 PM (Dropbox Polling Location) | 05/11/2026 - 05/15/2026 7:00 AM - 7:00 PM (Dropbox Polling Location) | 05/09/2026 - 05/09/2026 9:00 AM - 5:00 PM (Dropbox Polling Location) | 05/03/2026 - 05/03/2026 1:00 PM - 5:00 PM (Dropbox Polling Location) | 05/02/2026 - 05/02/2026 9:00 AM - 5:00 PM (Dropbox Polling Location) | 04/27/2026 - 05/01/2026 7:00 AM - 7:00 PM (Dropbox Polling Location)
a0v3d0000000h9XAAQ,FORSYTH,"05/19/2026 MAY 19, 2026 - GENERAL PRIMARY ELECTION",MIDWAY PARK COMMUNITY BUILDING,"5100 POST RD, CUMMING GA 30040",05/11/2026 - 05/15/2026 8:00 AM - 6:00 PM (Advanced Polling Location) | 05/09/2026 - 05/09/2026 8:00 AM - 5:00 PM (Advanced Polling Location) | 05/04/2026 - 05/08/2026 8:00 AM - 6:00 PM (Advanced Polling Location)
a0vcs00000MwImHAAV,CLARKE,"05/19/2026 MAY 19, 2026 - GENERAL PRIMARY ELECTION",MIRIAM MOORE COMMUNITY CENTER - AIP,"410 MCKINLEY DR, ATHENS GA 30605",05/15/2026 - 05/15/2026 8:00 AM - 5:00 PM (Advanced Polling Location) | 05/11/2026 - 05/14/2026 8:00 AM - 7:00 PM (Advanced Polling Location) | 05/09/2026 - 05/09/2026 9:00 AM - 5:00 PM (Advanced Polling Location)
a0v3d0000000hZiAAI,CHATHAM,"05/19/2026 MAY 19, 2026 - GENERAL PRIMARY ELECTION",MOSQUITO CONTROL,"65 BILLY B HAIR DR, SAVANNAH GA 31407",05/11/2026 - 05/15/2026 9:00 AM - 5:00 PM (Advanced Polling Location) | 05/04/2026 - 05/09/2026 9:00 AM - 5:00 PM (Advanced Polling Location) | 04/27/2026 - 05/02/2026 9:00 AM - 5:00 PM (Advanced Polling Location) | 05/11/2026 - 05/15/2026 9:00 AM - 5:00 PM (Dropbox Polling Location) | 05/04/2026 - 05/09/2026 9:00 AM - 5:00 PM (Dropbox Polling Location) | 04/27/2026 - 05/02/2026 9:00 AM - 5:00 PM (Dropbox Polling Location)
a0v3d000001PtU6AAK,MONTGOMERY,"05/19/2026 MAY 19, 2026 - GENERAL PRIMARY ELECTION",MOUNT VERNON PRECINCT,"251 S. RICHARDSON STREET, MOUNT VERNON GA 30445",05/11/2026 - 05/15/2026 8:30 AM - 5:00 PM (Advanced Polling Location) | 05/09/2026 - 05/09/2026 9:00 AM - 5:00 PM (Advanced Polling Location) | 05/04/2026 - 05/08/2026 8:30 AM - 5:00 PM (Advanced Polling Location) | 05/02/2026 - 05/02/2026 9:00 AM - 5:00 PM (Advanced Polling Location) | 04/27/2026 - 05/01/2026 8:30 AM - 5:00 PM (Advanced Polling Location) | 05/18/2026 - 05/18/2026 8:30 AM - 5:00 PM (Dropbox Polling Location) | 05/19/2026 - 05/19/2026 8:30 AM - 5:00 PM (Dropbox Polling Location) | 05/11/2026 - 05/15/2026 8:30 AM - 5:00 PM (Dropbox Polling Location) | 05/09/2026 - 05/09/2026 9:00 AM - 5:00 PM (Dropbox Polling Location) | 05/04/2026 - 05/08/2026 8:30 AM - 5:00 PM (Dropbox Polling Location) | 05/02/2026 - 05/02/2026 9:00 AM - 5:00 PM (Dropbox Polling Location) | 04/27/2026 - 05/01/2026 8:30 AM - 5:00 PM (Dropbox Polling Location)
a0vcs00000CAHIPAA5,GWINNETT,"05/19/2026 MAY 19, 2026 - GENERAL PRIMARY ELECTION",MOUNTAIN PARK ACTIVITY BUILDING,"1063 ROCKBRIDGE ROAD, STONE MOUNTAIN GA 30087",04/27/2026 - 05/10/2026 7:00 AM - 7:00 PM (Advanced Polling Location) | 05/11/2026 - 05/15/2026 7:00 AM - 7:00 PM (Advanced Polling Location) | 05/11/2026 - 05/15/2026 7:00 AM - 7:00 PM (Dropbox Polling Location) | 04/27/2026 - 05/10/2026 7:00 AM - 7:00 PM (Dropbox Polling Location)
a0v3d0000000hirAAA,HALL,"05/19/2026 MAY 19, 2026 - GENERAL PRIMARY ELECTION",MULBERRY CREEK COMMUNITY CENTER,"4491 JM TURK ROAD, FLOWERY BRANCH GA 30542",05/11/2026 - 05/15/2026 8:00 AM - 7:00 PM (Advanced Polling Location) | 05/09/2026 - 05/09/2026 9:00 AM - 5:00 PM (Advanced Polling Location) | 05/04/2026 - 05/08/2026 8:00 AM - 6:00 PM (Advanced Polling Location) | 05/02/2026 - 05/02/2026 9:00 AM - 5:00 PM (Advanced Polling Location) | 04/27/2026 - 05/01/2026 8:00 AM - 6:00 PM (Advanced Polling Location)
a0vcs00000HcipRAAR,PAULDING,"05/19/2026 MAY 19, 2026 - GENERAL PRIMARY ELECTION",MULBERRY ROCK PARK,"1849 MULBERRY ROCK RD, DALLAS GA 30157",05/11/2026 - 05/15/2026 8:00 AM - 7:00 PM (Advanced Polling Location)
a0v3d0000000hgtAAA,MURRAY,"05/19/2026 MAY 19, 2026 - GENERAL PRIMARY ELECTION",MURRAY COUNTY RECREATION CENTER VETERANS MEMORIAL PARK,"651 HYDEN TYLER RD, CHATSWORTH GA 30705",05/15/2026 - 05/15/2026 9:00 AM - 5:00 PM (Advanced Polling Location) | 05/14/2026 - 05/14/2026 9:00 AM - 7:00 PM (Advanced Polling Location) | 05/11/2026 - 05/13/2026 9:00 AM - 5:00 PM (Advanced Polling Location) | 05/08/2026 - 05/09/2026 9:00 AM - 5:00 PM (Advanced Polling Location) | 05/07/2026 - 05/07/2026 9:00 AM - 7:00 PM (Advanced Polling Location) | 05/04/2026 - 05/06/2026 9:00 AM - 5:00 PM (Advanced Polling Location) | 05/01/2026 - 05/02/2026 9:00 AM - 5:00 PM (Advanced Polling Location) | 04/30/2026 - 04/30/2026 9:00 AM - 7:00 PM (Advanced Polling Location) | 04/27/2026 - 04/29/2026 9:00 AM - 5:00 PM (Advanced Polling Location)
a0v3d0000000hiqAAA,HALL,"05/19/2026 MAY 19, 2026 - GENERAL PRIMARY ELECTION",MURRAYVILLE LIBRARY,"4796 THOMPSON BRIDGE ROAD, GAINESVILLE GA 30506",05/11/2026 - 05/15/2026 8:00 AM - 7:00 PM (Advanced Polling Location) | 05/09/2026 - 05/09/2026 9:00 AM - 5:00 PM (Advanced Polling Location) | 05/04/2026 - 05/08/2026 8:00 AM - 6:00 PM (Advanced Polling Location)
a0v3d0000000hmmAAA,HALL,"05/19/2026 MAY 19, 2026 - GENERAL PRIMARY ELECTION",NORTH HALL COMMUNITY CENTER,"4175 NOPONE RD, GAINESVILLE GA 30506",05/11/2026 - 05/15/2026 8:00 AM - 7:00 PM (Advanced Polling Location) | 05/09/2026 - 05/09/2026 9:00 AM - 5:00 PM (Advanced Polling Location) | 05/04/2026 - 05/08/2026 8:00 AM - 6:00 PM (Advanced Polling Location) | 05/02/2026 - 05/02/2026 9:00 AM - 5:00 PM (Advanced Polling Location) | 04/27/2026 - 05/01/2026 8:00 AM - 6:00 PM (Advanced Polling Location)
a0v3d0000000hm4AAA,HOUSTON,"05/19/2026 MAY 19, 2026 - GENERAL PRIMARY ELECTION",NORTH HOUSTON SPORTS COMPLEX,"900 N HOUSTON RD, WARNER ROBINS GA 31093",05/11/2026 - 05/15/2026 8:00 AM - 5:00 PM (Advanced Polling Location) | 05/09/2026 - 05/09/2026 9:00 AM - 5:00 PM (Advanced Polling Location) | 05/04/2026 - 05/08/2026 8:00 AM - 5:00 PM (Advanced Polling Location) | 05/02/2026 - 05/02/2026 9:00 AM - 5:00 PM (Advanced Polling Location) | 04/27/2026 - 05/01/2026 8:00 AM - 5:00 PM (Advanced Polling Location)
a0vcs00000NgDd7AAF,MUSCOGEE,"05/19/2026 MAY 19, 2026 - GENERAL PRIMARY ELECTION",NORTHSIDE REC CENTER,"2010 AMERICAN WAY, COLUMBUS GA 31909",05/11/2026 - 05/15/2026 7:00 AM - 7:00 PM (Advanced Polling Location) | 04/27/2026 - 05/10/2026 7:00 AM - 7:00 PM (Advanced Polling Location)
a0v3d0000000hlYAAQ,CHEROKEE,"05/19/2026 MAY 19, 2026 - GENERAL PRIMARY ELECTION",OAK GROVE FIRE STATION 19 COMMUNITY CENTER,"100 RIDGE MILL CT, ACWORTH GA 30102",05/04/2026 - 05/09/2026 8:30 AM - 5:00 PM (Advanced Polling Location) | 05/11/2026 - 05/15/2026 8:30 AM - 7:00 PM (Advanced Polling Location) | 04/27/2026 - 05/02/2026 8:30 AM - 5:00 PM (Advanced Polling Location)
a0v3d000000rXgeAAE,EMANUEL,"05/19/2026 MAY 19, 2026 - GENERAL PRIMARY ELECTION",OFFICE,"223 W MORING ST SUITE 102, SWAINSBORO GA 30401",05/11/2026 - 05/15/2026 8:30 AM - 5:00 PM (Advanced Polling Location) | 05/04/2026 - 05/09/2026 9:00 AM - 5:00 PM (Advanced Polling Location) | 04/27/2026 - 05/02/2026 9:00 AM - 5:00 PM (Advanced Polling Location) | 05/11/2026 - 05/15/2026 8:30 AM - 5:00 PM (Dropbox Polling Location) | 05/04/2026 - 05/09/2026 9:00 AM - 5:00 PM (Dropbox Polling Location) | 04/27/2026 - 05/02/2026 9:00 AM - 5:00 PM (Dropbox Polling Location)
a0v3d000000rXhGAAU,SPALDING,"05/19/2026 MAY 19, 2026 - GENERAL PRIMARY ELECTION",OFFICE OF ELECTIONS & REGISTRATION,"825 MEMORIAL DR, GRIFFIN GA 30223",05/11/2026 - 05/15/2026 9:00 AM - 5:00 PM (Advanced Polling Location) | 05/04/2026 - 05/09/2026 9:00 AM - 5:00 PM (Advanced Polling Location) | 04/27/2026 - 05/02/2026 9:00 AM - 5:00 PM (Advanced Polling Location) | 05/11/2026 - 05/15/2026 9:00 AM - 5:00 PM (Dropbox Polling Location) | 05/04/2026 - 05/09/2026 9:00 AM - 5:00 PM (Dropbox Polling Location) | 04/27/2026 - 05/02/2026 9:00 AM - 5:00 PM (Dropbox Polling Location)
a0v3d0000000hR1AAI,DOUGLAS,"05/19/2026 MAY 19, 2026 - GENERAL PRIMARY ELECTION",OLD COURTHOUSE,"6754 W CHURCH ST, DOUGLASVILLE GA 30134",05/11/2026 - 05/15/2026 8:30 AM - 6:00 PM (Advanced Polling Location) | 05/04/2026 - 05/08/2026 8:30 AM - 6:00 PM (Advanced Polling Location) | 04/27/2026 - 05/01/2026 8:30 AM - 6:00 PM (Advanced Polling Location)
a0v3d000000rXhLAAU,TIFT,"05/19/2026 MAY 19, 2026 - GENERAL PRIMARY ELECTION",OLD GYM,"222 CHESNUTT AVE BLDG B, TIFTON GA 31794",05/11/2026 - 05/15/2026 8:00 AM - 5:00 PM (Advanced Polling Location) | 05/09/2026 - 05/09/2026 9:00 AM - 5:00 PM (Advanced Polling Location) | 05/04/2026 - 05/08/2026 8:00 AM - 5:00 PM (Advanced Polling Location) | 05/02/2026 - 05/02/2026 9:00 AM - 5:00 PM (Advanced Polling Location) | 04/27/2026 - 05/01/2026 8:00 AM - 5:00 PM (Advanced Polling Location) | 05/11/2026 - 05/15/2026 8:00 AM - 5:00 PM (Dropbox Polling Location) | 05/09/2026 - 05/09/2026 9:00 AM - 5:00 PM (Dropbox Polling Location) | 05/04/2026 - 05/08/2026 8:00 AM - 5:00 PM (Dropbox Polling Location) | 05/02/2026 - 05/02/2026 9:00 AM - 5:00 PM (Dropbox Polling Location) | 04/27/2026 - 05/01/2026 8:00 AM - 5:00 PM (Dropbox Polling Location)
a0v3d0000000hMlAAI,PEACH,"05/19/2026 MAY 19, 2026 - GENERAL PRIMARY ELECTION",PEACH COUNTY GOVERNMENT CENTER,"902 CAMPUS DRIVE, FORT VALLEY GA 31030",05/11/2026 - 05/15/2026 8:00 AM - 5:00 PM (Advanced Polling Location) | 05/09/2026 - 05/09/2026 9:00 AM - 5:00 PM (Advanced Polling Location) | 05/04/2026 - 05/08/2026 8:00 AM - 5:00 PM (Advanced Polling Location) | 05/02/2026 - 05/02/2026 9:00 AM - 5:00 PM (Advanced Polling Location) | 04/27/2026 - 05/01/2026 8:00 AM - 5:00 PM (Advanced Polling Location) | 05/11/2026 - 05/15/2026 8:00 AM - 5:00 PM (Dropbox Polling Location) | 05/09/2026 - 05/09/2026 9:00 AM - 5:00 PM (Dropbox Polling Location) | 05/04/2026 - 05/08/2026 8:00 AM - 5:00 PM (Dropbox Polling Location) | 05/02/2026 - 05/02/2026 9:00 AM - 5:00 PM (Dropbox Polling Location) | 04/27/2026 - 05/01/2026 8:00 AM - 5:00 PM (Dropbox Polling Location)
a0v3d0000000hZRAAY,FAYETTE,"05/19/2026 MAY 19, 2026 - GENERAL PRIMARY ELECTION",PEACHTREE CITY LIBRARY,"201 WILLOWBEND RD, PEACHTREE CITY GA 30269",05/11/2026 - 05/15/2026 9:00 AM - 5:00 PM (Advanced Polling Location) | 05/04/2026 - 05/09/2026 9:00 AM - 5:00 PM (Advanced Polling Location) | 05/03/2026 - 05/03/2026 12:00 PM - 4:00 PM (Advanced Polling Location) | 04/27/2026 - 05/02/2026 9:00 AM - 5:00 PM (Advanced Polling Location)
a0v3d0000000hk8AAA,PICKENS,"05/19/2026 MAY 19, 2026 - GENERAL PRIMARY ELECTION",PICKENS COUNTY REC CENTER,"1329 CAMP RD, JASPER GA 30143",05/11/2026 - 05/15/2026 8:00 AM - 5:00 PM (Advanced Polling Location) | 05/09/2026 - 05/09/2026 9:00 AM - 5:00 PM (Advanced Polling Location) | 05/04/2026 - 05/08/2026 8:00 AM - 5:00 PM (Advanced Polling Location) | 05/02/2026 - 05/02/2026 9:00 AM - 5:00 PM (Advanced Polling Location) | 04/27/2026 - 05/01/2026 8:00 AM - 5:00 PM (Advanced Polling Location)
a0vcs000007diefAAA,GWINNETT,"05/19/2026 MAY 19, 2026 - GENERAL PRIMARY ELECTION",PINCKNEYVILLE COMMUNITY CENTER,"4650 PEACHTREE INDUSTRIAL BOULEVARD, NORCROSS GA 30071",05/11/2026 - 05/15/2026 7:00 AM - 7:00 PM (Advanced Polling Location) | 04/27/2026 - 05/10/2026 7:00 AM - 7:00 PM (Advanced Polling Location) | 05/11/2026 - 05/15/2026 7:00 AM - 7:00 PM (Dropbox Polling Location) | 04/27/2026 - 05/10/2026 7:00 AM - 7:00 PM (Dropbox Polling Location)
a0v3d0000000hC1AAI,JACKSON,"05/19/2026 MAY 19, 2026 - GENERAL PRIMARY ELECTION",POLICE & MUNICIPAL COURT BLDG,"5040 HIGHWAY 53, BRASELTON GA 30517",05/11/2026 - 05/15/2026 9:00 AM - 5:00 PM (Advanced Polling Location)
a0v3d0000000hUTAAY,CARROLL,"05/19/2026 MAY 19, 2026 - GENERAL PRIMARY ELECTION",POWELL PARK RECREATION CENTER,"524 LESLIE DR, VILLA RICA GA 30180-2405",05/11/2026 - 05/15/2026 8:30 AM - 5:00 PM (Advanced Polling Location)
a0v3d0000000h9dAAA,MCDUFFIE,"05/19/2026 MAY 19, 2026 - GENERAL PRIMARY ELECTION",PRECINCT ON MAIN (OLD THS GYM),"525 MAIN ST, THOMSON GA 30824",05/11/2026 - 05/15/2026 9:00 AM - 5:00 PM (Advanced Polling Location) | 05/04/2026 - 05/09/2026 9:00 AM - 5:00 PM (Advanced Polling Location) | 04/27/2026 - 05/02/2026 8:30 AM - 6:00 PM (Advanced Polling Location)
a0v3d0000000hrBAAQ,NEWTON,"05/19/2026 MAY 19, 2026 - GENERAL PRIMARY ELECTION",PROSPECT CHURCH AT OAK HILL,"6752 HIGHWAY 212, COVINGTON GA 30016",05/11/2026 - 05/15/2026 8:00 AM - 5:00 PM (Advanced Polling Location) | 05/04/2026 - 05/08/2026 8:00 AM - 5:00 PM (Advanced Polling Location) | 04/27/2026 - 05/01/2026 8:00 AM - 5:00 PM (Advanced Polling Location)
a0v3d0000000hNVAAY,PUTNAM,"05/19/2026 MAY 19, 2026 - GENERAL PRIMARY ELECTION",PUTNAM COUNTY ADMIN BLDG,"117 PUTNAM DR, EATONTON GA 31024",05/04/2026 - 05/09/2026 8:00 AM - 5:00 PM (Advanced Polling Location) | 05/11/2026 - 05/15/2026 8:00 AM - 5:00 PM (Advanced Polling Location) | 04/27/2026 - 05/02/2026 8:00 AM - 5:00 PM (Advanced Polling Location) | 04/27/2026 - 05/02/2026 8:00 AM - 5:00 PM (Dropbox Polling Location) | 05/11/2026 - 05/15/2026 8:00 AM - 5:00 PM (Dropbox Polling Location) | 05/04/2026 - 05/09/2026 8:00 AM - 5:00 PM (Dropbox Polling Location)
a0v3d0000000hq2AAA,RABUN,"05/19/2026 MAY 19, 2026 - GENERAL PRIMARY ELECTION",RABUN COUNTY ELECTIONS CENTER,"184 S MAIN ST. SUITE 102, CLAYTON GA 30525 7040",04/27/2026 - 05/02/2026 9:00 AM - 5:00 PM (Advanced Polling Location) | 05/11/2026 - 05/15/2026 9:00 AM - 5:00 PM (Advanced Polling Location) | 05/04/2026 - 05/09/2026 9:00 AM - 5:00 PM (Advanced Polling Location) | 05/11/2026 - 05/15/2026 9:00 AM - 5:00 PM (Dropbox Polling Location) | 04/27/2026 - 05/02/2026 9:00 AM - 5:00 PM (Dropbox Polling Location) | 05/04/2026 - 05/09/2026 9:00 AM - 5:00 PM (Dropbox Polling Location)
a0v3d0000000h9IAAQ,LEE,"05/19/2026 MAY 19, 2026 - GENERAL PRIMARY ELECTION",REDBONE FIRE STATION #5,"1286 GRAVES SPRINGS ROAD, LEESBURG GA 31763",05/06/2026 - 05/07/2026 2:00 PM - 7:00 PM (Advanced Polling Location)
a0v3d0000000hnbAAA,CALHOUN,"05/19/2026 MAY 19, 2026 - GENERAL PRIMARY ELECTION",REGISTRAR OFFICE,"31 COURT ST SUITE F, MORGAN GA 39866",05/11/2026 - 05/15/2026 9:00 AM - 5:00 PM (Advanced Polling Location) | 05/04/2026 - 05/09/2026 9:00 AM - 5:00 PM (Advanced Polling Location) | 04/27/2026 - 05/02/2026 9:00 AM - 5:00 PM (Advanced Polling Location)
a0v3d000002riohAAA,MONROE,"05/19/2026 MAY 19, 2026 - GENERAL PRIMARY ELECTION",REGISTRAR'S OFFICE EARLY VOTING,"479 HOLIDAY CIRCLE, FORSYTH GA 31029",05/11/2026 - 05/15/2026 9:00 AM - 5:00 PM (Advanced Polling Location) | 05/04/2026 - 05/09/2026 9:00 AM - 5:00 PM (Advanced Polling Location) | 04/27/2026 - 05/02/2026 9:00 AM - 5:00 PM (Advanced Polling Location)
a0v3d0000000hiEAAQ,BALDWIN,"05/19/2026 MAY 19, 2026 - GENERAL PRIMARY ELECTION",REGISTRATION & ELECTIONS OFFICE,"1601 N COLUMBIA ST  SUITE 110, MILLEDGEVILLE GA 31061",05/11/2026 - 05/15/2026 8:30 AM - 4:00 PM (Advanced Polling Location) | 05/09/2026 - 05/09/2026 9:00 AM - 4:00 PM (Advanced Polling Location) | 05/04/2026 - 05/08/2026 8:30 AM - 5:00 PM (Advanced Polling Location) | 05/02/2026 - 05/02/2026 9:00 AM - 4:00 PM (Advanced Polling Location) | 04/27/2026 - 05/01/2026 8:30 AM - 8:30 PM (Advanced Polling Location) | 05/11/2026 - 05/15/2026 8:30 AM - 4:00 PM (Dropbox Polling Location) | 05/09/2026 - 05/09/2026 9:00 AM - 4:00 PM (Dropbox Polling Location) | 05/04/2026 - 05/08/2026 8:30 AM - 5:00 PM (Dropbox Polling Location) | 05/02/2026 - 05/02/2026 9:00 AM - 4:00 PM (Dropbox Polling Location) | 04/27/2026 - 05/01/2026 8:30 AM - 5:00 PM (Dropbox Polling Location)
a0v3d0000000haAAAQ,BARTOW,"05/19/2026 MAY 19, 2026 - GENERAL PRIMARY ELECTION",REGISTRATION OFFICE,"1300 JOE FRANK HARRIS PWY, CARTERSVILLE GA 30120",04/27/2026 - 05/02/2026 8:00 AM - 5:00 PM (Advanced Polling Location) | 05/11/2026 - 05/15/2026 8:00 AM - 6:00 PM (Advanced Polling Location) | 05/04/2026 - 05/09/2026 8:00 AM - 5:00 PM (Advanced Polling Location) | 05/11/2026 - 05/15/2026 8:00 AM - 6:00 PM (Dropbox Polling Location) | 05/04/2026 - 05/09/2026 8:00 AM - 5:00 PM (Dropbox Polling Location) | 04/27/2026 - 05/02/2026 8:00 AM - 5:00 PM (Dropbox Polling Location)
a0vcs00000CAKGHAA5,GWINNETT,"05/19/2026 MAY 19, 2026 - GENERAL PRIMARY ELECTION",RHODES JORDAN PARK,"100 EAST CROGAN STREET, LAWRENCEVILLE GA 30046",05/11/2026 - 05/15/2026 7:00 AM - 7:00 PM (Advanced Polling Location) | 04/27/2026 - 05/10/2026 7:00 AM - 7:00 PM (Advanced Polling Location)
a0v3d0000000hBJAAY,BRYAN,"05/19/2026 MAY 19, 2026 - GENERAL PRIMARY ELECTION",RICHMOND HILL RECREATION COMPLEX,"508 TIMBER TRAIL, RICHMOND HILL GA 31324",05/11/2026 - 05/15/2026 8:00 AM - 5:00 PM (Advanced Polling Location) | 05/04/2026 - 05/09/2026 8:00 AM - 5:00 PM (Advanced Polling Location) | 04/27/2026 - 05/02/2026 8:00 AM - 5:00 PM (Advanced Polling Location) | 05/11/2026 - 05/15/2026 8:00 AM - 5:00 PM (Dropbox Polling Location) | 05/04/2026 - 05/09/2026 8:00 AM - 5:00 PM (Dropbox Polling Location) | 04/27/2026 - 05/02/2026 8:00 AM - 5:00 PM (Dropbox Polling Location)
a0v3d0000000hJjAAI,CATOOSA,"05/19/2026 MAY 19, 2026 - GENERAL PRIMARY ELECTION",RINGGOLD PRECINCT,"5238 EVITT ST, RINGGOLD GA 30736",05/15/2026 - 05/15/2026 8:00 AM - 5:00 PM (Advanced Polling Location) | 05/14/2026 - 05/14/2026 8:00 AM - 7:00 PM (Advanced Polling Location) | 05/11/2026 - 05/13/2026 8:00 AM - 5:00 PM (Advanced Polling Location) | 05/09/2026 - 05/09/2026 9:00 AM - 5:00 PM (Advanced Polling Location) | 05/04/2026 - 05/08/2026 8:00 AM - 5:00 PM (Advanced Polling Location) | 05/02/2026 - 05/02/2026 9:00 AM - 5:00 PM (Advanced Polling Location) | 04/27/2026 - 05/01/2026 8:00 AM - 5:00 PM (Advanced Polling Location) | 05/15/2026 - 05/15/2026 8:00 AM - 5:00 PM (Dropbox Polling Location) | 05/14/2026 - 05/14/2026 8:00 AM - 7:00 PM (Dropbox Polling Location) | 05/11/2026 - 05/13/2026 8:00 AM - 5:00 PM (Dropbox Polling Location) | 05/09/2026 - 05/09/2026 9:00 AM - 5:00 PM (Dropbox Polling Location) | 05/04/2026 - 05/08/2026 8:00 AM - 5:00 PM (Dropbox Polling Location) | 05/02/2026 - 05/02/2026 9:00 AM - 5:00 PM (Dropbox Polling Location) | 04/27/2026 - 05/01/2026 8:00 AM - 5:00 PM (Dropbox Polling Location)
a0v3d0000000hIsAAI,RICHMOND,"05/19/2026 MAY 19, 2026 - GENERAL PRIMARY ELECTION",ROBERT HOWARD CC/DIAMOND LAKES,"103 DIAMOND LAKES WAY, HEPHZIBAH GA 30815",05/11/2026 - 05/15/2026 8:30 AM - 6:00 PM (Advanced Polling Location) | 05/04/2026 - 05/09/2026 8:30 AM - 6:00 PM (Advanced Polling Location) | 04/27/2026 - 05/02/2026 8:30 AM - 6:00 PM (Advanced Polling Location)
a0v3d000001qFCyAAM,POLK,"05/19/2026 MAY 19, 2026 - GENERAL PRIMARY ELECTION",ROCKMART EARLY VOTING,"604 GOODYEAR AVENUE, ROCKMART GA 30153",05/11/2026 - 05/15/2026 5:00 AM - 5:00 PM (Advanced Polling Location) | 05/04/2026 - 05/09/2026 9:00 AM - 5:00 PM (Advanced Polling Location) | 04/27/2026 - 05/01/2026 9:00 AM - 5:00 PM (Advanced Polling Location)
a0v3d0000000hbgAAA,CHEROKEE,"05/19/2026 MAY 19, 2026 - GENERAL PRIMARY ELECTION",ROSE CREEK PUBLIC LIBRARY,"4476 TOWNE LAKE PARKWAY, WOODSTOCK GA 30189",04/27/2026 - 05/02/2026 8:30 AM - 5:00 PM (Advanced Polling Location) | 05/11/2026 - 05/15/2026 8:30 AM - 7:00 PM (Advanced Polling Location) | 05/04/2026 - 05/09/2026 8:30 AM - 5:00 PM (Advanced Polling Location)
a0v3d0000000hTLAAY,WALKER,"05/19/2026 MAY 19, 2026 - GENERAL PRIMARY ELECTION",ROSSVILLE MUNICIPAL CIVIC CENTER,"400 MCFARLAND AVE, ROSSVILLE GA 30741",05/13/2026 - 05/15/2026 9:00 AM - 5:00 PM (Advanced Polling Location) | 05/12/2026 - 05/12/2026 8:00 AM - 6:00 PM (Advanced Polling Location) | 05/11/2026 - 05/11/2026 9:00 AM - 5:00 PM (Advanced Polling Location) | 05/04/2026 - 05/09/2026 9:00 AM - 5:00 PM (Advanced Polling Location) | 04/27/2026 - 05/02/2026 9:00 AM - 5:00 PM (Advanced Polling Location)
a0v3d000001nT56AAE,LINCOLN,"05/19/2026 MAY 19, 2026 - GENERAL PRIMARY ELECTION",ROWLAND YORK,"1962 ROWLAND YORK DR, LINCOLNTON GA 30817",05/13/2026 - 05/15/2026 8:00 AM - 5:00 PM (Advanced Polling Location) | 05/12/2026 - 05/12/2026 8:00 AM - 6:00 PM (Advanced Polling Location) | 05/11/2026 - 05/11/2026 8:00 AM - 5:00 PM (Advanced Polling Location) | 05/09/2026 - 05/09/2026 9:00 AM - 5:00 PM (Advanced Polling Location) | 05/04/2026 - 05/08/2026 8:00 AM - 5:00 PM (Advanced Polling Location) | 05/02/2026 - 05/02/2026 9:00 AM - 5:00 PM (Advanced Polling Location) | 04/27/2026 - 05/01/2026 8:00 AM - 5:00 PM (Advanced Polling Location) | 05/02/2026 - 05/02/2026 9:00 AM - 5:00 PM (Dropbox Polling Location) | 04/29/2026 - 05/01/2026 8:00 AM - 5:00 PM (Dropbox Polling Location) | 04/28/2026 - 04/28/2026 8:00 AM - 6:00 PM (Dropbox Polling Location) | 04/27/2026 - 04/27/2026 8:00 AM - 5:00 PM (Dropbox Polling Location) | 05/13/2026 - 05/15/2026 8:00 AM - 5:00 PM (Dropbox Polling Location) | 05/12/2026 - 05/12/2026 8:00 AM - 6:00 PM (Dropbox Polling Location) | 05/11/2026 - 05/11/2026 8:00 AM - 5:00 PM (Dropbox Polling Location) | 05/09/2026 - 05/09/2026 9:00 AM - 5:00 PM (Dropbox Polling Location) | 05/06/2026 - 05/08/2026 8:00 AM - 5:00 PM (Dropbox Polling Location) | 05/05/2026 - 05/05/2026 8:00 AM - 6:00 PM (Dropbox Polling Location) | 05/04/2026 - 05/04/2026 8:00 AM - 5:00 PM (Dropbox Polling Location)
a0v3d0000000hskAAA,HABERSHAM,"05/19/2026 MAY 19, 2026 - GENERAL PRIMARY ELECTION",RUBY FULBRIGHT AQUATIC CENTER,"120 PAUL FRANKLIN RD, CLARKESVILLE GA 30523",05/11/2026 - 05/15/2026 8:00 AM - 7:00 PM (Advanced Polling Location) | 05/09/2026 - 05/09/2026 9:00 AM - 5:00 PM (Advanced Polling Location)
a0vcs00000O3r3ZAAR,FORSYTH,"05/19/2026 MAY 19, 2026 - GENERAL PRIMARY ELECTION",SHARON SPRINGS PARK COMMUNITY BUILDING,"1950 SHARON RD, CUMMING GA 30041",05/11/2026 - 05/15/2026 8:00 AM - 6:00 PM (Advanced Polling Location) | 05/09/2026 - 05/09/2026 8:00 AM - 5:00 PM (Advanced Polling Location) | 05/04/2026 - 05/08/2026 8:00 AM - 6:00 PM (Advanced Polling Location)
a0v3d0000000hjnAAA,MUSCOGEE,"05/19/2026 MAY 19, 2026 - GENERAL PRIMARY ELECTION",SHIRLEY B WINSTON CENTER-EARLY,"5025 STEAM MILL ROAD, COLUMBUS GA 31907",05/11/2026 - 05/15/2026 7:00 AM - 7:00 PM (Advanced Polling Location) | 04/27/2026 - 05/10/2026 7:00 AM - 7:00 PM (Advanced Polling Location)
a0vcs00000CALvVAAX,GWINNETT,"05/19/2026 MAY 19, 2026 - GENERAL PRIMARY ELECTION",SHORTY HOWELL PARK,"2750 PLEASANT HILL ROAD, DULUTH GA 30096",05/11/2026 - 05/15/2026 7:00 AM - 7:00 PM (Advanced Polling Location) | 04/27/2026 - 05/10/2026 7:00 AM - 7:00 PM (Advanced Polling Location)
a0v3d000000rXgOAAU,CHEROKEE,"05/19/2026 MAY 19, 2026 - GENERAL PRIMARY ELECTION",SOUTH CHEROKEE ANNEX REC CENTER,"7545 NORTH MAIN STREET, BUILDING 200, WOODSTOCK GA 30188",05/11/2026 - 05/15/2026 8:30 AM - 7:00 PM (Advanced Polling Location) | 05/04/2026 - 05/09/2026 8:30 AM - 5:00 PM (Advanced Polling Location) | 04/27/2026 - 05/02/2026 8:30 AM - 5:00 PM (Advanced Polling Location) | 05/11/2026 - 05/15/2026 8:30 AM - 7:00 PM (Dropbox Polling Location) | 05/04/2026 - 05/09/2026 8:30 AM - 5:00 PM (Dropbox Polling Location) | 04/27/2026 - 05/02/2026 8:30 AM - 5:00 PM (Dropbox Polling Location)
a0v3d0000000hkcAAA,WALTON,"05/19/2026 MAY 19, 2026 - GENERAL PRIMARY ELECTION",SOUTH WALTON COMMUNITY CENTER,"573 FAIRPLAY DR, SOCIAL CIRCLE GA 30025",05/11/2026 - 05/15/2026 8:00 AM - 5:00 PM (Advanced Polling Location) | 05/09/2026 - 05/09/2026 9:00 AM - 5:00 PM (Advanced Polling Location) | 05/04/2026 - 05/08/2026 8:00 AM - 5:00 PM (Advanced Polling Location) | 05/02/2026 - 05/02/2026 9:00 AM - 5:00 PM (Advanced Polling Location) | 04/27/2026 - 05/01/2026 8:00 AM - 5:00 PM (Advanced Polling Location)
a0v3d0000000hwTAAQ,TATTNALL,"05/19/2026 MAY 19, 2026 - GENERAL PRIMARY ELECTION",SOUTHEASTERN TECH SCHOOL,"209 BOLTON ST, GLENNVILLE GA 30427",05/11/2026 - 05/15/2026 8:00 AM - 5:00 PM (Advanced Polling Location)
a0v3d0000000hbeAAA,CHATHAM,"05/19/2026 MAY 19, 2026 - GENERAL PRIMARY ELECTION",SOUTHWEST LIBRARY,"14097 ABERCORN ST, SAVANNAH GA 31419",05/11/2026 - 05/15/2026 9:00 AM - 5:00 PM (Advanced Polling Location) | 05/04/2026 - 05/08/2026 9:00 AM - 5:00 PM (Advanced Polling Location) | 04/27/2026 - 05/01/2026 9:00 AM - 5:00 PM (Advanced Polling Location)
a0v3d0000000hcwAAA,HALL,"05/19/2026 MAY 19, 2026 - GENERAL PRIMARY ELECTION",SPOUT SPRINGS LIBRARY,"6488 SPOUT SPRINGS RD, FLOWERY BRANCH GA 30542",05/11/2026 - 05/15/2026 8:00 AM - 7:00 PM (Advanced Polling Location) | 05/09/2026 - 05/09/2026 9:00 AM - 5:00 PM (Advanced Polling Location) | 05/04/2026 - 05/08/2026 8:00 AM - 6:00 PM (Advanced Polling Location)
a0v3d0000000hc6AAA,GLYNN,"05/19/2026 MAY 19, 2026 - GENERAL PRIMARY ELECTION",SSI ADVANCED VOTING/FIRE STATION # 2,"1929 DEMERE RD, ST. SIMONS ISLAND GA 31522",05/02/2026 - 05/02/2026 9:00 AM - 5:00 PM (Advanced Polling Location) | 05/09/2026 - 05/09/2026 9:00 AM - 5:00 PM (Advanced Polling Location) | 04/27/2026 - 05/01/2026 8:00 AM - 5:00 PM (Advanced Polling Location) | 05/11/2026 - 05/16/2026 8:00 AM - 5:00 PM (Advanced Polling Location) | 05/04/2026 - 05/08/2026 8:00 AM - 5:00 PM (Advanced Polling Location)
a0v3d000003BilOAAS,CHARLTON,"05/19/2026 MAY 19, 2026 - GENERAL PRIMARY ELECTION",ST GEORGE,"13063 FLORIDA AVENUE, SST GEORGE GA 31562",05/02/2026 - 05/02/2026 9:00 AM - 5:00 PM (Advanced Polling Location) | 05/02/2026 - 05/02/2026 9:00 AM - 5:00 PM (Dropbox Polling Location)
a0v3d0000000hfvAAA,CAMDEN,"05/19/2026 MAY 19, 2026 - GENERAL PRIMARY ELECTION",ST. MARYS WELCOME CENTER ADVANCE IN PERSON,"400 OSBORNE STREET, ST. MARYS GA 31558",05/09/2026 - 05/09/2026 9:00 AM - 5:00 PM (Advanced Polling Location) | 05/11/2026 - 05/15/2026 8:00 AM - 6:00 PM (Advanced Polling Location)
a0v3d0000000haNAAQ,TALBOT,"05/19/2026 MAY 19, 2026 - GENERAL PRIMARY ELECTION",TALBOT BOARD OF ELECTIONS & REGISTRATION,"1761 GENEVA HIGHWAY, TALBOTTON GA 31827",05/04/2026 - 05/08/2026 8:30 AM - 5:00 PM (Advanced Polling Location) | 04/27/2026 - 05/01/2026 8:30 AM - 5:00 PM (Advanced Polling Location) | 05/11/2026 - 05/15/2026 8:30 AM - 5:00 PM (Advanced Polling Location) | 05/02/2026 - 05/02/2026 9:00 AM - 5:00 PM (Advanced Polling Location) | 05/09/2026 - 05/09/2026 9:00 AM - 5:00 PM (Advanced Polling Location) | 05/04/2026 - 05/08/2026 8:30 AM - 5:00 PM (Dropbox Polling Location) | 04/27/2026 - 05/01/2026 8:30 AM - 5:00 PM (Dropbox Polling Location) | 05/02/2026 - 05/02/2026 9:00 AM - 5:00 PM (Dropbox Polling Location) | 05/09/2026 - 05/09/2026 9:00 AM - 5:00 PM (Dropbox Polling Location) | 05/11/2026 - 05/15/2026 8:30 AM - 5:00 PM (Dropbox Polling Location)
a0v3d0000000hZHAAY,TELFAIR,"05/19/2026 MAY 19, 2026 - GENERAL PRIMARY ELECTION",TELFAIR CO BOARD OF ELECTIONS AND REGISTRATION,"91 TELFAIR AVE BLDG 4, McRae Helena GA 31055",05/11/2026 - 05/15/2026 8:00 AM - 5:00 PM (Advanced Polling Location) | 04/27/2026 - 05/01/2026 8:00 AM - 5:00 PM (Advanced Polling Location) | 05/02/2026 - 05/02/2026 9:00 AM - 5:00 PM (Advanced Polling Location) | 05/04/2026 - 05/08/2026 8:00 AM - 5:00 PM (Advanced Polling Location) | 05/09/2026 - 05/09/2026 9:00 AM - 5:00 PM (Advanced Polling Location) | 05/11/2026 - 05/15/2026 8:00 AM - 5:00 PM (Dropbox Polling Location) | 05/09/2026 - 05/09/2026 9:00 AM - 5:00 PM (Dropbox Polling Location) | 05/02/2026 - 05/02/2026 9:00 AM - 5:00 PM (Dropbox Polling Location) | 04/27/2026 - 05/01/2026 8:00 AM - 5:00 PM (Dropbox Polling Location) | 05/04/2026 - 05/08/2026 8:00 AM - 5:00 PM (Dropbox Polling Location)
a0v3d000001Ez2eAAC,TERRELL,"05/19/2026 MAY 19, 2026 - GENERAL PRIMARY ELECTION",TERRELL COUNTY ELECTIONS AND REGISTRATION OFFICE,"955 Forrester Dr. SE, Dawson GA 39842",04/27/2026 - 05/01/2026 9:00 AM - 5:00 PM (Advanced Polling Location) | 05/02/2026 - 05/02/2026 9:00 AM - 5:00 PM (Advanced Polling Location) | 05/04/2026 - 05/08/2026 9:00 AM - 5:00 PM (Advanced Polling Location) | 05/09/2026 - 05/09/2026 9:00 AM - 5:00 PM (Advanced Polling Location) | 05/11/2026 - 05/14/2026 9:00 AM - 5:00 PM (Advanced Polling Location) | 05/19/2026 - 05/19/2026 9:00 AM - 5:00 PM (Advanced Polling Location) | 05/09/2026 - 05/09/2026 8:00 AM - 5:00 PM (Dropbox Polling Location) | 05/19/2026 - 05/19/2026 7:00 AM - 7:00 AM (Dropbox Polling Location) | 04/27/2026 - 05/01/2026 8:00 AM - 5:00 PM (Dropbox Polling Location) | 05/02/2026 - 05/02/2026 8:00 AM - 5:00 PM (Dropbox Polling Location) | 05/11/2026 - 05/15/2026 8:00 AM - 5:00 PM (Dropbox Polling Location) | 05/04/2026 - 05/08/2026 8:00 AM - 5:00 PM (Dropbox Polling Location)
a0v3d000002EB4iAAG,LEE,"05/19/2026 MAY 19, 2026 - GENERAL PRIMARY ELECTION",THE BINDERY  OAKLAND LIBRARY,"445 OAKLAND PARKWAY WEST, LEESBURG GA 31763",05/04/2026 - 05/05/2026 2:00 PM - 7:00 PM (Advanced Polling Location)
a0v3d000001y1icAAA,CHEROKEE,"05/19/2026 MAY 19, 2026 - GENERAL PRIMARY ELECTION",THE BUZZ AHRENS RECREATION CENTER,"7345 CUMMING HWY, CANTON GA 30115",05/11/2026 - 05/15/2026 8:30 AM - 7:00 PM (Advanced Polling Location) | 04/27/2026 - 05/02/2026 8:30 AM - 5:00 PM (Advanced Polling Location) | 05/04/2026 - 05/09/2026 8:30 AM - 5:00 PM (Advanced Polling Location) | 05/04/2026 - 05/09/2026 8:30 AM - 5:00 PM (Dropbox Polling Location) | 05/11/2026 - 05/15/2026 8:30 AM - 7:00 PM (Dropbox Polling Location) | 04/27/2026 - 05/02/2026 8:30 AM - 5:00 PM (Dropbox Polling Location)
a0v3d0000000hi4AAA,COLUMBIA,"05/19/2026 MAY 19, 2026 - GENERAL PRIMARY ELECTION",THE FORMER EUCHEE CREEK LIBRARY,"5907 EUCHEE CREEK DRIVE, GROVETOWN GA 30813",05/11/2026 - 05/15/2026 8:00 AM - 5:00 PM (Advanced Polling Location) | 04/27/2026 - 05/01/2026 8:00 AM - 5:00 PM (Advanced Polling Location) | 05/02/2026 - 05/02/2026 9:00 AM - 5:00 PM (Advanced Polling Location) | 05/04/2026 - 05/08/2026 8:00 AM - 5:00 PM (Advanced Polling Location) | 05/09/2026 - 05/09/2026 9:00 AM - 5:00 PM (Advanced Polling Location) | 05/11/2026 - 05/15/2026 8:00 AM - 5:00 PM (Dropbox Polling Location) | 05/09/2026 - 05/09/2026 9:00 AM - 5:00 PM (Dropbox Polling Location) | 05/02/2026 - 05/02/2026 9:00 AM - 5:00 PM (Dropbox Polling Location) | 04/27/2026 - 05/01/2026 8:00 AM - 5:00 PM (Dropbox Polling Location) | 05/04/2026 - 05/08/2026 8:00 AM - 5:00 PM (Dropbox Polling Location)
a0v3d000002qxRQAAY,FLOYD,"05/19/2026 MAY 19, 2026 - GENERAL PRIMARY ELECTION",THORNTON REC CENTER,"102 N FLOYD PARK RD, ROME GA 30165",04/27/2026 - 05/01/2026 8:00 AM - 5:00 PM (Advanced Polling Location) | 05/04/2026 - 05/08/2026 8:00 AM - 5:00 PM (Advanced Polling Location) | 05/11/2026 - 05/15/2026 8:00 AM - 5:00 PM (Advanced Polling Location)
a0vcs00000MiakfAAB,TROUP,"05/19/2026 MAY 19, 2026 - GENERAL PRIMARY ELECTION",TOD A TENTLER COMPLEX - EV,"1700 WHITESVILLE RD, LAGRANGE GA 30240",05/02/2026 - 05/02/2026 9:00 AM - 5:00 PM (Advanced Polling Location) | 05/09/2026 - 05/09/2026 9:00 AM - 5:00 PM (Advanced Polling Location) | 05/04/2026 - 05/08/2026 8:00 AM - 5:00 PM (Advanced Polling Location) | 05/11/2026 - 05/15/2026 8:00 AM - 5:00 PM (Advanced Polling Location) | 04/27/2026 - 05/01/2026 8:00 AM - 5:00 PM (Advanced Polling Location) | 05/11/2026 - 05/15/2026 8:00 AM - 5:00 PM (Dropbox Polling Location) | 04/27/2026 - 05/01/2026 8:00 AM - 5:00 PM (Dropbox Polling Location) | 05/02/2026 - 05/02/2026 9:00 AM - 5:00 PM (Dropbox Polling Location) | 05/04/2026 - 05/08/2026 8:00 AM - 5:00 PM (Dropbox Polling Location) | 05/09/2026 - 05/09/2026 8:00 AM - 5:00 PM (Dropbox Polling Location)
a0v3d0000000hZwAAI,TOOMBS,"05/19/2026 MAY 19, 2026 - GENERAL PRIMARY ELECTION",TOOMBS COUNTY ADVANCE VOTING LOCATION,"100 COURTHOUSE SQ, STE 112, LYONS GA 30436",04/27/2026 - 05/01/2026 8:30 AM - 5:00 PM (Advanced Polling Location) | 05/02/2026 - 05/02/2026 9:00 AM - 5:00 PM (Advanced Polling Location) | 05/04/2026 - 05/08/2026 8:30 AM - 5:00 PM (Advanced Polling Location) | 05/09/2026 - 05/09/2026 9:00 AM - 5:00 PM (Advanced Polling Location) | 05/11/2026 - 05/15/2026 8:30 AM - 5:00 PM (Advanced Polling Location) | 05/04/2026 - 05/17/2026 8:30 AM - 5:00 PM (Dropbox Polling Location) | 04/20/2026 - 05/03/2026 8:30 AM - 5:00 PM (Dropbox Polling Location) | 05/18/2026 - 05/19/2026 8:30 AM - 5:00 PM (Dropbox Polling Location)
a0v3d0000000hYxAAI,TOWNS,"05/19/2026 MAY 19, 2026 - GENERAL PRIMARY ELECTION",TOWNS COUNTY CIVIC CENTER,"67 LAKEVIEW CIRCLE SUITE A, HIAWASSEE GA 30546",05/11/2026 - 05/15/2026 9:00 AM - 5:00 PM (Advanced Polling Location) | 04/27/2026 - 05/02/2026 9:00 AM - 5:00 PM (Advanced Polling Location) | 05/04/2026 - 05/09/2026 9:00 AM - 5:00 PM (Advanced Polling Location) | 05/11/2026 - 05/15/2026 9:00 AM - 5:00 PM (Dropbox Polling Location) | 04/27/2026 - 05/02/2026 9:00 AM - 5:00 PM (Dropbox Polling Location) | 05/04/2026 - 05/09/2026 9:00 AM - 5:00 PM (Dropbox Polling Location)
a0v3d0000000hODAAY,TREUTLEN,"05/19/2026 MAY 19, 2026 - GENERAL PRIMARY ELECTION",TREUTLEN COUNTY ANNEX,"650 SECOND ST, SOPERTON GA 30457",04/27/2026 - 05/02/2026 9:00 AM - 5:00 PM (Advanced Polling Location) | 05/04/2026 - 05/09/2026 9:00 AM - 5:00 PM (Advanced Polling Location) | 05/11/2026 - 05/15/2026 9:00 AM - 5:00 PM (Advanced Polling Location) | 04/27/2026 - 05/02/2026 9:00 AM - 5:00 PM (Dropbox Polling Location) | 05/04/2026 - 05/09/2026 9:00 AM - 5:00 PM (Dropbox Polling Location) | 05/11/2026 - 05/15/2026 9:00 AM - 5:00 PM (Dropbox Polling Location)
a0v3d0000000hleAAA,NEWTON,"05/19/2026 MAY 19, 2026 - GENERAL PRIMARY ELECTION",TURNER LAKE RECREATION CENTER  - BANQUET RM,"6185 TURNER LAKE RD NW, COVINGTON GA 30014",05/13/2026 - 05/13/2026 8:00 AM - 7:00 PM (Advanced Polling Location) | 04/27/2026 - 05/01/2026 8:00 AM - 5:00 PM (Advanced Polling Location) | 05/02/2026 - 05/02/2026 9:00 AM - 5:00 PM (Advanced Polling Location) | 05/04/2026 - 05/08/2026 8:00 AM - 5:00 PM (Advanced Polling Location) | 05/09/2026 - 05/09/2026 9:00 AM - 5:00 PM (Advanced Polling Location) | 05/15/2026 - 05/15/2026 8:00 AM - 7:00 PM (Advanced Polling Location) | 05/11/2026 - 05/12/2026 8:00 AM - 5:00 PM (Advanced Polling Location) | 05/14/2026 - 05/14/2026 8:00 AM - 7:00 PM (Advanced Polling Location)
a0v3d0000000hYbAAI,TWIGGS,"05/19/2026 MAY 19, 2026 - GENERAL PRIMARY ELECTION",TWIGGSCOUNTY COURTHOUSE,"425 RAILROAD STREET NORT, JEFFERSONVILLE GA 31044",05/04/2026 - 05/09/2026 9:00 AM - 5:00 PM (Advanced Polling Location) | 04/27/2026 - 05/02/2026 9:00 AM - 5:00 PM (Advanced Polling Location) | 05/11/2026 - 05/15/2026 9:00 AM - 5:00 PM (Advanced Polling Location) | 05/11/2026 - 05/15/2026 9:00 AM - 5:00 PM (Dropbox Polling Location) | 05/04/2026 - 05/09/2026 9:00 AM - 5:00 PM (Dropbox Polling Location) | 04/27/2026 - 05/02/2026 9:00 AM - 5:00 PM (Dropbox Polling Location)
a0v3d0000000hZQAAY,FAYETTE,"05/19/2026 MAY 19, 2026 - GENERAL PRIMARY ELECTION",TYRONE TOWN HALL,"950 SENOIA RD., TYRONE GA 30290",04/27/2026 - 05/02/2026 9:00 AM - 5:00 PM (Advanced Polling Location) | 05/04/2026 - 05/09/2026 9:00 AM - 5:00 PM (Advanced Polling Location) | 05/11/2026 - 05/15/2026 9:00 AM - 5:00 PM (Advanced Polling Location)
a0v3d0000000hbOAAQ,CHATTAHOOCHEE,"05/19/2026 MAY 19, 2026 - GENERAL PRIMARY ELECTION",UNIFIED GOVT OFFICES OF CUSSETA-CHATTAHOOCHEE COUNTY,"215 MCNAUGHTON, CUSSETA GA 31805",05/04/2026 - 05/08/2026 8:00 AM - 5:00 PM (Advanced Polling Location) | 04/27/2026 - 05/01/2026 8:00 AM - 5:00 PM (Advanced Polling Location) | 05/02/2026 - 05/02/2026 9:00 AM - 5:00 PM (Advanced Polling Location) | 05/09/2026 - 05/09/2026 9:00 AM - 5:00 PM (Advanced Polling Location) | 05/11/2026 - 05/15/2026 8:00 AM - 5:00 PM (Advanced Polling Location)
a0v3d000000rXgYAAU,DOOLY,"05/19/2026 MAY 19, 2026 - GENERAL PRIMARY ELECTION",VIENNA VOTING PRECINCT,"402 HAWKINSVILLE ROAD, VIENNA GA 31092",04/27/2026 - 05/02/2026 8:00 AM - 5:00 PM (Advanced Polling Location) | 05/04/2026 - 05/09/2026 8:00 AM - 5:00 PM (Advanced Polling Location) | 05/11/2026 - 05/15/2026 8:00 AM - 5:00 PM (Advanced Polling Location) | 04/27/2026 - 05/10/2026 8:00 AM - 5:00 PM (Dropbox Polling Location) | 05/11/2026 - 05/19/2026 8:00 AM - 5:00 PM (Dropbox Polling Location)
a0v3d0000000hosAAA,TAYLOR,"05/19/2026 MAY 19, 2026 - GENERAL PRIMARY ELECTION",VOTER REGISTRAR OFFICE,"1 IVY ST., BUTLER GA 31006",05/02/2026 - 05/02/2026 9:00 AM - 5:00 PM (Advanced Polling Location) | 04/27/2026 - 05/01/2026 8:00 AM - 5:00 PM (Advanced Polling Location) | 05/04/2026 - 05/08/2026 8:00 AM - 5:00 PM (Advanced Polling Location) | 05/09/2026 - 05/09/2026 9:00 AM - 5:00 PM (Advanced Polling Location) | 05/11/2026 - 05/15/2026 8:00 AM - 5:00 PM (Advanced Polling Location) | 05/04/2026 - 05/08/2026 8:00 AM - 5:00 PM (Dropbox Polling Location) | 05/09/2026 - 05/09/2026 9:00 AM - 5:00 PM (Dropbox Polling Location) | 05/11/2026 - 05/15/2026 8:00 AM - 5:00 PM (Dropbox Polling Location) | 05/18/2026 - 05/18/2026 8:00 AM - 5:00 PM (Dropbox Polling Location) | 05/19/2026 - 05/19/2026 8:00 AM - 5:00 PM (Dropbox Polling Location) | 04/27/2026 - 05/01/2026 8:00 AM - 5:00 PM (Dropbox Polling Location) | 05/02/2026 - 05/02/2026 9:00 AM - 5:00 PM (Dropbox Polling Location) | 04/20/2026 - 04/24/2026 8:00 AM - 5:00 PM (Dropbox Polling Location)
a0v3d000001nCLeAAM,CHATHAM,"05/19/2026 MAY 19, 2026 - GENERAL PRIMARY ELECTION",VOTER REGISTRATION ANNEX,"1249 EISENHOWER DR, SAVANNAH GA 31406",05/02/2026 - 05/03/2026 9:00 AM - 5:00 PM (Advanced Polling Location) | 05/04/2026 - 05/08/2026 7:00 AM - 7:00 PM (Advanced Polling Location) | 05/09/2026 - 05/10/2026 9:00 AM - 5:00 PM (Advanced Polling Location) | 05/11/2026 - 05/15/2026 7:00 AM - 7:00 PM (Advanced Polling Location) | 04/27/2026 - 05/01/2026 7:00 AM - 7:00 PM (Advanced Polling Location) | 05/09/2026 - 05/10/2026 9:00 AM - 5:00 PM (Dropbox Polling Location) | 04/27/2026 - 05/01/2026 7:00 AM - 7:00 PM (Dropbox Polling Location) | 05/11/2026 - 05/15/2026 7:00 AM - 7:00 PM (Dropbox Polling Location) | 05/02/2026 - 05/03/2026 9:00 AM - 5:00 PM (Dropbox Polling Location) | 05/04/2026 - 05/08/2026 7:00 AM - 7:00 PM (Dropbox Polling Location)
a0v3d0000000hZ5AAI,COWETA,"05/19/2026 MAY 19, 2026 - GENERAL PRIMARY ELECTION",VOTER REGISTRATION OFFICE,"87 NEWNAN STATION DRIVE, NEWNAN GA 30265",04/27/2026 - 05/01/2026 9:00 AM - 5:00 PM (Advanced Polling Location) | 05/02/2026 - 05/02/2026 9:00 AM - 5:00 PM (Advanced Polling Location) | 05/04/2026 - 05/08/2026 9:00 AM - 5:00 PM (Advanced Polling Location) | 05/09/2026 - 05/09/2026 9:00 AM - 5:00 PM (Advanced Polling Location) | 05/11/2026 - 05/15/2026 9:00 AM - 5:00 PM (Advanced Polling Location) | 05/11/2026 - 05/15/2026 9:00 AM - 5:00 PM (Dropbox Polling Location) | 04/27/2026 - 05/01/2026 9:00 AM - 5:00 PM (Dropbox Polling Location) | 05/02/2026 - 05/02/2026 9:00 AM - 5:00 PM (Dropbox Polling Location) | 05/04/2026 - 05/08/2026 9:00 AM - 5:00 PM (Dropbox Polling Location) | 05/09/2026 - 05/09/2026 9:00 AM - 5:00 PM (Dropbox Polling Location)
a0v3d0000000hJAAAY,RICHMOND,"05/19/2026 MAY 19, 2026 - GENERAL PRIMARY ELECTION",WARREN RD RECREATION CENTER,"300 WARREN ROAD, AUGUSTA GA 30907",05/11/2026 - 05/15/2026 8:30 AM - 6:00 PM (Advanced Polling Location) | 05/04/2026 - 05/09/2026 8:30 AM - 6:00 PM (Advanced Polling Location) | 04/27/2026 - 05/02/2026 8:30 AM - 6:00 PM (Advanced Polling Location)
a0v3d0000000hPJAAY,WASHINGTON,"05/19/2026 MAY 19, 2026 - GENERAL PRIMARY ELECTION",WASHINGTON COUNTY BOARD OF ELECTIONS AND REGISTRATION,"150 RIDDLEVILLE ROAD, SANDERSVILLE GA 31082",04/27/2026 - 05/02/2026 9:00 AM - 5:00 PM (Advanced Polling Location) | 05/04/2026 - 05/09/2026 9:00 AM - 5:00 PM (Advanced Polling Location) | 05/11/2026 - 05/15/2026 9:00 AM - 5:00 PM (Advanced Polling Location) | 05/11/2026 - 05/15/2026 9:00 AM - 5:00 PM (Dropbox Polling Location) | 04/27/2026 - 05/02/2026 9:00 AM - 5:00 PM (Dropbox Polling Location) | 05/04/2026 - 05/09/2026 9:00 AM - 5:00 PM (Dropbox Polling Location)
a0v3d000000rXh7AAE,PAULDING,"05/19/2026 MAY 19, 2026 - GENERAL PRIMARY ELECTION",WATSON GOV'T COMPLEX,"240 CONSTITUTION BLVD, DALLAS GA 30132",04/27/2026 - 05/02/2026 8:00 AM - 5:00 PM (Advanced Polling Location) | 05/11/2026 - 05/15/2026 8:00 AM - 7:00 PM (Advanced Polling Location) | 05/04/2026 - 05/09/2026 8:00 AM - 5:00 PM (Advanced Polling Location) | 04/27/2026 - 05/02/2026 8:00 AM - 5:00 PM (Dropbox Polling Location) | 05/11/2026 - 05/15/2026 8:00 AM - 7:00 PM (Dropbox Polling Location) | 05/04/2026 - 05/09/2026 8:00 AM - 5:00 PM (Dropbox Polling Location)
a0v3d0000000hbjAAA,WEBSTER,"05/19/2026 MAY 19, 2026 - GENERAL PRIMARY ELECTION",WEBSTER COUNTY COMMISSIONER OFFICE,"40 CEMETERY ROAD, PRESTON GA 31824",05/11/2026 - 05/15/2026 8:30 AM - 4:00 PM (Advanced Polling Location) | 04/27/2026 - 05/10/2026 8:30 AM - 4:00 PM (Advanced Polling Location) | 04/27/2026 - 05/10/2026 7:00 AM - 7:00 PM (Dropbox Polling Location) | 05/11/2026 - 05/19/2026 7:00 AM - 7:00 PM (Dropbox Polling Location)
a0v3d0000000hPGAAY,CATOOSA,"05/19/2026 MAY 19, 2026 - GENERAL PRIMARY ELECTION",WESTSIDE PRECINCT,"3319 LAKEVIEW DR, ROSSVILLE GA 30741",04/27/2026 - 05/01/2026 8:00 AM - 5:00 PM (Advanced Polling Location) | 05/02/2026 - 05/02/2026 9:00 AM - 5:00 PM (Advanced Polling Location) | 05/04/2026 - 05/08/2026 8:00 AM - 5:00 PM (Advanced Polling Location) | 05/09/2026 - 05/09/2026 9:00 AM - 5:00 PM (Advanced Polling Location) | 05/11/2026 - 05/13/2026 8:00 AM - 5:00 PM (Advanced Polling Location) | 05/14/2026 - 05/14/2026 8:00 AM - 7:00 PM (Advanced Polling Location) | 05/15/2026 - 05/15/2026 8:00 AM - 5:00 PM (Advanced Polling Location)
a0v3d000000rXhUAAU,WHITFIELD,"05/19/2026 MAY 19, 2026 - GENERAL PRIMARY ELECTION",WHITFIELD COUNTY COURTHOUSE,"205 N SELVIDGE ST, DALTON GA 30720",05/09/2026 - 05/09/2026 9:00 AM - 5:00 PM (Advanced Polling Location) | 04/27/2026 - 05/01/2026 8:00 AM - 5:00 PM (Advanced Polling Location) | 05/15/2026 - 05/15/2026 8:00 AM - 5:00 PM (Advanced Polling Location) | 05/02/2026 - 05/02/2026 9:00 AM - 5:00 PM (Advanced Polling Location) | 05/14/2026 - 05/14/2026 8:00 AM - 5:00 PM (Advanced Polling Location) | 05/04/2026 - 05/08/2026 8:00 AM - 5:00 PM (Advanced Polling Location) | 05/11/2026 - 05/13/2026 8:00 AM - 5:00 PM (Advanced Polling Location) | 05/15/2026 - 05/15/2026 8:00 AM - 5:00 PM (Dropbox Polling Location) | 04/27/2026 - 05/01/2026 8:00 AM - 5:00 PM (Dropbox Polling Location) | 05/02/2026 - 05/02/2026 9:00 AM - 5:00 PM (Dropbox Polling Location) | 05/04/2026 - 05/08/2026 8:00 AM - 5:00 PM (Dropbox Polling Location) | 05/09/2026 - 05/09/2026 9:00 AM - 5:00 PM (Dropbox Polling Location) | 05/11/2026 - 05/13/2026 8:00 AM - 5:00 PM (Dropbox Polling Location) | 05/14/2026 - 05/14/2026 8:00 AM - 5:00 PM (Dropbox Polling Location)
a0v3d000000rXhVAAU,WILCOX,"05/19/2026 MAY 19, 2026 - GENERAL PRIMARY ELECTION",WILCOX BOARD OF ELECTIONS & REGISTRATION,"239 GORDON ST, ROCHELLE GA 31079",04/27/2026 - 05/02/2026 9:00 AM - 5:00 PM (Advanced Polling Location) | 05/04/2026 - 05/09/2026 9:00 AM - 5:00 PM (Advanced Polling Location) | 05/11/2026 - 05/15/2026 9:00 AM - 5:00 PM (Advanced Polling Location) | 05/04/2026 - 05/09/2026 9:00 AM - 5:00 PM (Dropbox Polling Location) | 04/27/2026 - 05/02/2026 9:00 AM - 5:00 PM (Dropbox Polling Location) | 05/11/2026 - 05/15/2026 9:00 AM - 5:00 PM (Dropbox Polling Location)
a0v3d0000000haXAAQ,CAMDEN,"05/19/2026 MAY 19, 2026 - GENERAL PRIMARY ELECTION",WOODBINE ADVANCE IN PERSON,"200 E 4TH ST, WOODBINE GA 31569",05/09/2026 - 05/09/2026 9:00 AM - 5:00 PM (Advanced Polling Location) | 04/27/2026 - 05/01/2026 8:00 AM - 5:00 PM (Advanced Polling Location) | 05/02/2026 - 05/02/2026 9:00 AM - 5:00 PM (Advanced Polling Location) | 05/04/2026 - 05/08/2026 8:00 AM - 5:00 PM (Advanced Polling Location)
a0vcs000002WjyXAAS,DOUGLAS,"05/19/2026 MAY 19, 2026 - GENERAL PRIMARY ELECTION",WOODIE FITE SENIOR CENTER,"8750 DORRIS RD, DOUGLASVILLE GA 30134",04/27/2026 - 05/01/2026 8:30 AM - 6:00 PM (Advanced Polling Location) | 05/02/2026 - 05/02/2026 9:00 AM - 5:00 PM (Advanced Polling Location) | 05/04/2026 - 05/08/2026 8:30 AM - 6:00 PM (Advanced Polling Location) | 05/09/2026 - 05/09/2026 9:00 AM - 5:00 PM (Advanced Polling Location) | 05/11/2026 - 05/15/2026 8:30 AM - 6:00 PM (Advanced Polling Location)
a0v3d0000000hhgAAA,HANCOCK,"05/19/2026 MAY 19, 2026 - GENERAL PRIMARY ELECTION",YOUTH CENTER,"12560 AUGUSTA HWY E, SPARTA GA 31087",04/27/2026 - 05/02/2026 9:00 AM - 5:00 PM (Advanced Polling Location) | 05/04/2026 - 05/09/2026 9:00 AM - 5:00 PM (Advanced Polling Location) | 05/11/2026 - 05/15/2026 9:00 AM - 5:00 PM (Advanced Polling Location)
