address_id,polling_place_county,polling_place_name,polling_place_address_full,polling_place_address_line_1,polling_place_address_city,polling_place_address_state,polling_place_address_zip,image_url,hours_advanced_polling,Latitude,Longitude,status,date_added,date_removed
33_Roscoe_Collins_Dr_Blairsville_GA_30512,UNION,ABSENTEE,"33 Roscoe Collins Dr, Blairsville, GA 30512",33 Roscoe Collins Dr,Blairsville,GA,30512,,"10/13/2026 - 10/17/2026 9:00 AM - 5:00 PM (Advanced Polling Location)
10/19/2026 - 10/24/2026 9:00 AM - 5:00 PM (Advanced Polling Location)
10/26/2026 - 10/30/2026 9:00 AM - 5:00 PM (Advanced Polling Location)",,,,,
275_Cleveland_Rd_Bogart_GA_30622,CLARKE,ACC COOPERATIVE EXTENSION OFFICE,"275 Cleveland Rd, Bogart, GA 30622",275 Cleveland Rd,Bogart,GA,30622,,"10/24/2026 - 10/24/2026 8:00 AM - 6:00 PM (Advanced Polling Location)
10/26/2026 - 10/26/2026 8:00 AM - 6:00 PM (Advanced Polling Location)
10/27/2026 - 10/27/2026 8:00 AM - 6:00 PM (Advanced Polling Location)
10/28/2026 - 10/28/2026 8:00 AM - 6:00 PM (Advanced Polling Location)
10/29/2026 - 10/29/2026 8:00 AM - 6:00 PM (Advanced Polling Location)
10/30/2026 - 10/30/2026 8:00 AM - 6:00 PM (Advanced Polling Location)",,,,,
71_Case_Ave_Trenton_GA_30752,DADE,ADMIN.BLDG CMM/ROOM,"71 Case Ave, Trenton, GA 30752",71 Case Ave,Trenton,GA,30752,,"10/13/2026 - 10/16/2026 9:00 AM - 5:00 PM (Advanced Polling Location)
10/19/2026 - 10/23/2026 9:00 AM - 5:00 PM (Advanced Polling Location)
10/26/2026 - 10/30/2026 9:00 AM - 5:00 PM (Advanced Polling Location)",,,,,
"182_Cade_St,_Ste_C_Hartwell_GA_30643",HART,ADVANCE ABSENTEE VOTING,"182 Cade St, Ste C, Hartwell, GA 30643","182 Cade St, Ste C",Hartwell,GA,30643,,"10/13/2026 - 10/17/2026 9:00 AM - 5:00 PM (Advanced Polling Location)
10/19/2026 - 10/24/2026 9:00 AM - 5:00 PM (Advanced Polling Location)
10/26/2026 - 10/30/2026 9:00 AM - 5:00 PM (Advanced Polling Location)",,,,,
75_W_Academy_St_Ludowici_GA_31316,LONG,ADVANCE IN PERSON,"75 W Academy St, Ludowici, GA 31316",75 W Academy St,Ludowici,GA,31316,,"10/13/2026 - 10/16/2026 8:00 AM - 5:00 PM (Advanced Polling Location)
10/17/2026 - 10/17/2026 9:00 AM - 5:00 PM (Advanced Polling Location)
10/19/2026 - 10/23/2026 8:00 AM - 5:00 PM (Advanced Polling Location)
10/24/2026 - 10/24/2026 9:00 AM - 5:00 PM (Advanced Polling Location)
10/26/2026 - 10/30/2026 8:00 AM - 5:00 PM (Advanced Polling Location)",,,,,
2484_W_Elm_St_Wrightsville_GA_31096,JOHNSON,ADVANCE VOTING,"2484 W Elm St, Wrightsville, GA 31096",2484 W Elm St,Wrightsville,GA,31096,,"10/13/2026 - 10/16/2026 8:00 AM - 5:00 PM (Advanced Polling Location)
10/17/2026 - 10/17/2026 9:00 AM - 5:00 PM (Advanced Polling Location)
10/19/2026 - 10/23/2026 8:00 AM - 5:00 PM (Advanced Polling Location)
10/24/2026 - 10/24/2026 9:00 AM - 5:00 PM (Advanced Polling Location)
10/26/2026 - 10/30/2026 8:00 AM - 5:00 PM (Advanced Polling Location)",,,,,
100_E_Burkhalter_Av_Buena_Vista_GA_31803,MARION,ADVANCE VOTING,"100 E Burkhalter Av, Buena Vista, GA 31803",100 E Burkhalter Av,Buena Vista,GA,31803,,"10/13/2026 - 10/16/2026 8:00 AM - 5:00 PM (Advanced Polling Location)
10/17/2026 - 10/17/2026 9:00 AM - 5:00 PM (Advanced Polling Location)
10/19/2026 - 10/23/2026 8:00 AM - 5:00 PM (Advanced Polling Location)
10/24/2026 - 10/24/2026 9:00 AM - 5:00 PM (Advanced Polling Location)
10/26/2026 - 10/30/2026 8:00 AM - 5:00 PM (Advanced Polling Location)",,,,,
100_E_Burkhalter_Av_Buena_Vista_GA_31803,MARION,ADVANCE VOTING,"100 E Burkhalter Av, Buena Vista, GA 31803",100 E Burkhalter Av,Buena Vista,GA,31803,,"10/13/2026 - 10/16/2026 8:00 AM - 5:00 PM (Advanced Polling Location)
10/17/2026 - 10/17/2026 9:00 AM - 5:00 PM (Advanced Polling Location)
10/19/2026 - 10/23/2026 8:00 AM - 5:00 PM (Advanced Polling Location)
10/24/2026 - 10/24/2026 9:00 AM - 5:00 PM (Advanced Polling Location)
10/26/2026 - 10/30/2026 8:00 AM - 5:00 PM (Advanced Polling Location)",,,,,
7077_Hwy_19_S_Zebulon_GA_30295,PIKE,J. JOEL EDWARDS PUBLIC LIBRARY,"7077 Hwy 19 S, Zebulon, GA 30295",7077 Hwy 19 S,Zebulon,GA,30295,,"10/13/2026 - 10/17/2026 9:00 AM - 5:00 PM (Advanced Polling Location)
10/19/2026 - 10/24/2026 9:00 AM - 5:00 PM (Advanced Polling Location)
10/26/2026 - 10/30/2026 9:00 AM - 5:00 PM (Advanced Polling Location)",,,,,
2011_Reed_Creek_School_Rd_Hartwell_GA_30643,HART,ADVANCED VOTING,"2011 Reed Creek School Rd, Hartwell, GA 30643",2011 Reed Creek School Rd,Hartwell,GA,30643,,"10/13/2026 - 10/17/2026 9:00 AM - 5:00 PM (Advanced Polling Location)
10/19/2026 - 10/24/2026 9:00 AM - 5:00 PM (Advanced Polling Location)
10/26/2026 - 10/30/2026 9:00 AM - 5:00 PM (Advanced Polling Location)",,,,,
"100_S_Wall_St,_Ste_1_Calhoun_GA_30701",GORDON,ADVANCED/EARLY VOTING,"100 S Wall St, Ste 1, Calhoun, GA 30701","100 S Wall St, Ste 1",Calhoun,GA,30701,,"10/13/2026 - 10/16/2026 8:30 AM - 5:00 PM (Advanced Polling Location)
10/17/2026 - 10/17/2026 9:00 AM - 5:00 PM (Advanced Polling Location)
10/19/2026 - 10/23/2026 8:30 AM - 5:00 PM (Advanced Polling Location)
10/24/2026 - 10/24/2026 9:00 AM - 5:00 PM (Advanced Polling Location)
10/26/2026 - 10/30/2026 8:30 AM - 5:00 PM (Advanced Polling Location)",,,,,
2231_Campbellton_Rd_SW_Atlanta_GA_30311,FULTON,ADAMS PARK LIBRARY,"2231 Campbellton Rd SW, Atlanta, GA 30311",2231 Campbellton Rd SW,Atlanta,GA,30311,,"10/13/2026 - 10/16/2026 7:00 AM - 7:00 PM (Advanced Polling Location)
10/17/2026 - 10/17/2026 9:00 AM - 5:00 PM (Advanced Polling Location)
10/18/2026 - 10/18/2026 12:00 PM - 5:00 PM (Advanced Polling Location)
10/19/2026 - 10/23/2026 7:00 AM - 7:00 PM (Advanced Polling Location)
10/24/2026 - 10/24/2026 9:00 AM - 5:00 PM (Advanced Polling Location)
10/25/2026 - 10/25/2026 12:00 PM - 5:00 PM (Advanced Polling Location)
10/26/2026 - 10/30/2026 7:00 AM - 7:00 PM (Advanced Polling Location)",,,,,
10_Park_Plaza_Alpharetta_GA_30009,FULTON,ALPHARETTA BRANCH LIBRARY,"10 Park Plaza, Alpharetta, GA 30009",10 Park Plaza,Alpharetta,GA,30009,,"10/13/2026 - 10/16/2026 7:00 AM - 7:00 PM (Advanced Polling Location)
10/17/2026 - 10/17/2026 9:00 AM - 5:00 PM (Advanced Polling Location)
10/18/2026 - 10/18/2026 12:00 PM - 5:00 PM (Advanced Polling Location)
10/19/2026 - 10/23/2026 7:00 AM - 7:00 PM (Advanced Polling Location)
10/24/2026 - 10/24/2026 9:00 AM - 5:00 PM (Advanced Polling Location)
10/25/2026 - 10/25/2026 12:00 PM - 5:00 PM (Advanced Polling Location)
10/26/2026 - 10/30/2026 7:00 AM - 7:00 PM (Advanced Polling Location)",,,,,
269_Buckhead_Ave_NE_Atlanta_GA_30305,FULTON,BUCKHEAD LIBRARY,"269 Buckhead Ave NE, Atlanta, GA 30305",269 Buckhead Ave NE,Atlanta,GA,30305,,"10/13/2026 - 10/16/2026 7:00 AM - 7:00 PM (Advanced Polling Location)
10/17/2026 - 10/17/2026 9:00 AM - 5:00 PM (Advanced Polling Location)
10/18/2026 - 10/18/2026 12:00 PM - 5:00 PM (Advanced Polling Location)
10/19/2026 - 10/23/2026 7:00 AM - 7:00 PM (Advanced Polling Location)
10/24/2026 - 10/24/2026 9:00 AM - 5:00 PM (Advanced Polling Location)
10/25/2026 - 10/25/2026 12:00 PM - 5:00 PM (Advanced Polling Location)
10/26/2026 - 10/30/2026 7:00 AM - 7:00 PM (Advanced Polling Location)",,,,,
3201_Martin_Luther_King_Jr_Dr_SW_Atlanta_GA_30311,FULTON,C.T. MARTIN NATATORIUM AND RECREATION CENTER,"3201 Martin Luther King Jr Dr SW, Atlanta, GA 30311",3201 Martin Luther King Jr Dr SW,Atlanta,GA,30311,,"10/13/2026 - 10/16/2026 7:00 AM - 7:00 PM (Advanced Polling Location)
10/17/2026 - 10/17/2026 9:00 AM - 5:00 PM (Advanced Polling Location)
10/18/2026 - 10/18/2026 12:00 PM - 5:00 PM (Advanced Polling Location)
10/19/2026 - 10/23/2026 7:00 AM - 7:00 PM (Advanced Polling Location)
10/24/2026 - 10/24/2026 9:00 AM - 5:00 PM (Advanced Polling Location)
10/25/2026 - 10/25/2026 12:00 PM - 5:00 PM (Advanced Polling Location)
10/26/2026 - 10/30/2026 7:00 AM - 7:00 PM (Advanced Polling Location)",,,,,
2757_Main_St_East_Point_GA_30344,FULTON,EAST POINT LIBRARY,"2757 Main St, East Point, GA 30344",2757 Main St,East Point,GA,30344,,"10/13/2026 - 10/16/2026 7:00 AM - 7:00 PM (Advanced Polling Location)
10/17/2026 - 10/17/2026 9:00 AM - 5:00 PM (Advanced Polling Location)
10/18/2026 - 10/18/2026 12:00 PM - 5:00 PM (Advanced Polling Location)
10/19/2026 - 10/23/2026 7:00 AM - 7:00 PM (Advanced Polling Location)
10/24/2026 - 10/24/2026 9:00 AM - 5:00 PM (Advanced Polling Location)
10/25/2026 - 10/25/2026 12:00 PM - 5:00 PM (Advanced Polling Location)
10/26/2026 - 10/30/2026 7:00 AM - 7:00 PM (Advanced Polling Location)",,,,,
2301_Holcomb_Bridge_Rd_Roswell_GA_30076,FULTON,EAST ROSWELL LIBRARY,"2301 Holcomb Bridge Rd, Roswell, GA 30076",2301 Holcomb Bridge Rd,Roswell,GA,30076,,"10/13/2026 - 10/16/2026 7:00 AM - 7:00 PM (Advanced Polling Location)
10/17/2026 - 10/17/2026 9:00 AM - 5:00 PM (Advanced Polling Location)
10/18/2026 - 10/18/2026 12:00 PM - 5:00 PM (Advanced Polling Location)
10/19/2026 - 10/23/2026 7:00 AM - 7:00 PM (Advanced Polling Location)
10/24/2026 - 10/24/2026 9:00 AM - 5:00 PM (Advanced Polling Location)
10/25/2026 - 10/25/2026 12:00 PM - 5:00 PM (Advanced Polling Location)
10/26/2026 - 10/30/2026 7:00 AM - 7:00 PM (Advanced Polling Location)",,,,,
5600_Campbellton_Fairburn_Rd_Union_City_GA_30213,FULTON,ELECTIONS HUB,"5600 Campbellton Fairburn Rd, Union City, GA 30213",5600 Campbellton Fairburn Rd,Union City,GA,30213,,"10/13/2026 - 10/16/2026 7:00 AM - 7:00 PM (Advanced Polling Location)
10/17/2026 - 10/17/2026 9:00 AM - 5:00 PM (Advanced Polling Location)
10/18/2026 - 10/18/2026 12:00 PM - 5:00 PM (Advanced Polling Location)
10/19/2026 - 10/23/2026 7:00 AM - 7:00 PM (Advanced Polling Location)
10/24/2026 - 10/24/2026 9:00 AM - 5:00 PM (Advanced Polling Location)
10/25/2026 - 10/25/2026 12:00 PM - 5:00 PM (Advanced Polling Location)
10/26/2026 - 10/30/2026 7:00 AM - 7:00 PM (Advanced Polling Location)",,,,,
4055_Flat_Shoals_Rd_South_Fulton_GA_30291,FULTON,GLADYS S. DENNARD LIBRARY AT SOUTH FULTON,"4055 Flat Shoals Rd, South Fulton, GA 30291",4055 Flat Shoals Rd,South Fulton,GA,30291,,"10/13/2026 - 10/16/2026 7:00 AM - 7:00 PM (Advanced Polling Location)
10/17/2026 - 10/17/2026 9:00 AM - 5:00 PM (Advanced Polling Location)
10/18/2026 - 10/18/2026 12:00 PM - 5:00 PM (Advanced Polling Location)
10/19/2026 - 10/23/2026 7:00 AM - 7:00 PM (Advanced Polling Location)
10/24/2026 - 10/24/2026 9:00 AM - 5:00 PM (Advanced Polling Location)
10/25/2026 - 10/25/2026 12:00 PM - 5:00 PM (Advanced Polling Location)
10/26/2026 - 10/30/2026 7:00 AM - 7:00 PM (Advanced Polling Location)",,,,,
980_Ponce_De_Leon_Ave_NE_Atlanta_GA_30306,FULTON,JOAN P. GARNER LIBRARY AT PONCE DE LEON,"980 Ponce De Leon Ave NE, Atlanta, GA 30306",980 Ponce De Leon Ave NE,Atlanta,GA,30306,,"10/13/2026 - 10/16/2026 7:00 AM - 7:00 PM (Advanced Polling Location)
10/17/2026 - 10/17/2026 9:00 AM - 5:00 PM (Advanced Polling Location)
10/18/2026 - 10/18/2026 12:00 PM - 5:00 PM (Advanced Polling Location)
10/19/2026 - 10/23/2026 7:00 AM - 7:00 PM (Advanced Polling Location)
10/24/2026 - 10/24/2026 9:00 AM - 5:00 PM (Advanced Polling Location)
10/25/2026 - 10/25/2026 12:00 PM - 5:00 PM (Advanced Polling Location)
10/26/2026 - 10/30/2026 7:00 AM - 7:00 PM (Advanced Polling Location)",,,,,
1332_Metropolitan_Pkwy_Atlanta_GA_30310,FULTON,METROPOLITAN LIBRARY,"1332 Metropolitan Pkwy, Atlanta, GA 30310",1332 Metropolitan Pkwy,Atlanta,GA,30310,,"10/13/2026 - 10/16/2026 7:00 AM - 7:00 PM (Advanced Polling Location)
10/17/2026 - 10/17/2026 9:00 AM - 5:00 PM (Advanced Polling Location)
10/18/2026 - 10/18/2026 12:00 PM - 5:00 PM (Advanced Polling Location)
10/19/2026 - 10/23/2026 7:00 AM - 7:00 PM (Advanced Polling Location)
10/24/2026 - 10/24/2026 9:00 AM - 5:00 PM (Advanced Polling Location)
10/25/2026 - 10/25/2026 12:00 PM - 5:00 PM (Advanced Polling Location)
10/26/2026 - 10/30/2026 7:00 AM - 7:00 PM (Advanced Polling Location)",,,,,
855_Mayfield_Rd_Milton_GA_30009,FULTON,MILTON LIBRARY,"855 Mayfield Rd, Milton, GA 30009",855 Mayfield Rd,Milton,GA,30009,,"10/13/2026 - 10/16/2026 7:00 AM - 7:00 PM (Advanced Polling Location)
10/17/2026 - 10/17/2026 9:00 AM - 5:00 PM (Advanced Polling Location)
10/18/2026 - 10/18/2026 12:00 PM - 5:00 PM (Advanced Polling Location)
10/19/2026 - 10/23/2026 7:00 AM - 7:00 PM (Advanced Polling Location)
10/24/2026 - 10/24/2026 9:00 AM - 5:00 PM (Advanced Polling Location)
10/25/2026 - 10/25/2026 12:00 PM - 5:00 PM (Advanced Polling Location)
10/26/2026 - 10/30/2026 7:00 AM - 7:00 PM (Advanced Polling Location)",,,,,
7741_Roswell_Rd_Sandy_Springs_GA_30350,FULTON,NORTH FULTON SERVICE CENTER,"7741 Roswell Rd, Sandy Springs, GA 30350",7741 Roswell Rd,Sandy Springs,GA,30350,,"10/13/2026 - 10/16/2026 7:00 AM - 7:00 PM (Advanced Polling Location)
10/17/2026 - 10/17/2026 9:00 AM - 5:00 PM (Advanced Polling Location)
10/18/2026 - 10/18/2026 12:00 PM - 5:00 PM (Advanced Polling Location)
10/19/2026 - 10/23/2026 7:00 AM - 7:00 PM (Advanced Polling Location)
10/24/2026 - 10/24/2026 9:00 AM - 5:00 PM (Advanced Polling Location)
10/25/2026 - 10/25/2026 12:00 PM - 5:00 PM (Advanced Polling Location)
10/26/2026 - 10/30/2026 7:00 AM - 7:00 PM (Advanced Polling Location)",,,,,
2489_Perry_Blvd_Atlanta_GA_30318,FULTON,NORTHWEST BRANCH LIBRARY AT SCOTTS CROSSING,"2489 Perry Blvd, Atlanta, GA 30318",2489 Perry Blvd,Atlanta,GA,30318,,"10/13/2026 - 10/16/2026 7:00 AM - 7:00 PM (Advanced Polling Location)
10/17/2026 - 10/17/2026 9:00 AM - 5:00 PM (Advanced Polling Location)
10/18/2026 - 10/18/2026 12:00 PM - 5:00 PM (Advanced Polling Location)
10/19/2026 - 10/23/2026 7:00 AM - 7:00 PM (Advanced Polling Location)
10/24/2026 - 10/24/2026 9:00 AM - 5:00 PM (Advanced Polling Location)
10/25/2026 - 10/25/2026 12:00 PM - 5:00 PM (Advanced Polling Location)
10/26/2026 - 10/30/2026 7:00 AM - 7:00 PM (Advanced Polling Location)",,,,,
5090_Abbotts_Bridge_Rd_Johns_Creek_GA_30328,FULTON,OCEE LIBRARY,"5090 Abbotts Bridge Rd, Johns Creek, GA 30328",5090 Abbotts Bridge Rd,Johns Creek,GA,30328,,"10/13/2026 - 10/16/2026 7:00 AM - 7:00 PM (Advanced Polling Location)
10/17/2026 - 10/17/2026 9:00 AM - 5:00 PM (Advanced Polling Location)
10/18/2026 - 10/18/2026 12:00 PM - 5:00 PM (Advanced Polling Location)
10/19/2026 - 10/23/2026 7:00 AM - 7:00 PM (Advanced Polling Location)
10/24/2026 - 10/24/2026 9:00 AM - 5:00 PM (Advanced Polling Location)
10/25/2026 - 10/25/2026 12:00 PM - 5:00 PM (Advanced Polling Location)
10/26/2026 - 10/30/2026 7:00 AM - 7:00 PM (Advanced Polling Location)",,,,,
9111_Cascade_Palmetto_Hwy_Palmetto_GA_30268,FULTON,PALMETTO LIBRARY,"9111 Cascade Palmetto Hwy, Palmetto, GA 30268",9111 Cascade Palmetto Hwy,Palmetto,GA,30268,,"10/13/2026 - 10/16/2026 7:00 AM - 7:00 PM (Advanced Polling Location)
10/17/2026 - 10/17/2026 9:00 AM - 5:00 PM (Advanced Polling Location)
10/18/2026 - 10/18/2026 12:00 PM - 5:00 PM (Advanced Polling Location)
10/19/2026 - 10/23/2026 7:00 AM - 7:00 PM (Advanced Polling Location)
10/24/2026 - 10/24/2026 9:00 AM - 5:00 PM (Advanced Polling Location)
10/25/2026 - 10/25/2026 12:00 PM - 5:00 PM (Advanced Polling Location)
10/26/2026 - 10/30/2026 7:00 AM - 7:00 PM (Advanced Polling Location)",,,,,
115_Norcross_St_Roswell_GA_30075,FULTON,ROSWELL BRANCH LIBRARY,"115 Norcross St, Roswell, GA 30075",115 Norcross St,Roswell,GA,30075,,"10/13/2026 - 10/16/2026 7:00 AM - 7:00 PM (Advanced Polling Location)
10/17/2026 - 10/17/2026 9:00 AM - 5:00 PM (Advanced Polling Location)
10/18/2026 - 10/18/2026 12:00 PM - 5:00 PM (Advanced Polling Location)
10/19/2026 - 10/23/2026 7:00 AM - 7:00 PM (Advanced Polling Location)
10/24/2026 - 10/24/2026 9:00 AM - 5:00 PM (Advanced Polling Location)
10/25/2026 - 10/25/2026 12:00 PM - 5:00 PM (Advanced Polling Location)
10/26/2026 - 10/30/2026 7:00 AM - 7:00 PM (Advanced Polling Location)",,,,,
395_Mount_Vernon_Hwy_NE_Sandy_Springs_GA_30328,FULTON,SANDY SPRINGS BRANCH LIBRARY,"395 Mount Vernon Hwy NE, Sandy Springs, GA 30328",395 Mount Vernon Hwy NE,Sandy Springs,GA,30328,,"10/13/2026 - 10/16/2026 7:00 AM - 7:00 PM (Advanced Polling Location)
10/17/2026 - 10/17/2026 9:00 AM - 5:00 PM (Advanced Polling Location)
10/18/2026 - 10/18/2026 12:00 PM - 5:00 PM (Advanced Polling Location)
10/19/2026 - 10/23/2026 7:00 AM - 7:00 PM (Advanced Polling Location)
10/24/2026 - 10/24/2026 9:00 AM - 5:00 PM (Advanced Polling Location)
10/25/2026 - 10/25/2026 12:00 PM - 5:00 PM (Advanced Polling Location)
10/26/2026 - 10/30/2026 7:00 AM - 7:00 PM (Advanced Polling Location)",,,,,
5600_Stonewall_Tell_Rd_South_Fulton_GA_30349,FULTON,SOUTH FULTON SERVICE CENTER,"5600 Stonewall Tell Rd, South Fulton, GA 30349",5600 Stonewall Tell Rd,South Fulton,GA,30349,,"10/13/2026 - 10/16/2026 7:00 AM - 7:00 PM (Advanced Polling Location)
10/17/2026 - 10/17/2026 9:00 AM - 5:00 PM (Advanced Polling Location)
10/18/2026 - 10/18/2026 12:00 PM - 5:00 PM (Advanced Polling Location)
10/19/2026 - 10/23/2026 7:00 AM - 7:00 PM (Advanced Polling Location)
10/24/2026 - 10/24/2026 9:00 AM - 5:00 PM (Advanced Polling Location)
10/25/2026 - 10/25/2026 12:00 PM - 5:00 PM (Advanced Polling Location)
10/26/2026 - 10/30/2026 7:00 AM - 7:00 PM (Advanced Polling Location)",,,,,
915_New_Hope_Rd_SW_South_Fulton_GA_30331,FULTON,SOUTHWEST ARTS CENTER,"915 New Hope Rd SW, South Fulton, GA 30331",915 New Hope Rd SW,South Fulton,GA,30331,,"10/13/2026 - 10/16/2026 7:00 AM - 7:00 PM (Advanced Polling Location)
10/17/2026 - 10/17/2026 9:00 AM - 5:00 PM (Advanced Polling Location)
10/18/2026 - 10/18/2026 12:00 PM - 5:00 PM (Advanced Polling Location)
10/19/2026 - 10/23/2026 7:00 AM - 7:00 PM (Advanced Polling Location)
10/24/2026 - 10/24/2026 9:00 AM - 5:00 PM (Advanced Polling Location)
10/25/2026 - 10/25/2026 12:00 PM - 5:00 PM (Advanced Polling Location)
10/26/2026 - 10/30/2026 7:00 AM - 7:00 PM (Advanced Polling Location)",,,,,
3100_Enon_Rd_South_Fulton_GA_30331,FULTON,WOLF CREEK LIBRARY,"3100 Enon Rd, South Fulton, GA 30331",3100 Enon Rd,South Fulton,GA,30331,,"10/13/2026 - 10/16/2026 7:00 AM - 7:00 PM (Advanced Polling Location)
10/17/2026 - 10/17/2026 9:00 AM - 5:00 PM (Advanced Polling Location)
10/18/2026 - 10/18/2026 12:00 PM - 5:00 PM (Advanced Polling Location)
10/19/2026 - 10/23/2026 7:00 AM - 7:00 PM (Advanced Polling Location)
10/24/2026 - 10/24/2026 9:00 AM - 5:00 PM (Advanced Polling Location)
10/25/2026 - 10/25/2026 12:00 PM - 5:00 PM (Advanced Polling Location)
10/26/2026 - 10/30/2026 7:00 AM - 7:00 PM (Advanced Polling Location)",,,,,
2753_Watts_Dr_Kennesaw_GA_30144,COBB,BEN ROBERTSON COMMUNITY CENTER,"2753 Watts Dr, Kennesaw, GA 30144",2753 Watts Dr,Kennesaw,GA,30144,,"10/13/2026 - 10/16/2026 7:00 AM - 7:00 PM (Advanced Polling Location)
10/17/2026 - 10/17/2026 9:00 AM - 5:00 PM (Advanced Polling Location)
10/19/2026 - 10/23/2026 7:00 AM - 7:00 PM (Advanced Polling Location)
10/24/2026 - 10/24/2026 9:00 AM - 5:00 PM (Advanced Polling Location)
10/26/2026 - 10/30/2026 7:00 AM - 7:00 PM (Advanced Polling Location)",,,,,
4845_Dallas_Hwy_Powder_Springs_GA_30127,COBB,BOOTS WARD RECREATION CENTER,"4845 Dallas Hwy, Powder Springs, GA 30127",4845 Dallas Hwy,Powder Springs,GA,30127,,"10/13/2026 - 10/16/2026 7:00 AM - 7:00 PM (Advanced Polling Location)
10/17/2026 - 10/17/2026 9:00 AM - 5:00 PM (Advanced Polling Location)
10/18/2026 - 10/18/2026 12:00 PM - 5:00 PM (Advanced Polling Location)
10/19/2026 - 10/23/2026 7:00 AM - 7:00 PM (Advanced Polling Location)
10/24/2026 - 10/24/2026 9:00 AM - 5:00 PM (Advanced Polling Location)
10/25/2026 - 10/25/2026 12:00 PM - 5:00 PM (Advanced Polling Location)
10/26/2026 - 10/30/2026 7:00 AM - 7:00 PM (Advanced Polling Location)",,,,,
2625_Joe_Jerkins_Blvd_Austell_GA_30106,COBB,COLLAR PARK COMMUNITY CENTER,"2625 Joe Jerkins Blvd, Austell, GA 30106",2625 Joe Jerkins Blvd,Austell,GA,30106,,"10/13/2026 - 10/16/2026 7:00 AM - 7:00 PM (Advanced Polling Location)
10/17/2026 - 10/17/2026 9:00 AM - 5:00 PM (Advanced Polling Location)
10/19/2026 - 10/23/2026 7:00 AM - 7:00 PM (Advanced Polling Location)
10/24/2026 - 10/24/2026 9:00 AM - 5:00 PM (Advanced Polling Location)
10/26/2026 - 10/30/2026 7:00 AM - 7:00 PM (Advanced Polling Location)",,,,,
4400_Lower_Roswell_Rd_Marietta_GA_30068,COBB,EAST COBB GOVT SVC CENTER,"4400 Lower Roswell Rd, Marietta, GA 30068",4400 Lower Roswell Rd,Marietta,GA,30068,,"10/13/2026 - 10/16/2026 7:00 AM - 7:00 PM (Advanced Polling Location)
10/17/2026 - 10/17/2026 9:00 AM - 5:00 PM (Advanced Polling Location)
10/18/2026 - 10/18/2026 12:00 PM - 5:00 PM (Advanced Polling Location)
10/19/2026 - 10/23/2026 7:00 AM - 7:00 PM (Advanced Polling Location)
10/24/2026 - 10/24/2026 9:00 AM - 5:00 PM (Advanced Polling Location)
10/25/2026 - 10/25/2026 12:00 PM - 5:00 PM (Advanced Polling Location)
10/26/2026 - 10/30/2026 7:00 AM - 7:00 PM (Advanced Polling Location)",,,,,
1275_Church_St_Smyrna_GA_30080,COBB,FIRST BAPTIST CHURCH OF SMYRNA,"1275 Church St, Smyrna, GA 30080",1275 Church St,Smyrna,GA,30080,,"10/13/2026 - 10/16/2026 7:00 AM - 7:00 PM (Advanced Polling Location)
10/17/2026 - 10/17/2026 9:00 AM - 5:00 PM (Advanced Polling Location)
10/19/2026 - 10/23/2026 7:00 AM - 7:00 PM (Advanced Polling Location)
10/24/2026 - 10/24/2026 9:00 AM - 5:00 PM (Advanced Polling Location)
10/26/2026 - 10/30/2026 7:00 AM - 7:00 PM (Advanced Polling Location)",,,,,
225_E_4th_St_Ocilla_GA_31774,IRWIN,IRWIN COUNTY ELECTIONS OFFICE,"225 E 4th St, Ocilla, GA 31774",225 E 4th St,Ocilla,GA,31774,,"10/13/2026 - 10/17/2026 8:00 AM - 5:00 PM (Advanced Polling Location)
10/19/2026 - 10/24/2026 8:00 AM - 5:00 PM (Advanced Polling Location)
10/26/2026 - 10/30/2026 8:00 AM - 5:00 PM (Advanced Polling Location)",,,,,
995_Roswell_St_NE_Marietta_GA_30060,COBB,MAIN E D MANSOUR,"995 Roswell St NE, Marietta, GA 30060",995 Roswell St NE,Marietta,GA,30060,,"10/13/2026 - 10/16/2026 7:00 AM - 7:00 PM (Advanced Polling Location)
10/17/2026 - 10/17/2026 9:00 AM - 5:00 PM (Advanced Polling Location)
10/18/2026 - 10/18/2026 12:00 PM - 5:00 PM (Advanced Polling Location)
10/19/2026 - 10/23/2026 7:00 AM - 7:00 PM (Advanced Polling Location)
10/24/2026 - 10/24/2026 9:00 AM - 5:00 PM (Advanced Polling Location)
10/25/2026 - 10/25/2026 12:00 PM - 5:00 PM (Advanced Polling Location)
10/26/2026 - 10/30/2026 7:00 AM - 7:00 PM (Advanced Polling Location)",,,,,
995_Roswell_St_NE_Marietta_GA_30060,COBB,MAIN OFFICE MANSOUR,"995 Roswell St NE, Marietta, GA 30060",995 Roswell St NE,Marietta,GA,30060,,"10/13/2026 - 10/16/2026 7:00 AM - 7:00 PM (Advanced Polling Location)
10/17/2026 - 10/17/2026 9:00 AM - 5:00 PM (Advanced Polling Location)
10/18/2026 - 10/18/2026 12:00 PM - 5:00 PM (Advanced Polling Location)
10/19/2026 - 10/23/2026 7:00 AM - 7:00 PM (Advanced Polling Location)
10/24/2026 - 10/24/2026 9:00 AM - 5:00 PM (Advanced Polling Location)
10/25/2026 - 10/25/2026 12:00 PM - 5:00 PM (Advanced Polling Location)
10/26/2026 - 10/30/2026 7:00 AM - 7:00 PM (Advanced Polling Location)",,,,,
675_Smyrna_Powder_Springs_Rd_SW_Marietta_GA_30060,COBB,MILFORD RECREATION CENTER,"675 Smyrna Powder Springs Rd SW, Marietta, GA 30060",675 Smyrna Powder Springs Rd SW,Marietta,GA,30060,,"10/13/2026 - 10/16/2026 7:00 AM - 7:00 PM (Advanced Polling Location)
10/17/2026 - 10/17/2026 9:00 AM - 5:00 PM (Advanced Polling Location)
10/19/2026 - 10/23/2026 7:00 AM - 7:00 PM (Advanced Polling Location)
10/24/2026 - 10/24/2026 9:00 AM - 5:00 PM (Advanced Polling Location)
10/26/2026 - 10/30/2026 7:00 AM - 7:00 PM (Advanced Polling Location)",,,,,
3900_S_Main_St_Acworth_GA_30101,COBB,NORTH COBB SENIOR CENTER,"3900 S Main St, Acworth, GA 30101",3900 S Main St,Acworth,GA,30101,,"10/13/2026 - 10/16/2026 7:00 AM - 7:00 PM (Advanced Polling Location)
10/17/2026 - 10/17/2026 9:00 AM - 5:00 PM (Advanced Polling Location)
10/18/2026 - 10/18/2026 12:00 PM - 5:00 PM (Advanced Polling Location)
10/19/2026 - 10/23/2026 7:00 AM - 7:00 PM (Advanced Polling Location)
10/24/2026 - 10/24/2026 9:00 AM - 5:00 PM (Advanced Polling Location)
10/25/2026 - 10/25/2026 12:00 PM - 5:00 PM (Advanced Polling Location)
10/26/2026 - 10/30/2026 7:00 AM - 7:00 PM (Advanced Polling Location)",,,,,
3820_Macedonia_Rd_Powder_Springs_GA_30127,COBB,RON ANDERSON REC. CENTER,"3820 Macedonia Rd, Powder Springs, GA 30127",3820 Macedonia Rd,Powder Springs,GA,30127,,"10/13/2026 - 10/16/2026 7:00 AM - 7:00 PM (Advanced Polling Location)
10/17/2026 - 10/17/2026 9:00 AM - 5:00 PM (Advanced Polling Location)
10/19/2026 - 10/23/2026 7:00 AM - 7:00 PM (Advanced Polling Location)
10/24/2026 - 10/24/2026 9:00 AM - 5:00 PM (Advanced Polling Location)
10/26/2026 - 10/30/2026 7:00 AM - 7:00 PM (Advanced Polling Location)",,,,,
620_Lions_Club_Dr_Mableton_GA_30126,COBB,SOUTH COBB COMMUNITY CENTER,"620 Lions Club Dr, Mableton, GA 30126",620 Lions Club Dr,Mableton,GA,30126,,"10/13/2026 - 10/16/2026 7:00 AM - 7:00 PM (Advanced Polling Location)
10/17/2026 - 10/17/2026 9:00 AM - 5:00 PM (Advanced Polling Location)
10/18/2026 - 10/18/2026 12:00 PM - 5:00 PM (Advanced Polling Location)
10/19/2026 - 10/23/2026 7:00 AM - 7:00 PM (Advanced Polling Location)
10/24/2026 - 10/24/2026 9:00 AM - 5:00 PM (Advanced Polling Location)
10/25/2026 - 10/25/2026 12:00 PM - 5:00 PM (Advanced Polling Location)
10/26/2026 - 10/30/2026 7:00 AM - 7:00 PM (Advanced Polling Location)",,,,,
3332_Sandy_Plains_Rd_Marietta_GA_30066,COBB,TIM D. LEE SENIOR CENTER,"3332 Sandy Plains Rd, Marietta, GA 30066",3332 Sandy Plains Rd,Marietta,GA,30066,,"10/13/2026 - 10/16/2026 7:00 AM - 7:00 PM (Advanced Polling Location)
10/17/2026 - 10/17/2026 9:00 AM - 5:00 PM (Advanced Polling Location)
10/19/2026 - 10/23/2026 7:00 AM - 7:00 PM (Advanced Polling Location)
10/24/2026 - 10/24/2026 9:00 AM - 5:00 PM (Advanced Polling Location)
10/26/2026 - 10/30/2026 7:00 AM - 7:00 PM (Advanced Polling Location)",,,,,
1750_Dennis_Kemp_Ln_NW_Kennesaw_GA_30152,COBB,WEST COBB REGIONAL LIBRARY,"1750 Dennis Kemp Ln NW, Kennesaw, GA 30152",1750 Dennis Kemp Ln NW,Kennesaw,GA,30152,,"10/13/2026 - 10/16/2026 7:00 AM - 7:00 PM (Advanced Polling Location)
10/17/2026 - 10/17/2026 9:00 AM - 5:00 PM (Advanced Polling Location)
10/19/2026 - 10/23/2026 7:00 AM - 7:00 PM (Advanced Polling Location)
10/24/2026 - 10/24/2026 9:00 AM - 5:00 PM (Advanced Polling Location)
10/26/2026 - 10/30/2026 7:00 AM - 7:00 PM (Advanced Polling Location)",,,,,
"216_Mims_Rd,_Rm_114_Sylvania_GA_30467",SCREVEN,COURTHOUSE,"216 Mims Rd, Rm 114, Sylvania, GA 30467","216 Mims Rd, Rm 114",Sylvania,GA,30467,,"10/13/2026 - 10/17/2026 9:00 AM - 5:00 PM (Advanced Polling Location)
10/19/2026 - 10/24/2026 9:00 AM - 5:00 PM (Advanced Polling Location)
10/25/2026 - 10/25/2026 10:00 AM - 4:00 PM (Advanced Polling Location)
10/26/2026 - 10/30/2026 9:00 AM - 5:00 PM (Advanced Polling Location)",,,,,
3636_College_St_College_Park_GA_30337,FULTON,HUGH C. CONLEY RECREATION CENTER,"3636 College St, College Park, GA 30337",3636 College St,College Park,GA,30337,,"10/13/2026 - 10/16/2026 7:00 AM - 7:00 PM (Advanced Polling Location)
10/17/2026 - 10/17/2026 9:00 AM - 5:00 PM (Advanced Polling Location)
10/18/2026 - 10/18/2026 12:00 PM - 5:00 PM (Advanced Polling Location)
10/19/2026 - 10/23/2026 7:00 AM - 7:00 PM (Advanced Polling Location)
10/24/2026 - 10/24/2026 9:00 AM - 5:00 PM (Advanced Polling Location)
10/25/2026 - 10/25/2026 12:00 PM - 5:00 PM (Advanced Polling Location)
10/26/2026 - 10/30/2026 7:00 AM - 7:00 PM (Advanced Polling Location)",,,,,
8100_Holcomb_Bridge_Rd_Roswell_GA_30022,FULTON,JOHNS CREEK ENVIROMNMENTAL CAMPUS,"8100 Holcomb Bridge Rd, Roswell, GA 30022",8100 Holcomb Bridge Rd,Roswell,GA,30022,,"10/13/2026 - 10/16/2026 7:00 AM - 7:00 PM (Advanced Polling Location)
10/17/2026 - 10/17/2026 9:00 AM - 5:00 PM (Advanced Polling Location)
10/18/2026 - 10/18/2026 12:00 PM - 5:00 PM (Advanced Polling Location)
10/19/2026 - 10/23/2026 7:00 AM - 7:00 PM (Advanced Polling Location)
10/24/2026 - 10/24/2026 9:00 AM - 5:00 PM (Advanced Polling Location)
10/25/2026 - 10/25/2026 12:00 PM - 5:00 PM (Advanced Polling Location)
10/26/2026 - 10/30/2026 7:00 AM - 7:00 PM (Advanced Polling Location)",,,,,
9560_Spruill_Rd_Johns_Creek_GA_30022,FULTON,NORTHEAST SPRUILL OAKS LIBRARY,"9560 Spruill Rd, Johns Creek, GA 30022",9560 Spruill Rd,Johns Creek,GA,30022,,"10/13/2026 - 10/16/2026 7:00 AM - 7:00 PM (Advanced Polling Location)
10/17/2026 - 10/17/2026 9:00 AM - 5:00 PM (Advanced Polling Location)
10/18/2026 - 10/18/2026 12:00 PM - 5:00 PM (Advanced Polling Location)
10/19/2026 - 10/23/2026 7:00 AM - 7:00 PM (Advanced Polling Location)
10/24/2026 - 10/24/2026 9:00 AM - 5:00 PM (Advanced Polling Location)
10/25/2026 - 10/25/2026 12:00 PM - 5:00 PM (Advanced Polling Location)
10/26/2026 - 10/30/2026 7:00 AM - 7:00 PM (Advanced Polling Location)",,,,,
3295_Northside_Pkwy_NW_Atlanta_GA_30327,FULTON,NORTHSIDE LIBRARY,"3295 Northside Pkwy NW, Atlanta, GA 30327",3295 Northside Pkwy NW,Atlanta,GA,30327,,"10/13/2026 - 10/16/2026 7:00 AM - 7:00 PM (Advanced Polling Location)
10/17/2026 - 10/17/2026 9:00 AM - 5:00 PM (Advanced Polling Location)
10/18/2026 - 10/18/2026 12:00 PM - 5:00 PM (Advanced Polling Location)
10/19/2026 - 10/23/2026 7:00 AM - 7:00 PM (Advanced Polling Location)
10/24/2026 - 10/24/2026 9:00 AM - 5:00 PM (Advanced Polling Location)
10/25/2026 - 10/25/2026 12:00 PM - 5:00 PM (Advanced Polling Location)
10/26/2026 - 10/30/2026 7:00 AM - 7:00 PM (Advanced Polling Location)",,,,,
4255_Will_Lee_Rd_South_Fulton_GA_30349,FULTON,WELCOME ALL RECREATION CENTER,"4255 Will Lee Rd, South Fulton, GA 30349",4255 Will Lee Rd,South Fulton,GA,30349,,"10/13/2026 - 10/16/2026 7:00 AM - 7:00 PM (Advanced Polling Location)
10/17/2026 - 10/17/2026 9:00 AM - 5:00 PM (Advanced Polling Location)
10/18/2026 - 10/18/2026 12:00 PM - 5:00 PM (Advanced Polling Location)
10/19/2026 - 10/23/2026 7:00 AM - 7:00 PM (Advanced Polling Location)
10/24/2026 - 10/24/2026 9:00 AM - 5:00 PM (Advanced Polling Location)
10/25/2026 - 10/25/2026 12:00 PM - 5:00 PM (Advanced Polling Location)
10/26/2026 - 10/30/2026 7:00 AM - 7:00 PM (Advanced Polling Location)",,,,,
610_S_Highland_Rd_Quitman_GA_31643,BROOKS,MAIN ELECTIONS OFFICE,"610 S Highland Rd, Quitman, GA 31643",610 S Highland Rd,Quitman,GA,31643,,"10/13/2026 - 10/16/2026 8:00 AM - 5:00 PM (Advanced Polling Location)
10/17/2026 - 10/17/2026 9:00 AM - 4:00 PM (Advanced Polling Location)
10/19/2026 - 10/23/2026 8:00 AM - 5:00 PM (Advanced Polling Location)
10/24/2026 - 10/24/2026 9:00 AM - 4:00 PM (Advanced Polling Location)
10/26/2026 - 10/30/2026 8:00 AM - 5:00 PM (Advanced Polling Location)",,,,,
100_W_Oglethorpe_Blvd_Albany_GA_31701,DOUGHERTY,"ALBANY JAMES H. GRAY, SR. CIVIC CENTER","100 W Oglethorpe Blvd, Albany, GA 31701",100 W Oglethorpe Blvd,Albany,GA,31701,,"10/13/2026 - 10/17/2026 9:00 AM - 5:00 PM (Advanced Polling Location)
10/19/2026 - 10/21/2026 9:00 AM - 5:00 PM (Advanced Polling Location)
10/22/2026 - 10/22/2026 9:00 AM - 7:00 PM (Advanced Polling Location)
10/23/2026 - 10/24/2026 9:00 AM - 5:00 PM (Advanced Polling Location)
10/25/2026 - 10/25/2026 1:00 PM - 5:00 PM (Advanced Polling Location)
10/26/2026 - 10/28/2026 9:00 AM - 5:00 PM (Advanced Polling Location)
10/29/2026 - 10/29/2026 9:00 AM - 7:00 PM (Advanced Polling Location)
10/30/2026 - 10/30/2026 9:00 AM - 5:00 PM (Advanced Polling Location)",,,,,
1807_US_Hwy_41_N_Sycamore_GA_31790,TURNER,AMERICAN LEGION BUILDING,"1807 US Hwy 41 N, Sycamore, GA 31790",1807 US Hwy 41 N,Sycamore,GA,31790,,"10/13/2026 - 10/13/2026 7:00 AM - 5:00 PM (Advanced Polling Location)
10/14/2026 - 10/14/2026 8:00 AM - 5:00 PM (Advanced Polling Location)
10/15/2026 - 10/15/2026 8:00 AM - 6:00 PM (Advanced Polling Location)
10/16/2026 - 10/16/2026 8:00 AM - 5:00 PM (Advanced Polling Location)
10/17/2026 - 10/17/2026 9:00 AM - 5:00 PM (Advanced Polling Location)
10/19/2026 - 10/19/2026 8:00 AM - 5:00 PM (Advanced Polling Location)
10/20/2026 - 10/20/2026 7:00 AM - 5:00 PM (Advanced Polling Location)
10/21/2026 - 10/21/2026 8:00 AM - 5:00 PM (Advanced Polling Location)
10/22/2026 - 10/22/2026 8:00 AM - 6:00 PM (Advanced Polling Location)
10/23/2026 - 10/23/2026 8:00 AM - 5:00 PM (Advanced Polling Location)
10/24/2026 - 10/24/2026 9:00 AM - 5:00 PM (Advanced Polling Location)
10/26/2026 - 10/26/2026 8:00 AM - 5:00 PM (Advanced Polling Location)
10/27/2026 - 10/27/2026 7:00 AM - 5:00 PM (Advanced Polling Location)
10/28/2026 - 10/28/2026 8:00 AM - 5:00 PM (Advanced Polling Location)
10/29/2026 - 10/29/2026 8:00 AM - 6:00 PM (Advanced Polling Location)
10/30/2026 - 10/30/2026 8:00 AM - 5:00 PM (Advanced Polling Location)",,,,,
903_Adderton_St_Americus_GA_31709,SUMTER,AMERICUS SUMTER EXPOSITION CENTER,"903 Adderton St, Americus, GA 31709",903 Adderton St,Americus,GA,31709,,"10/13/2026 - 10/17/2026 9:00 AM - 5:00 PM (Advanced Polling Location)
10/19/2026 - 10/24/2026 9:00 AM - 5:00 PM (Advanced Polling Location)
10/26/2026 - 10/30/2026 9:00 AM - 5:00 PM (Advanced Polling Location)",,,,,
2901_Garden_Lakes_Blvd_NW_Rome_GA_30165,FLOYD,ANTHONY RECREATION CENTER,"2901 Garden Lakes Blvd NW, Rome, GA 30165",2901 Garden Lakes Blvd NW,Rome,GA,30165,,"10/13/2026 - 10/16/2026 7:30 AM - 5:30 PM (Advanced Polling Location)
10/19/2026 - 10/23/2026 7:30 AM - 5:30 PM (Advanced Polling Location)
10/26/2026 - 10/30/2026 7:30 AM - 5:30 PM (Advanced Polling Location)",,,,,
2025_Baxter_St_Athens_GA_30606,CLARKE,ATHENS REGIONAL LIBRARY,"2025 Baxter St, Athens, GA 30606",2025 Baxter St,Athens,GA,30606,,"10/19/2026 - 10/19/2026 8:00 AM - 6:00 PM (Advanced Polling Location)
10/20/2026 - 10/20/2026 8:00 AM - 6:00 PM (Advanced Polling Location)
10/21/2026 - 10/21/2026 8:00 AM - 6:00 PM (Advanced Polling Location)
10/22/2026 - 10/22/2026 8:00 AM - 6:00 PM (Advanced Polling Location)
10/23/2026 - 10/23/2026 8:00 AM - 6:00 PM (Advanced Polling Location)
10/24/2026 - 10/24/2026 8:00 AM - 6:00 PM (Advanced Polling Location)
10/26/2026 - 10/26/2026 8:00 AM - 6:00 PM (Advanced Polling Location)
10/27/2026 - 10/27/2026 8:00 AM - 6:00 PM (Advanced Polling Location)
10/28/2026 - 10/28/2026 8:00 AM - 6:00 PM (Advanced Polling Location)
10/29/2026 - 10/29/2026 8:00 AM - 6:00 PM (Advanced Polling Location)
10/30/2026 - 10/30/2026 8:00 AM - 6:00 PM (Advanced Polling Location)",,,,,
4460_Lexington_Rd_Athens_GA_30605,CLARKE,ATHENS-CLARKE COUNTY TENNIS CENTER,"4460 Lexington Rd, Athens, GA 30605",4460 Lexington Rd,Athens,GA,30605,,"10/19/2026 - 10/19/2026 8:00 AM - 6:00 PM (Advanced Polling Location)
10/20/2026 - 10/20/2026 8:00 AM - 6:00 PM (Advanced Polling Location)
10/21/2026 - 10/21/2026 8:00 AM - 6:00 PM (Advanced Polling Location)
10/22/2026 - 10/22/2026 8:00 AM - 6:00 PM (Advanced Polling Location)
10/23/2026 - 10/23/2026 8:00 AM - 6:00 PM (Advanced Polling Location)
10/24/2026 - 10/24/2026 8:00 AM - 6:00 PM (Advanced Polling Location)
10/26/2026 - 10/26/2026 8:00 AM - 6:00 PM (Advanced Polling Location)
10/27/2026 - 10/27/2026 8:00 AM - 6:00 PM (Advanced Polling Location)
10/28/2026 - 10/28/2026 8:00 AM - 6:00 PM (Advanced Polling Location)
10/29/2026 - 10/29/2026 8:00 AM - 6:00 PM (Advanced Polling Location)
10/30/2026 - 10/30/2026 8:00 AM - 6:00 PM (Advanced Polling Location)",,,,,
664_Austin_Ave_E_Pearson_GA_31642,ATKINSON,ATKINSON COUNTY BOARD OF ELECTION,"664 Austin Ave E, Pearson, GA 31642",664 Austin Ave E,Pearson,GA,31642,,"10/13/2026 - 10/16/2026 8:00 AM - 5:00 PM (Advanced Polling Location)
10/17/2026 - 10/17/2026 9:00 AM - 5:00 PM (Advanced Polling Location)
10/19/2026 - 10/23/2026 8:00 AM - 5:00 PM (Advanced Polling Location)
10/24/2026 - 10/24/2026 9:00 AM - 5:00 PM (Advanced Polling Location)
10/26/2026 - 10/30/2026 8:00 AM - 5:00 PM (Advanced Polling Location)",,,,,
2201_Young_Rd_Stone_Mountain_GA_30088,DEKALB,BEREAN CHRISTIAN CHURCH,"2201 Young Rd, Stone Mountain, GA 30088",2201 Young Rd,Stone Mountain,GA,30088,,"10/13/2026 - 10/16/2026 7:00 AM - 7:00 PM (Advanced Polling Location)
10/17/2026 - 10/17/2026 9:00 AM - 6:00 PM (Advanced Polling Location)
10/18/2026 - 10/18/2026 12:00 PM - 6:00 PM (Advanced Polling Location)
10/19/2026 - 10/23/2026 7:00 AM - 7:00 PM (Advanced Polling Location)
10/24/2026 - 10/24/2026 9:00 AM - 6:00 PM (Advanced Polling Location)
10/25/2026 - 10/25/2026 12:00 PM - 6:00 PM (Advanced Polling Location)
10/26/2026 - 10/30/2026 7:00 AM - 7:00 PM (Advanced Polling Location)",,,,,
2051_Delano_Dr_NE_Atlanta_GA_30317,DEKALB,BESSIE BRANHAM RECREATION CENTER,"2051 Delano Dr NE, Atlanta, GA 30317",2051 Delano Dr NE,Atlanta,GA,30317,,"10/13/2026 - 10/16/2026 7:00 AM - 7:00 PM (Advanced Polling Location)
10/17/2026 - 10/17/2026 9:00 AM - 6:00 PM (Advanced Polling Location)
10/18/2026 - 10/18/2026 12:00 PM - 6:00 PM (Advanced Polling Location)
10/19/2026 - 10/23/2026 7:00 AM - 7:00 PM (Advanced Polling Location)
10/24/2026 - 10/24/2026 9:00 AM - 6:00 PM (Advanced Polling Location)
10/25/2026 - 10/25/2026 12:00 PM - 6:00 PM (Advanced Polling Location)
10/26/2026 - 10/30/2026 7:00 AM - 7:00 PM (Advanced Polling Location)",,,,,
2340_Clifton_Springs_Rd_Decatur_GA_30034,DEKALB,BEULAH MISSIONARY BAPTIST CHURCH,"2340 Clifton Springs Rd, Decatur, GA 30034",2340 Clifton Springs Rd,Decatur,GA,30034,,"10/13/2026 - 10/16/2026 7:00 AM - 7:00 PM (Advanced Polling Location)
10/17/2026 - 10/17/2026 9:00 AM - 6:00 PM (Advanced Polling Location)
10/18/2026 - 10/18/2026 12:00 PM - 6:00 PM (Advanced Polling Location)
10/19/2026 - 10/23/2026 7:00 AM - 7:00 PM (Advanced Polling Location)
10/24/2026 - 10/24/2026 9:00 AM - 6:00 PM (Advanced Polling Location)
10/25/2026 - 10/25/2026 12:00 PM - 6:00 PM (Advanced Polling Location)
10/26/2026 - 10/30/2026 7:00 AM - 7:00 PM (Advanced Polling Location)",,,,,
2235_Briarwood_Way_NE_Brookhaven_GA_30319,DEKALB,BRIARWOOD RECREATION CENTER,"2235 Briarwood Way NE, Brookhaven, GA 30319",2235 Briarwood Way NE,Brookhaven,GA,30319,,"10/13/2026 - 10/16/2026 7:00 AM - 7:00 PM (Advanced Polling Location)
10/17/2026 - 10/17/2026 9:00 AM - 6:00 PM (Advanced Polling Location)
10/18/2026 - 10/18/2026 12:00 PM - 6:00 PM (Advanced Polling Location)
10/19/2026 - 10/23/2026 7:00 AM - 7:00 PM (Advanced Polling Location)
10/24/2026 - 10/24/2026 9:00 AM - 6:00 PM (Advanced Polling Location)
10/25/2026 - 10/25/2026 12:00 PM - 6:00 PM (Advanced Polling Location)
10/26/2026 - 10/30/2026 7:00 AM - 7:00 PM (Advanced Polling Location)",,,,,
951_N_Indian_Creek_Dr_Clarkston_GA_30021,DEKALB,CLARKSTON LIBRARY,"951 N Indian Creek Dr, Clarkston, GA 30021",951 N Indian Creek Dr,Clarkston,GA,30021,,"10/13/2026 - 10/16/2026 7:00 AM - 7:00 PM (Advanced Polling Location)
10/17/2026 - 10/17/2026 9:00 AM - 6:00 PM (Advanced Polling Location)
10/18/2026 - 10/18/2026 12:00 PM - 6:00 PM (Advanced Polling Location)
10/19/2026 - 10/23/2026 7:00 AM - 7:00 PM (Advanced Polling Location)
10/24/2026 - 10/24/2026 9:00 AM - 6:00 PM (Advanced Polling Location)
10/25/2026 - 10/25/2026 12:00 PM - 6:00 PM (Advanced Polling Location)
10/26/2026 - 10/30/2026 7:00 AM - 7:00 PM (Advanced Polling Location)",,,,,
4331_River_Rd_Ellenwood_GA_30294,DEKALB,COUNTY LINE-ELLENWOOD LIBRARY,"4331 River Rd, Ellenwood, GA 30294",4331 River Rd,Ellenwood,GA,30294,,"10/13/2026 - 10/16/2026 7:00 AM - 7:00 PM (Advanced Polling Location)
10/17/2026 - 10/17/2026 9:00 AM - 6:00 PM (Advanced Polling Location)
10/18/2026 - 10/18/2026 12:00 PM - 6:00 PM (Advanced Polling Location)
10/19/2026 - 10/23/2026 7:00 PM - 7:00 PM (Advanced Polling Location)
10/24/2026 - 10/24/2026 9:00 AM - 6:00 PM (Advanced Polling Location)
10/25/2026 - 10/25/2026 12:00 PM - 6:00 PM (Advanced Polling Location)
10/26/2026 - 10/30/2026 7:00 PM - 7:00 PM (Advanced Polling Location)",,,,,
5339_Chamblee_Dunwoody_Rd_Dunwoody_GA_30338,DEKALB,DUNWOODY LIBRARY,"5339 Chamblee Dunwoody Rd, Dunwoody, GA 30338",5339 Chamblee Dunwoody Rd,Dunwoody,GA,30338,,"10/13/2026 - 10/16/2026 7:00 AM - 7:00 PM (Advanced Polling Location)
10/17/2026 - 10/17/2026 9:00 AM - 6:00 PM (Advanced Polling Location)
10/18/2026 - 10/18/2026 12:00 PM - 6:00 PM (Advanced Polling Location)
10/19/2026 - 10/23/2026 7:00 AM - 7:00 PM (Advanced Polling Location)
10/24/2026 - 10/24/2026 9:00 AM - 6:00 PM (Advanced Polling Location)
10/25/2026 - 10/25/2026 12:00 PM - 6:00 PM (Advanced Polling Location)
10/26/2026 - 10/30/2026 7:00 AM - 7:00 PM (Advanced Polling Location)",,,,,
1599_Clifton_Rd_Atlanta_GA_30322,DEKALB,EMORY UNIVERSITY,"1599 Clifton Rd, Atlanta, GA 30322",1599 Clifton Rd,Atlanta,GA,30322,,"10/13/2026 - 10/16/2026 7:00 AM - 7:00 PM (Advanced Polling Location)
10/17/2026 - 10/17/2026 9:00 AM - 6:00 PM (Advanced Polling Location)
10/18/2026 - 10/18/2026 12:00 PM - 6:00 PM (Advanced Polling Location)
10/19/2026 - 10/23/2026 7:00 AM - 7:00 PM (Advanced Polling Location)
10/24/2026 - 10/24/2026 9:00 AM - 6:00 PM (Advanced Polling Location)
10/25/2026 - 10/25/2026 12:00 PM - 6:00 PM (Advanced Polling Location)
10/26/2026 - 10/30/2026 7:00 AM - 7:00 PM (Advanced Polling Location)",,,,,
1879_Glenwood_Ave_Atlanta_GA_30316,DEKALB,GREATER PINEY GROVE BAPTIST,"1879 Glenwood Ave, Atlanta, GA 30316",1879 Glenwood Ave,Atlanta,GA,30316,,"10/13/2026 - 10/16/2026 7:00 AM - 7:00 PM (Advanced Polling Location)
10/17/2026 - 10/17/2026 9:00 AM - 6:00 PM (Advanced Polling Location)
10/18/2026 - 10/18/2026 12:00 PM - 6:00 PM (Advanced Polling Location)
10/19/2026 - 10/23/2026 7:00 AM - 7:00 PM (Advanced Polling Location)
10/24/2026 - 10/24/2026 9:00 AM - 6:00 PM (Advanced Polling Location)
10/25/2026 - 10/25/2026 12:00 PM - 6:00 PM (Advanced Polling Location)
10/26/2026 - 10/30/2026 7:00 AM - 7:00 PM (Advanced Polling Location)",,,,,
4911_Redan_Rd_Stone_Mountain_GA_30088,DEKALB,HAIRSTON CROSSING LIBRARY,"4911 Redan Rd, Stone Mountain, GA 30088",4911 Redan Rd,Stone Mountain,GA,30088,,"10/13/2026 - 10/16/2026 7:00 AM - 7:00 PM (Advanced Polling Location)
10/17/2026 - 10/17/2026 9:00 AM - 6:00 PM (Advanced Polling Location)
10/18/2026 - 10/18/2026 12:00 PM - 6:00 PM (Advanced Polling Location)
10/19/2026 - 10/23/2026 7:00 AM - 7:00 PM (Advanced Polling Location)
10/24/2026 - 10/24/2026 9:00 AM - 6:00 PM (Advanced Polling Location)
10/25/2026 - 10/25/2026 12:00 PM - 6:00 PM (Advanced Polling Location)
10/26/2026 - 10/30/2026 7:00 AM - 7:00 PM (Advanced Polling Location)",,,,,
1812_Cooledge_Rd_Tucker_GA_30084,DEKALB,LIVING GRACE LUTHERAN CHURCH,"1812 Cooledge Rd, Tucker, GA 30084",1812 Cooledge Rd,Tucker,GA,30084,,10/26/2026 - 10/30/2026 7:00 AM - 7:00 PM (Advanced Polling Location),,,,,
"4380_Memorial_Dr,_Ste_500_Decatur_GA_30032",DEKALB,MEMORIAL 1,"4380 Memorial Dr, Ste 500, Decatur, GA 30032","4380 Memorial Dr, Ste 500",Decatur,GA,30032,,"10/13/2026 - 10/16/2026 7:00 AM - 7:00 PM (Advanced Polling Location)
10/17/2026 - 10/17/2026 9:00 AM - 6:00 PM (Advanced Polling Location)
10/18/2026 - 10/18/2026 12:00 PM - 6:00 PM (Advanced Polling Location)
10/19/2026 - 10/23/2026 7:00 AM - 7:00 PM (Advanced Polling Location)
10/24/2026 - 10/24/2026 9:00 AM - 6:00 PM (Advanced Polling Location)
10/25/2026 - 10/25/2026 12:00 PM - 6:00 PM (Advanced Polling Location)
10/26/2026 - 10/30/2026 7:00 AM - 7:00 PM (Advanced Polling Location)",,,,,
1561_Mclendon_Ave_NE_Atlanta_GA_30307,DEKALB,NEIGHBORHOOD CHURCH,"1561 Mclendon Ave NE, Atlanta, GA 30307",1561 Mclendon Ave NE,Atlanta,GA,30307,,"10/13/2026 - 10/16/2026 7:00 AM - 7:00 PM (Advanced Polling Location)
10/17/2026 - 10/17/2026 9:00 AM - 6:00 PM (Advanced Polling Location)
10/18/2026 - 10/18/2026 12:00 PM - 6:00 PM (Advanced Polling Location)
10/19/2026 - 10/23/2026 7:00 AM - 7:00 PM (Advanced Polling Location)
10/24/2026 - 10/24/2026 9:00 AM - 6:00 PM (Advanced Polling Location)
10/25/2026 - 10/25/2026 12:00 PM - 6:00 PM (Advanced Polling Location)
10/26/2026 - 10/30/2026 7:00 AM - 7:00 PM (Advanced Polling Location)",,,,,
8350_Rockbridge_Rd_Lithonia_GA_30058,DEKALB,NEW BETHEL AME CHURCH,"8350 Rockbridge Rd, Lithonia, GA 30058",8350 Rockbridge Rd,Lithonia,GA,30058,,"10/13/2026 - 10/16/2026 7:00 AM - 7:00 PM (Advanced Polling Location)
10/17/2026 - 10/17/2026 9:00 AM - 6:00 PM (Advanced Polling Location)
10/18/2026 - 10/18/2026 12:00 PM - 6:00 PM (Advanced Polling Location)
10/19/2026 - 10/23/2026 7:00 AM - 7:00 PM (Advanced Polling Location)
10/24/2026 - 10/24/2026 9:00 AM - 6:00 PM (Advanced Polling Location)
10/25/2026 - 10/25/2026 12:00 PM - 6:00 PM (Advanced Polling Location)
10/26/2026 - 10/30/2026 7:00 AM - 7:00 PM (Advanced Polling Location)",,,,,
3393_Malone_Dr_Chamblee_GA_30341,DEKALB,NORTH DEKALB SENIOR CENTER,"3393 Malone Dr, Chamblee, GA 30341",3393 Malone Dr,Chamblee,GA,30341,,"10/13/2026 - 10/16/2026 7:00 AM - 7:00 PM (Advanced Polling Location)
10/17/2026 - 10/17/2026 9:00 AM - 6:00 PM (Advanced Polling Location)
10/18/2026 - 10/18/2026 12:00 PM - 6:00 PM (Advanced Polling Location)
10/19/2026 - 10/23/2026 7:00 AM - 7:00 PM (Advanced Polling Location)
10/24/2026 - 10/24/2026 9:00 AM - 6:00 PM (Advanced Polling Location)
10/25/2026 - 10/25/2026 12:00 PM - 6:00 PM (Advanced Polling Location)
10/26/2026 - 10/30/2026 7:00 AM - 7:00 PM (Advanced Polling Location)",,,,,
1569_Wellborn_Rd_Lithonia_GA_30058,DEKALB,REDAN-TROTTI LIBRARY,"1569 Wellborn Rd, Lithonia, GA 30058",1569 Wellborn Rd,Lithonia,GA,30058,,"10/13/2026 - 10/16/2026 7:00 AM - 7:00 PM (Advanced Polling Location)
10/17/2026 - 10/17/2026 9:00 AM - 6:00 PM (Advanced Polling Location)
10/18/2026 - 10/18/2026 12:00 PM - 6:00 PM (Advanced Polling Location)
10/19/2026 - 10/23/2026 7:00 AM - 7:00 PM (Advanced Polling Location)
10/24/2026 - 10/24/2026 9:00 AM - 6:00 PM (Advanced Polling Location)
10/25/2026 - 10/25/2026 12:00 PM - 6:00 PM (Advanced Polling Location)
10/26/2026 - 10/30/2026 7:00 AM - 7:00 PM (Advanced Polling Location)",,,,,
5234_Lavista_Rd_Tucker_GA_30084,DEKALB,REID H. COFER LIBRARY,"5234 Lavista Rd, Tucker, GA 30084",5234 Lavista Rd,Tucker,GA,30084,,"10/13/2026 - 10/16/2026 7:00 AM - 7:00 PM (Advanced Polling Location)
10/17/2026 - 10/17/2026 9:00 AM - 6:00 PM (Advanced Polling Location)
10/18/2026 - 10/18/2026 12:00 PM - 6:00 PM (Advanced Polling Location)
10/19/2026 - 10/23/2026 7:00 AM - 7:00 PM (Advanced Polling Location)
10/24/2026 - 10/24/2026 9:00 AM - 6:00 PM (Advanced Polling Location)
10/25/2026 - 10/25/2026 12:00 PM - 6:00 PM (Advanced Polling Location)
10/26/2026 - 10/30/2026 7:00 AM - 7:00 PM (Advanced Polling Location)",,,,,
5137_Salem_Rd_Lithonia_GA_30038,DEKALB,SALEM PANOLA LIBRARY,"5137 Salem Rd, Lithonia, GA 30038",5137 Salem Rd,Lithonia,GA,30038,,"10/13/2026 - 10/16/2026 7:00 AM - 7:00 PM (Advanced Polling Location)
10/17/2026 - 10/17/2026 9:00 AM - 6:00 PM (Advanced Polling Location)
10/18/2026 - 10/18/2026 12:00 PM - 6:00 PM (Advanced Polling Location)
10/19/2026 - 10/23/2026 7:00 AM - 7:00 PM (Advanced Polling Location)
10/24/2026 - 10/24/2026 9:00 AM - 6:00 PM (Advanced Polling Location)
10/25/2026 - 10/25/2026 12:00 PM - 6:00 PM (Advanced Polling Location)
10/26/2026 - 10/30/2026 7:00 AM - 7:00 PM (Advanced Polling Location)",,,,,
1931_Candler_Rd_Decatur_GA_30032,DEKALB,SOUTH DEKALB SENIOR CENTER,"1931 Candler Rd, Decatur, GA 30032",1931 Candler Rd,Decatur,GA,30032,,"10/13/2026 - 10/16/2026 7:00 AM - 7:00 PM (Advanced Polling Location)
10/17/2026 - 10/17/2026 9:00 AM - 6:00 PM (Advanced Polling Location)
10/18/2026 - 10/18/2026 12:00 PM - 6:00 PM (Advanced Polling Location)
10/19/2026 - 10/23/2026 7:00 AM - 7:00 PM (Advanced Polling Location)
10/24/2026 - 10/24/2026 9:00 AM - 6:00 PM (Advanced Polling Location)
10/25/2026 - 10/25/2026 12:00 PM - 6:00 PM (Advanced Polling Location)
10/26/2026 - 10/30/2026 7:00 AM - 7:00 PM (Advanced Polling Location)",,,,,
3123_Klondike_Rd_Lithonia_GA_30038,DEKALB,STONECREST LIBRARY,"3123 Klondike Rd, Lithonia, GA 30038",3123 Klondike Rd,Lithonia,GA,30038,,"10/13/2026 - 10/16/2026 7:00 AM - 7:00 PM (Advanced Polling Location)
10/17/2026 - 10/17/2026 9:00 AM - 6:00 PM (Advanced Polling Location)
10/18/2026 - 10/18/2026 12:00 PM - 6:00 PM (Advanced Polling Location)
10/19/2026 - 10/23/2026 7:00 AM - 7:00 PM (Advanced Polling Location)
10/24/2026 - 10/24/2026 9:00 AM - 6:00 PM (Advanced Polling Location)
10/25/2026 - 10/25/2026 12:00 PM - 6:00 PM (Advanced Polling Location)
10/26/2026 - 10/30/2026 7:00 AM - 7:00 PM (Advanced Polling Location)",,,,,
5605_Rockbridge_Rd_Stone_Mountain_GA_30088,DEKALB,WADE WALKER YMCA,"5605 Rockbridge Rd, Stone Mountain, GA 30088",5605 Rockbridge Rd,Stone Mountain,GA,30088,,10/26/2026 - 10/30/2026 7:00 AM - 7:00 PM (Advanced Polling Location),,,,,
2861_Wesley_Chapel_Rd_Decatur_GA_30034,DEKALB,WESLEY CHAPEL LIBRARY,"2861 Wesley Chapel Rd, Decatur, GA 30034",2861 Wesley Chapel Rd,Decatur,GA,30034,,"10/13/2026 - 10/16/2026 7:00 AM - 7:00 PM (Advanced Polling Location)
10/17/2026 - 10/17/2026 9:00 AM - 6:00 PM (Advanced Polling Location)
10/18/2026 - 10/18/2026 12:00 PM - 6:00 PM (Advanced Polling Location)
10/19/2026 - 10/23/2026 7:00 AM - 7:00 PM (Advanced Polling Location)
10/24/2026 - 10/24/2026 9:00 AM - 6:00 PM (Advanced Polling Location)
10/25/2026 - 10/25/2026 12:00 PM - 6:00 PM (Advanced Polling Location)
10/26/2026 - 10/30/2026 7:00 AM - 7:00 PM (Advanced Polling Location)",,,,,
232_W_12th_St_Alma_GA_31510,BACON,BACON COUNTY BOARD OF ELECTIONS,"232 W 12th St, Alma, GA 31510",232 W 12th St,Alma,GA,31510,,"10/13/2026 - 10/17/2026 9:00 AM - 5:00 PM (Advanced Polling Location)
10/19/2026 - 10/24/2026 9:00 AM - 5:00 PM (Advanced Polling Location)
10/26/2026 - 10/30/2026 9:00 AM - 5:00 PM (Advanced Polling Location)",,,,,
232_W_12th_St_Alma_GA_31510,BACON,BACON COUNTY ELECTIONS OFFICE,"232 W 12th St, Alma, GA 31510",232 W 12th St,Alma,GA,31510,,"10/13/2026 - 10/17/2026 9:00 AM - 5:00 PM (Advanced Polling Location)
10/19/2026 - 10/24/2026 9:00 AM - 5:00 PM (Advanced Polling Location)
10/26/2026 - 10/30/2026 9:00 AM - 5:00 PM (Advanced Polling Location)",,,,,
439_Ga_Hwy_91_NW_Newton_GA_39870,BAKER,BAKER COUNTY BOARD OF COMMISSIONS,"439 Ga Hwy 91 NW, Newton, GA 39870",439 Ga Hwy 91 NW,Newton,GA,39870,,"10/13/2026 - 10/17/2026 9:00 AM - 5:00 PM (Advanced Polling Location)
10/19/2026 - 10/24/2026 9:00 AM - 5:00 PM (Advanced Polling Location)
10/26/2026 - 10/30/2026 9:00 AM - 5:00 PM (Advanced Polling Location)",,,,,
435_Old_Canton_Rd_Ball_Ground_GA_30107,CHEROKEE,BALL GROUND PUBLIC LIBRARY,"435 Old Canton Rd, Ball Ground, GA 30107",435 Old Canton Rd,Ball Ground,GA,30107,,"10/13/2026 - 10/17/2026 8:30 AM - 5:00 PM (Advanced Polling Location)
10/19/2026 - 10/24/2026 8:30 AM - 5:00 PM (Advanced Polling Location)
10/26/2026 - 10/30/2026 8:30 AM - 7:00 PM (Advanced Polling Location)",,,,,
30_Nimitz_Dr_Brunswick_GA_31520,GLYNN,BALLARD,"30 Nimitz Dr, Brunswick, GA 31520",30 Nimitz Dr,Brunswick,GA,31520,,"10/13/2026 - 10/16/2026 8:00 AM - 5:30 PM (Advanced Polling Location)
10/17/2026 - 10/17/2026 9:00 AM - 5:00 PM (Advanced Polling Location)
10/19/2026 - 10/23/2026 8:00 AM - 5:30 PM (Advanced Polling Location)
10/24/2026 - 10/24/2026 9:00 AM - 5:00 PM (Advanced Polling Location)
10/26/2026 - 10/30/2026 8:00 AM - 5:30 PM (Advanced Polling Location)",,,,,
233_E_Broad_St_Winder_GA_30680,BARROW,BARROW COUNTY ELECTIONS OFFICE,"233 E Broad St, Winder, GA 30680",233 E Broad St,Winder,GA,30680,,"10/13/2026 - 10/16/2026 8:00 AM - 5:00 PM (Advanced Polling Location)
10/17/2026 - 10/17/2026 9:00 AM - 5:00 PM (Advanced Polling Location)
10/19/2026 - 10/23/2026 8:00 AM - 5:00 PM (Advanced Polling Location)
10/24/2026 - 10/24/2026 9:00 AM - 5:00 PM (Advanced Polling Location)
10/26/2026 - 10/30/2026 8:00 AM - 5:00 PM (Advanced Polling Location)",,,,,
222_Cherry_St_Donalsonville_GA_39845,SEMINOLE,BEALL CENTER,"222 Cherry St, Donalsonville, GA 39845",222 Cherry St,Donalsonville,GA,39845,,"10/13/2026 - 10/26/2026 9:00 AM - 5:00 PM (Advanced Polling Location)
10/27/2026 - 10/30/2026 9:00 AM - 5:00 PM (Advanced Polling Location)",,,,,
892_Berne_St_SE_Atlanta_GA_30316,FULTON,BEULAH HEIGHTS UNIVERSITY,"892 Berne St SE, Atlanta, GA 30316",892 Berne St SE,Atlanta,GA,30316,,"10/13/2026 - 10/16/2026 7:00 AM - 7:00 PM (Advanced Polling Location)
10/17/2026 - 10/17/2026 9:00 AM - 5:00 PM (Advanced Polling Location)
10/18/2026 - 10/18/2026 12:00 PM - 5:00 PM (Advanced Polling Location)
10/19/2026 - 10/23/2026 7:00 AM - 7:00 PM (Advanced Polling Location)
10/24/2026 - 10/24/2026 9:00 AM - 5:00 PM (Advanced Polling Location)
10/25/2026 - 10/25/2026 12:00 PM - 5:00 PM (Advanced Polling Location)
10/26/2026 - 10/30/2026 7:00 PM - 7:00 PM (Advanced Polling Location)",,,,,
7300_Blackmon_Rd_Columbus_GA_31909,MUSCOGEE,BLACKMON RD BUILDING,"7300 Blackmon Rd, Columbus, GA 31909",7300 Blackmon Rd,Columbus,GA,31909,,10/24/2026 - 10/30/2026 7:00 AM - 7:00 PM (Advanced Polling Location),,,,,
1200_School_St_Louisville_GA_30434,JEFFERSON,BOARD OF ELECTIONS,"1200 School St, Louisville, GA 30434",1200 School St,Louisville,GA,30434,,"10/13/2026 - 10/17/2026 9:00 AM - 5:00 PM (Advanced Polling Location)
10/19/2026 - 10/24/2026 9:00 AM - 5:00 PM (Advanced Polling Location)
10/26/2026 - 10/30/2026 9:00 AM - 5:00 PM (Advanced Polling Location)",,,,,
"640_Ga_Hwy_128,_Ste_124_Roberta_GA_31078",CRAWFORD,BOARD OF ELECTIONS,"640 Ga Hwy 128, Ste 124, Roberta, GA 31078","640 Ga Hwy 128, Ste 124",Roberta,GA,31078,,"10/13/2026 - 10/17/2026 8:00 AM - 5:00 PM (Advanced Polling Location)
10/19/2026 - 10/24/2026 8:00 AM - 5:00 PM (Advanced Polling Location)
10/26/2026 - 10/30/2026 8:00 AM - 5:00 PM (Advanced Polling Location)",,,,,
2030_Kings_Chapel_Rd_Perry_GA_31069,HOUSTON,BOARD OF ELECTIONS,"2030 Kings Chapel Rd, Perry, GA 31069",2030 Kings Chapel Rd,Perry,GA,31069,,"10/13/2026 - 10/16/2026 8:00 AM - 5:00 PM (Advanced Polling Location)
10/17/2026 - 10/17/2026 9:00 AM - 5:00 PM (Advanced Polling Location)
10/19/2026 - 10/23/2026 8:00 AM - 5:00 PM (Advanced Polling Location)
10/24/2026 - 10/24/2026 9:00 AM - 5:00 PM (Advanced Polling Location)
10/26/2026 - 10/30/2026 8:00 AM - 5:00 PM (Advanced Polling Location)",,,,,
602_S_Grant_St_Fitzgerald_GA_31750,BENHILL,BOARD OF ELECTIONS,"602 S Grant St, Fitzgerald, GA 31750",602 S Grant St,Fitzgerald,GA,31750,,"10/12/2026 - 10/16/2026 8:00 AM - 5:00 PM (Advanced Polling Location)
10/17/2026 - 10/17/2026 9:00 AM - 5:00 PM (Advanced Polling Location)
10/19/2026 - 10/23/2026 8:00 AM - 5:00 PM (Advanced Polling Location)
10/24/2026 - 10/24/2026 9:00 AM - 5:00 PM (Advanced Polling Location)
10/26/2026 - 10/30/2026 8:00 AM - 5:00 PM (Advanced Polling Location)",,,,,
"117_E_Jackson_St,_Ste_A_Dublin_GA_31021",LAURENS,BOARD OF ELECTIONS AND REGISTRATION,"117 E Jackson St, Ste A, Dublin, GA 31021","117 E Jackson St, Ste A",Dublin,GA,31021,,"10/13/2026 - 10/16/2026 8:30 AM - 5:00 PM (Advanced Polling Location)
10/17/2026 - 10/17/2026 9:00 AM - 5:00 PM (Advanced Polling Location)
10/19/2026 - 10/23/2026 8:30 AM - 5:00 PM (Advanced Polling Location)
10/24/2026 - 10/24/2026 9:00 AM - 5:00 PM (Advanced Polling Location)
10/26/2026 - 10/30/2026 8:30 AM - 5:00 PM (Advanced Polling Location)",,,,,
"106_E_Cherry_St_Courthouse_Annex,_Cochran_GA_31014",BLECKLEY,BOARD OF ELECTIONS AND REGISTRATION,"106 E Cherry St, Courthouse Annex, Cochran, GA 31014",106 E Cherry St,"Courthouse Annex, Cochran",GA,31014,,"10/13/2026 - 10/13/2026 8:30 AM - 5:00 PM (Advanced Polling Location)
10/14/2026 - 10/14/2026 8:30 AM - 5:00 PM (Advanced Polling Location)
10/15/2026 - 10/15/2026 8:30 AM - 5:00 PM (Advanced Polling Location)
10/16/2026 - 10/16/2026 8:30 AM - 5:00 PM (Advanced Polling Location)
10/17/2026 - 10/17/2026 9:00 AM - 5:00 PM (Advanced Polling Location)
10/19/2026 - 10/19/2026 8:30 AM - 5:00 PM (Advanced Polling Location)
10/20/2026 - 10/20/2026 8:30 AM - 5:00 PM (Advanced Polling Location)
10/21/2026 - 10/21/2026 8:30 AM - 5:00 PM (Advanced Polling Location)
10/22/2026 - 10/22/2026 8:30 AM - 5:00 PM (Advanced Polling Location)
10/23/2026 - 10/23/2026 8:30 AM - 5:00 PM (Advanced Polling Location)
10/24/2026 - 10/24/2026 9:00 AM - 5:00 PM (Advanced Polling Location)
10/26/2026 - 10/26/2026 8:30 AM - 5:00 PM (Advanced Polling Location)
10/27/2026 - 10/27/2026 8:30 AM - 5:00 PM (Advanced Polling Location)
10/28/2026 - 10/28/2026 8:30 AM - 5:00 PM (Advanced Polling Location)
10/29/2026 - 10/29/2026 8:30 AM - 5:00 PM (Advanced Polling Location)
10/30/2026 - 10/30/2026 8:30 AM - 5:00 PM (Advanced Polling Location)",,,,,
1709_Gloucester_St_Brunswick_GA_31520,GLYNN,BOARD OF ELECTIONS AND REGISTRATION BUILDING,"1709 Gloucester St, Brunswick, GA 31520",1709 Gloucester St,Brunswick,GA,31520,,"10/13/2026 - 10/16/2026 8:00 AM - 5:30 PM (Advanced Polling Location)
10/17/2026 - 10/17/2026 9:00 AM - 5:00 PM (Advanced Polling Location)
10/19/2026 - 10/23/2026 8:00 AM - 5:30 PM (Advanced Polling Location)
10/24/2026 - 10/24/2026 9:00 AM - 5:00 PM (Advanced Polling Location)
10/26/2026 - 10/30/2026 8:00 AM - 5:30 PM (Advanced Polling Location)",,,,,
1115_West_Ave_SW_Conyers_GA_30012,ROCKDALE,BOARD OF ELECTIONS OFFICE,"1115 West Ave SW, Conyers, GA 30012",1115 West Ave SW,Conyers,GA,30012,,"10/13/2026 - 10/16/2026 8:00 AM - 5:00 PM (Advanced Polling Location)
10/17/2026 - 10/17/2026 9:00 AM - 5:00 PM (Advanced Polling Location)
10/18/2026 - 10/18/2026 10:00 AM - 3:00 PM (Advanced Polling Location)
10/19/2026 - 10/23/2026 8:00 AM - 5:00 PM (Advanced Polling Location)
10/24/2026 - 10/24/2026 9:00 AM - 5:00 PM (Advanced Polling Location)
10/26/2026 - 10/27/2026 8:00 AM - 5:00 PM (Advanced Polling Location)
10/28/2026 - 10/30/2026 8:00 AM - 7:00 PM (Advanced Polling Location)",,,,,
2723_N_Bogan_Rd_Buford_GA_30519,GWINNETT,BOGAN PARK COMMUNITY CENTER,"2723 N Bogan Rd, Buford, GA 30519",2723 N Bogan Rd,Buford,GA,30519,,"10/13/2026 - 10/26/2026 7:00 AM - 7:00 PM (Advanced Polling Location)
10/27/2026 - 10/30/2026 7:00 AM - 7:00 PM (Advanced Polling Location)",,,,,
5000_Georgia_Highway_92_Douglasville_GA_30135,DOUGLAS,BOUNDARY WATERS ACTIVITY CENTER,"5000 Georgia Highway 92, Douglasville, GA 30135",5000 Georgia Highway 92,Douglasville,GA,30135,,"10/13/2026 - 10/16/2026 8:30 AM - 6:00 PM (Advanced Polling Location)
10/17/2026 - 10/17/2026 9:00 AM - 5:00 PM (Advanced Polling Location)
10/19/2026 - 10/23/2026 8:30 AM - 6:00 PM (Advanced Polling Location)
10/24/2026 - 10/24/2026 9:00 AM - 5:00 PM (Advanced Polling Location)
10/26/2026 - 10/30/2026 8:30 AM - 6:00 PM (Advanced Polling Location)",,,,,
10305_Main_St_Nahunta_GA_31553,BRANTLEY,BRANTLEY CO. ELECTIONS,"10305 Main St, Nahunta, GA 31553",10305 Main St,Nahunta,GA,31553,,"10/13/2026 - 10/17/2026 8:00 AM - 5:00 PM (Advanced Polling Location)
10/19/2026 - 10/24/2026 8:00 AM - 5:00 PM (Advanced Polling Location)
10/26/2026 - 10/30/2026 8:00 AM - 7:00 PM (Advanced Polling Location)",,,,,
27_E_Lake_Dr_Braselton_GA_30517,JACKSON,BRASELTON CIVIC CENTER,"27 E Lake Dr, Braselton, GA 30517",27 E Lake Dr,Braselton,GA,30517,,10/26/2026 - 10/30/2026 9:00 AM - 5:00 PM (Advanced Polling Location),,,,,
104_Church_St_Brooklet_GA_30415,BULLOCH,BROOKLET CITY HALL,"104 Church St, Brooklet, GA 30415",104 Church St,Brooklet,GA,30415,,10/26/2026 - 10/30/2026 8:00 AM - 5:00 PM (Advanced Polling Location),,,,,
104_Church_St_Brooklet_GA_30415,BULLOCH,BROOKLET CITY HALL,"104 Church St, Brooklet, GA 30415",104 Church St,Brooklet,GA,30415,,10/26/2026 - 10/30/2026 8:00 AM - 5:00 PM (Advanced Polling Location),,,,,
8650_Cartersville_Hwy_Dallas_GA_30132,PAULDING,BURNT HICKORY PARK,"8650 Cartersville Hwy, Dallas, GA 30132",8650 Cartersville Hwy,Dallas,GA,30132,,10/26/2026 - 10/30/2026 8:00 AM - 7:00 PM (Advanced Polling Location),,,,,
625_W_3rd_St_Jackson_GA_30233,BUTTS,BUTTS COUNTY ADMINISTRATION BUILDING,"625 W 3rd St, Jackson, GA 30233",625 W 3rd St,Jackson,GA,30233,,"10/13/2026 - 10/16/2026 8:00 AM - 6:00 PM (Advanced Polling Location)
10/17/2026 - 10/17/2026 9:00 AM - 5:00 PM (Advanced Polling Location)
10/19/2026 - 10/23/2026 8:00 AM - 6:00 PM (Advanced Polling Location)
10/24/2026 - 10/24/2026 9:00 AM - 5:00 PM (Advanced Polling Location)
10/26/2026 - 10/30/2026 8:00 AM - 6:00 PM (Advanced Polling Location)",,,,,
401_Main_St_Byron_GA_31008,PEACH,BYRON MUNICIPAL COMPLEX (1),"401 Main St, Byron, GA 31008",401 Main St,Byron,GA,31008,,"10/12/2026 - 10/16/2026 8:00 AM - 5:00 PM (Advanced Polling Location)
10/17/2026 - 10/17/2026 9:00 AM - 5:00 PM (Advanced Polling Location)
10/19/2026 - 10/23/2026 8:00 AM - 5:00 PM (Advanced Polling Location)
10/24/2026 - 10/24/2026 9:00 AM - 5:00 PM (Advanced Polling Location)
10/26/2026 - 10/30/2026 8:00 AM - 5:00 PM (Advanced Polling Location)",,,,,
107_N_Gross_Rd_Kingsland_GA_31548,CAMDEN,CAMDEN COUNTY ANNEX ADVANCE IN PERSON,"107 N Gross Rd, Kingsland, GA 31548",107 N Gross Rd,Kingsland,GA,31548,,"10/13/2026 - 10/16/2026 8:30 AM - 5:30 PM (Advanced Polling Location)
10/17/2026 - 10/17/2026 9:00 AM - 5:00 PM (Advanced Polling Location)
10/19/2026 - 10/23/2026 8:30 AM - 5:30 PM (Advanced Polling Location)
10/24/2026 - 10/24/2026 9:00 AM - 5:00 PM (Advanced Polling Location)
10/26/2026 - 10/30/2026 8:30 AM - 6:00 PM (Advanced Polling Location)",,,,,
3499_Rex_Rd_Rex_GA_30273,CLAYTON,CARL RHODENIZER RECREATION CENTER,"3499 Rex Rd, Rex, GA 30273",3499 Rex Rd,Rex,GA,30273,,"10/13/2026 - 10/16/2026 8:00 AM - 7:00 PM (Advanced Polling Location)
10/17/2026 - 10/17/2026 9:00 AM - 5:00 PM (Advanced Polling Location)
10/18/2026 - 10/18/2026 12:00 PM - 5:00 PM (Advanced Polling Location)
10/19/2026 - 10/23/2026 8:00 AM - 7:00 PM (Advanced Polling Location)
10/24/2026 - 10/24/2026 9:00 AM - 5:00 PM (Advanced Polling Location)
10/25/2026 - 10/25/2026 12:00 PM - 5:00 PM (Advanced Polling Location)
10/26/2026 - 10/30/2026 8:00 AM - 7:00 PM (Advanced Polling Location)",,,,,
4395_River_Watch_Pkwy_Evans_GA_30809,COLUMBIA,CCBOE - SUPPORT COMPLEX,"4395 River Watch Pkwy, Evans, GA 30809",4395 River Watch Pkwy,Evans,GA,30809,,"10/13/2026 - 10/16/2026 8:00 AM - 5:00 PM (Advanced Polling Location)
10/17/2026 - 10/17/2026 9:00 AM - 5:00 PM (Advanced Polling Location)
10/19/2026 - 10/23/2026 8:00 AM - 5:00 PM (Advanced Polling Location)
10/24/2026 - 10/24/2026 9:00 AM - 5:00 PM (Advanced Polling Location)
10/26/2026 - 10/30/2026 8:00 AM - 5:00 PM (Advanced Polling Location)",,,,,
108_Prior_St_Cedartown_GA_30125,POLK,CEDARTOWN EARLY VOTING,"108 Prior St, Cedartown, GA 30125",108 Prior St,Cedartown,GA,30125,,"10/13/2026 - 10/17/2026 9:00 AM - 5:00 PM (Advanced Polling Location)
10/19/2026 - 10/24/2026 9:00 AM - 5:00 PM (Advanced Polling Location)
10/26/2026 - 10/30/2026 9:00 AM - 5:00 PM (Advanced Polling Location)",,,,,
71_Cohen_Walker_Dr_Warner_Robins_GA_31088,HOUSTON,CENTRAL GA TECH HEALTH SCIENCES BLDG,"71 Cohen Walker Dr, Warner Robins, GA 31088",71 Cohen Walker Dr,Warner Robins,GA,31088,,"10/13/2026 - 10/16/2026 8:00 AM - 5:00 PM (Advanced Polling Location)
10/17/2026 - 10/17/2026 9:00 AM - 5:00 PM (Advanced Polling Location)
10/19/2026 - 10/23/2026 8:00 AM - 5:00 PM (Advanced Polling Location)
10/24/2026 - 10/24/2026 9:00 AM - 5:00 PM (Advanced Polling Location)
10/26/2026 - 10/30/2026 8:00 AM - 5:00 PM (Advanced Polling Location)",,,,,
10017_Commerce_St_Summerville_GA_30747,CHATTOOGA,CHATTOOGA COUNTY REGISTRARS OFFICE,"10017 Commerce St, Summerville, GA 30747",10017 Commerce St,Summerville,GA,30747,,"10/13/2026 - 10/16/2026 8:30 AM - 5:00 PM (Advanced Polling Location)
10/17/2026 - 10/17/2026 9:00 AM - 5:00 PM (Advanced Polling Location)
10/19/2026 - 10/23/2026 8:30 AM - 5:00 PM (Advanced Polling Location)
10/24/2026 - 10/24/2026 9:00 AM - 5:00 PM (Advanced Polling Location)
10/26/2026 - 10/30/2026 8:30 AM - 6:00 PM (Advanced Polling Location)",,,,,
193_Lamar_Haley_Pkwy_Canton_GA_30114,CHEROKEE,CHEROKEE COUNTY BOARD OF ELECTIONS,"193 Lamar Haley Pkwy, Canton, GA 30114",193 Lamar Haley Pkwy,Canton,GA,30114,,10/25/2026 - 10/25/2026 1:00 PM - 5:00 PM (Advanced Polling Location),,,,,
1817_Lee_Clarkson_Rd_Chickamauga_GA_30707,WALKER,CHICKAMAUGA CIVIC CENTER,"1817 Lee Clarkson Rd, Chickamauga, GA 30707",1817 Lee Clarkson Rd,Chickamauga,GA,30707,,"10/24/2026 - 10/24/2026 9:00 AM - 5:00 PM (Advanced Polling Location)
10/26/2026 - 10/26/2026 9:00 AM - 5:00 PM (Advanced Polling Location)
10/27/2026 - 10/27/2026 8:00 AM - 6:00 PM (Advanced Polling Location)
10/28/2026 - 10/30/2026 9:00 AM - 5:00 PM (Advanced Polling Location)",,,,,
5087_Park_Ave_Forest_Park_GA_30297,CLAYTON,CITY OF FOREST PARK SENIOR CENTER,"5087 Park Ave, Forest Park, GA 30297",5087 Park Ave,Forest Park,GA,30297,,"10/13/2026 - 10/16/2026 8:00 AM - 7:00 PM (Advanced Polling Location)
10/17/2026 - 10/17/2026 9:00 AM - 5:00 PM (Advanced Polling Location)
10/18/2026 - 10/18/2026 12:00 PM - 5:00 PM (Advanced Polling Location)
10/19/2026 - 10/23/2026 8:00 AM - 7:00 PM (Advanced Polling Location)
10/24/2026 - 10/24/2026 9:00 AM - 5:00 PM (Advanced Polling Location)
10/25/2026 - 10/25/2026 12:00 AM - 5:00 PM (Advanced Polling Location)
10/26/2026 - 10/30/2026 8:00 AM - 7:00 PM (Advanced Polling Location)",,,,,
3111_Citizens_Way_Columbus_GA_31906,MUSCOGEE,CITY SERVICE CENTER,"3111 Citizens Way, Columbus, GA 31906",3111 Citizens Way,Columbus,GA,31906,,"10/13/2026 - 10/16/2026 7:00 AM - 7:00 PM (Advanced Polling Location)
10/17/2026 - 10/23/2026 7:00 AM - 7:00 PM (Advanced Polling Location)
10/24/2026 - 10/30/2026 7:00 AM - 7:00 PM (Advanced Polling Location)",,,,,
301_Oglethorpe_Ave_Savannah_GA_31401,CHATHAM,CIVIC CENTER,"301 Oglethorpe Ave, Savannah, GA 31401",301 Oglethorpe Ave,Savannah,GA,31401,,"10/13/2026 - 10/16/2026 9:00 AM - 5:00 PM (Advanced Polling Location)
10/18/2026 - 10/23/2026 9:00 AM - 5:00 PM (Advanced Polling Location)
10/25/2026 - 10/30/2026 9:00 AM - 5:00 PM (Advanced Polling Location)",,,,,
101_Civic_Center_Dr_Thomaston_GA_30286,UPSON,CIVIC CENTER,"101 Civic Center Dr, Thomaston, GA 30286",101 Civic Center Dr,Thomaston,GA,30286,,"10/13/2026 - 10/16/2026 8:30 AM - 5:00 PM (Advanced Polling Location)
10/17/2026 - 10/17/2026 9:00 AM - 5:00 PM (Advanced Polling Location)
10/19/2026 - 10/23/2026 8:30 AM - 5:00 PM (Advanced Polling Location)
10/24/2026 - 10/24/2026 9:00 AM - 5:00 PM (Advanced Polling Location)
10/26/2026 - 10/30/2026 8:30 AM - 5:00 PM (Advanced Polling Location)",,,,,
210_S_Washington_St_Fort_Gaines_GA_39851,CLAY,CLAY COUNTY COURTHOUSE,"210 S Washington St, Fort Gaines, GA 39851",210 S Washington St,Fort Gaines,GA,39851,,"10/13/2026 - 10/26/2026 9:00 AM - 5:00 PM (Advanced Polling Location)
10/27/2026 - 10/30/2026 9:00 AM - 5:00 PM (Advanced Polling Location)",,,,,
6131_Riverdale_Rd_Riverdale_GA_30274,CLAYTON,CLAYTON COUNTY LIBRARY NORTHWEST BRANCH,"6131 Riverdale Rd, Riverdale, GA 30274",6131 Riverdale Rd,Riverdale,GA,30274,,"10/13/2026 - 10/16/2026 8:00 AM - 7:00 PM (Advanced Polling Location)
10/17/2026 - 10/17/2026 9:00 AM - 5:00 PM (Advanced Polling Location)
10/18/2026 - 10/18/2026 12:00 PM - 5:00 PM (Advanced Polling Location)
10/19/2026 - 10/23/2026 8:00 AM - 7:00 PM (Advanced Polling Location)
10/24/2026 - 10/24/2026 9:00 AM - 5:00 PM (Advanced Polling Location)
10/25/2026 - 10/25/2026 12:00 PM - 5:00 PM (Advanced Polling Location)
10/26/2026 - 10/30/2026 8:00 AM - 7:00 PM (Advanced Polling Location)",,,,,
"224_W_Ashley_St,_Ste_A_Douglas_GA_31533",COFFEE,COFFEE COUNTY BOARD OF ELECTIONS OFFICE,"224 W Ashley St, Ste A, Douglas, GA 31533","224 W Ashley St, Ste A",Douglas,GA,31533,,"10/13/2026 - 10/16/2026 8:30 AM - 5:00 PM (Advanced Polling Location)
10/17/2026 - 10/17/2026 9:00 AM - 5:00 PM (Advanced Polling Location)
10/19/2026 - 10/23/2026 8:30 AM - 5:00 PM (Advanced Polling Location)
10/24/2026 - 10/24/2026 9:00 AM - 5:00 PM (Advanced Polling Location)
10/26/2026 - 10/30/2026 8:30 AM - 5:00 PM (Advanced Polling Location)",,,,,
455_Camp_Perrin_Rd_Lawrenceville_GA_30043,GWINNETT,COLLINS HILL LIBRARY,"455 Camp Perrin Rd, Lawrenceville, GA 30043",455 Camp Perrin Rd,Lawrenceville,GA,30043,,"10/13/2026 - 10/26/2026 7:00 AM - 7:00 PM (Advanced Polling Location)
10/27/2026 - 10/30/2026 7:00 AM - 7:00 PM (Advanced Polling Location)",,,,,
610_Ronald_Reagan_Dr_G3_Evans_GA_30809,COLUMBIA,"COLUMBIA COUNTY BOARD OF ELECTIONS, BUILDING G3","610 Ronald Reagan Dr G3, Evans, GA 30809",610 Ronald Reagan Dr G3,Evans,GA,30809,,"10/13/2026 - 10/16/2026 8:00 AM - 5:00 PM (Advanced Polling Location)
10/17/2026 - 10/17/2026 9:00 AM - 5:00 PM (Advanced Polling Location)
10/19/2026 - 10/23/2026 8:00 AM - 5:00 PM (Advanced Polling Location)
10/24/2026 - 10/24/2026 9:00 AM - 5:00 PM (Advanced Polling Location)
10/26/2026 - 10/30/2026 8:00 AM - 5:00 PM (Advanced Polling Location)",,,,,
110_State_St_Commerce_GA_30529,JACKSON,COMMERCE ADMINISTRATIVE COMPLEX,"110 State St, Commerce, GA 30529",110 State St,Commerce,GA,30529,,10/26/2026 - 10/30/2026 9:00 AM - 5:00 PM (Advanced Polling Location),,,,,
48_Warren_St_Warrenton_GA_30828,WARREN,COMMUNITY SERVICE BUILDING,"48 Warren St, Warrenton, GA 30828",48 Warren St,Warrenton,GA,30828,,"10/13/2026 - 10/16/2026 8:00 AM - 5:00 PM (Advanced Polling Location)
10/17/2026 - 10/17/2026 9:00 AM - 5:00 PM (Advanced Polling Location)
10/19/2026 - 10/23/2026 8:00 AM - 5:00 PM (Advanced Polling Location)
10/24/2026 - 10/24/2026 9:00 AM - 5:00 PM (Advanced Polling Location)
10/26/2026 - 10/30/2026 8:00 AM - 5:00 PM (Advanced Polling Location)",,,,,
16_W_Forest_Ave_Alamo_GA_30411,WHEELER,COMMUNITY SERVICE CENTER,"16 W Forest Ave, Alamo, GA 30411",16 W Forest Ave,Alamo,GA,30411,,"10/13/2026 - 10/17/2026 9:00 AM - 5:00 PM (Advanced Polling Location)
10/19/2026 - 10/24/2026 9:00 AM - 5:00 PM (Advanced Polling Location)
10/26/2026 - 10/30/2026 9:00 AM - 5:00 PM (Advanced Polling Location)
11/03/2026 - 11/03/2026 7:00 AM - 7:00 PM (Advanced Polling Location)",,,,,
1200_S_Hutchinson_Ave_Adel_GA_31620,COOK,COOK COUNTY ADMINISTRATION BUILDING,"1200 S Hutchinson Ave, Adel, GA 31620",1200 S Hutchinson Ave,Adel,GA,31620,,"10/13/2026 - 10/17/2026 9:00 AM - 5:00 PM (Advanced Polling Location)
10/19/2026 - 10/24/2026 9:00 AM - 5:00 PM (Advanced Polling Location)
10/26/2026 - 10/30/2026 9:00 AM - 5:00 PM (Advanced Polling Location)",,,,,
201_N_Davis_St_Nashville_GA_31639,BERRIEN,COUNTY ADMIN BUILDING,"201 N Davis St, Nashville, GA 31639",201 N Davis St,Nashville,GA,31639,,"10/13/2026 - 10/16/2026 8:00 AM - 5:00 PM (Advanced Polling Location)
10/17/2026 - 10/17/2026 9:00 AM - 5:00 PM (Advanced Polling Location)
10/19/2026 - 10/23/2026 8:00 AM - 5:00 PM (Advanced Polling Location)
10/24/2026 - 10/24/2026 9:00 AM - 5:00 PM (Advanced Polling Location)
10/26/2026 - 10/30/2026 8:00 AM - 5:00 PM (Advanced Polling Location)",,,,,
423_College_St_Carrollton_GA_30117,CARROLL,COUNTY ADMINISTRATION BUILDING,"423 College St, Carrollton, GA 30117",423 College St,Carrollton,GA,30117,,"10/13/2026 - 10/16/2026 8:30 AM - 5:00 PM (Advanced Polling Location)
10/17/2026 - 10/17/2026 9:00 AM - 5:00 PM (Advanced Polling Location)
10/19/2026 - 10/23/2026 8:30 AM - 5:00 PM (Advanced Polling Location)
10/24/2026 - 10/24/2026 9:00 AM - 5:00 PM (Advanced Polling Location)
10/26/2026 - 10/30/2026 8:30 AM - 5:00 PM (Advanced Polling Location)",,,,,
"403_Habersham_County_Shopping_Center_Down_From_Belk_And_Pizza_Hut,_Cornelia_GA_30531___",HABERSHAM,COUNTY ELECTIONS & REGISTRATION OFFICE,"403 Habersham County Shopping Center Down From Belk And Pizza Hut, Cornelia GA 30531","403 Habersham County Shopping Center Down From Belk And Pizza Hut, Cornelia GA 30531",,,,,"10/13/2026 - 10/16/2026 8:00 AM - 5:00 PM (Advanced Polling Location)
10/17/2026 - 10/17/2026 9:00 AM - 5:00 PM (Advanced Polling Location)
10/19/2026 - 10/23/2026 8:00 AM - 5:00 PM (Advanced Polling Location)
10/24/2026 - 10/24/2026 9:00 AM - 5:00 PM (Advanced Polling Location)
10/26/2026 - 10/30/2026 8:00 AM - 7:00 PM (Advanced Polling Location)",,,,,
113_Monument_St_Crawfordville_GA_30631,TALIAFERRO,COURTHOUSE,"113 Monument St, Crawfordville, GA 30631",113 Monument St,Crawfordville,GA,30631,,"10/13/2026 - 10/26/2026 9:00 AM - 5:00 PM (Advanced Polling Location)
10/27/2026 - 10/30/2026 9:00 AM - 5:00 PM (Advanced Polling Location)",,,,,
25_Court_Sq_Homerville_GA_31634,CLINCH,COURTHOUSE,"25 Court Sq, Homerville, GA 31634",25 Court Sq,Homerville,GA,31634,,"10/13/2026 - 10/17/2026 9:00 AM - 5:00 PM (Advanced Polling Location)
10/19/2026 - 10/24/2026 9:00 AM - 5:00 PM (Advanced Polling Location)
10/26/2026 - 10/30/2026 9:00 AM - 5:00 PM (Advanced Polling Location)",,,,,
23_Court_St_Washington_GA_30673,WILKES,COURTHOUSE,"23 Court St, Washington, GA 30673",23 Court St,Washington,GA,30673,,"10/13/2026 - 10/16/2026 8:00 AM - 5:00 PM (Advanced Polling Location)
10/17/2026 - 10/17/2026 9:00 AM - 5:00 PM (Advanced Polling Location)
10/19/2026 - 10/23/2026 8:00 AM - 5:00 PM (Advanced Polling Location)
10/24/2026 - 10/24/2026 9:00 AM - 5:00 PM (Advanced Polling Location)
10/26/2026 - 10/30/2026 8:00 AM - 5:00 PM (Advanced Polling Location)",,,,,
113_Monument_St_Crawfordville_GA_30631,TALIAFERRO,COURTHOUSE,"113 Monument St, Crawfordville, GA 30631",113 Monument St,Crawfordville,GA,30631,,"10/13/2026 - 10/26/2026 9:00 AM - 5:00 PM (Advanced Polling Location)
10/27/2026 - 10/30/2026 9:00 AM - 5:00 PM (Advanced Polling Location)",,,,,
"201_Freeman_ST_Suite_8_Courtroom_2,_Claxton_GA_30417___",EVANS,COURTHOUSE ANNEX,"201 Freeman ST Suite 8 Courtroom 2, Claxton GA 30417","201 Freeman ST Suite 8 Courtroom 2, Claxton GA 30417",,,,,"10/13/2026 - 10/16/2026 9:00 AM - 5:00 PM (Advanced Polling Location)
10/17/2026 - 10/17/2026 9:00 AM - 5:00 PM (Advanced Polling Location)
10/19/2026 - 10/23/2026 9:00 AM - 5:00 PM (Advanced Polling Location)
10/24/2026 - 10/24/2026 9:00 AM - 5:00 PM (Advanced Polling Location)
10/26/2026 - 10/30/2026 9:00 AM - 5:00 PM (Advanced Polling Location)",,,,,
312_Suite_2_Blackshear_GA_31516,PIERCE,COURTHOUSE ANNEX,"312 Suite 2, Blackshear, GA 31516",312 Suite 2,Blackshear,GA,31516,,"10/13/2026 - 10/16/2026 8:30 AM - 5:00 PM (Advanced Polling Location)
10/17/2026 - 10/17/2026 9:00 AM - 5:00 PM (Advanced Polling Location)
10/19/2026 - 10/23/2026 8:30 AM - 5:00 PM (Advanced Polling Location)
10/24/2026 - 10/24/2026 9:00 AM - 5:00 PM (Advanced Polling Location)
10/26/2026 - 10/30/2026 8:30 AM - 5:00 PM (Advanced Polling Location)",,,,,
122_W_Water_St_Bainbridge_GA_39817,DECATUR,COURTHOUSE ANNEX,"122 W Water St, Bainbridge, GA 39817",122 W Water St,Bainbridge,GA,39817,,"10/13/2026 - 10/17/2026 9:00 AM - 5:00 PM (Advanced Polling Location)
10/19/2026 - 10/24/2026 9:00 AM - 5:00 PM (Advanced Polling Location)
10/26/2026 - 10/30/2026 9:00 AM - 5:00 PM (Advanced Polling Location)",,,,,
"101_E_Central_Ave,_Rm_201_Moultrie_GA_31768",COLQUITT,COURTHOUSE ANNEX,"101 E Central Ave, Rm 201, Moultrie, GA 31768","101 E Central Ave, Rm 201",Moultrie,GA,31768,,"10/13/2026 - 10/17/2026 8:00 AM - 5:00 PM (Advanced Polling Location)
10/19/2026 - 10/24/2026 8:00 AM - 5:00 PM (Advanced Polling Location)
10/26/2026 - 10/30/2026 8:00 AM - 5:00 PM (Advanced Polling Location)",,,,,
93_Front_St_Cuthbert_GA_39840,RANDOLPH,COURTHOUSE-GOVT CENTER,"93 Front St, Cuthbert, GA 39840",93 Front St,Cuthbert,GA,39840,,"10/13/2026 - 10/17/2026 8:00 AM - 5:00 PM (Advanced Polling Location)
10/19/2026 - 10/24/2026 8:00 AM - 5:00 PM (Advanced Polling Location)
10/26/2026 - 10/30/2026 8:00 AM - 5:00 PM (Advanced Polling Location)",,,,,
2775_Creel_Rd_South_Fulton_GA_30349,FULTON,CREEL PARK,"2775 Creel Rd, South Fulton, GA 30349",2775 Creel Rd,South Fulton,GA,30349,,"10/13/2026 - 10/16/2026 7:00 AM - 7:00 PM (Advanced Polling Location)
10/17/2026 - 10/17/2026 9:00 AM - 5:00 PM (Advanced Polling Location)
10/18/2026 - 10/18/2026 12:00 PM - 5:00 PM (Advanced Polling Location)
10/19/2026 - 10/23/2026 7:00 AM - 7:00 PM (Advanced Polling Location)
10/24/2026 - 10/24/2026 9:00 AM - 5:00 PM (Advanced Polling Location)
10/25/2026 - 10/25/2026 12:00 PM - 5:00 PM (Advanced Polling Location)
10/26/2026 - 10/30/2026 7:00 AM - 7:00 PM (Advanced Polling Location)",,,,,
909_Harmony_Grove_Church_Rd_Acworth_GA_30101,PAULDING,CROSSROADS LIBRARY,"909 Harmony Grove Church Rd, Acworth, GA 30101",909 Harmony Grove Church Rd,Acworth,GA,30101,,10/26/2026 - 10/30/2026 8:00 AM - 7:00 PM (Advanced Polling Location),,,,,
2735_Auburn_Ave_Dacula_GA_30019,GWINNETT,DACULA PARK ACTIVITY BUILDING,"2735 Auburn Ave, Dacula, GA 30019",2735 Auburn Ave,Dacula,GA,30019,,"10/13/2026 - 10/26/2026 7:00 AM - 7:00 PM (Advanced Polling Location)
10/27/2026 - 10/30/2026 7:00 AM - 7:00 PM (Advanced Polling Location)",,,,,
96_Academy_Ave_Dawsonville_GA_30534,DAWSON,DAWSON CO ELECT & REG OFFICE,"96 Academy Ave, Dawsonville, GA 30534",96 Academy Ave,Dawsonville,GA,30534,,"10/13/2026 - 10/16/2026 8:00 AM - 5:00 PM (Advanced Polling Location)
10/17/2026 - 10/17/2026 9:00 AM - 5:00 PM (Advanced Polling Location)
10/19/2026 - 10/23/2026 8:00 AM - 5:00 PM (Advanced Polling Location)
10/24/2026 - 10/24/2026 9:00 AM - 5:00 PM (Advanced Polling Location)
10/26/2026 - 10/30/2026 8:00 AM - 5:00 PM (Advanced Polling Location)",,,,,
4614_Augusta_Hwy_Dearing_GA_30808,MCDUFFIE,DEARING COMMUNITY CENTER,"4614 Augusta Hwy, Dearing, GA 30808",4614 Augusta Hwy,Dearing,GA,30808,,"10/13/2026 - 10/17/2026 9:00 AM - 5:00 PM (Advanced Polling Location)
10/19/2026 - 10/24/2026 8:30 AM - 6:00 PM (Advanced Polling Location)
10/26/2026 - 10/30/2026 9:00 AM - 5:00 PM (Advanced Polling Location)",,,,,
2105_Mack_Rd_Douglasville_GA_30135,DOUGLAS,DEER LICK PARK,"2105 Mack Rd, Douglasville, GA 30135",2105 Mack Rd,Douglasville,GA,30135,,"10/13/2026 - 10/16/2026 8:30 AM - 6:00 PM (Advanced Polling Location)
10/17/2026 - 10/17/2026 9:00 AM - 5:00 PM (Advanced Polling Location)
10/19/2026 - 10/23/2026 8:30 AM - 6:00 PM (Advanced Polling Location)
10/24/2026 - 10/24/2026 9:00 AM - 5:00 PM (Advanced Polling Location)
10/26/2026 - 10/30/2026 8:30 AM - 6:00 PM (Advanced Polling Location)",,,,,
140_Bethel_Church_Rd_Hiram_GA_30141,PAULDING,DIANNE WRIGHT INNOVATION CENTER,"140 Bethel Church Rd, Hiram, GA 30141",140 Bethel Church Rd,Hiram,GA,30141,,10/26/2026 - 10/30/2026 8:00 AM - 7:00 PM (Advanced Polling Location),,,,,
"5016_Courthouse_Cir,_Ste_B_Eastman_GA_31023",DODGE,DODGE COUNTY ELECTIONS OFFICE,"5016 Courthouse Cir, Ste B, Eastman, GA 31023","5016 Courthouse Cir, Ste B",Eastman,GA,31023,,"10/13/2026 - 10/17/2026 9:00 AM - 5:00 PM (Advanced Polling Location)
10/19/2026 - 10/24/2026 9:00 AM - 5:00 PM (Advanced Polling Location)
10/26/2026 - 10/30/2026 9:00 AM - 5:00 PM (Advanced Polling Location)",,,,,
6100_Ga_Highway_5_Douglasville_GA_30135,DOUGLAS,DOG RIVER LIBRARY,"6100 Ga Highway 5, Douglasville, GA 30135",6100 Ga Highway 5,Douglasville,GA,30135,,"10/13/2026 - 10/16/2026 8:30 AM - 6:00 PM (Advanced Polling Location)
10/17/2026 - 10/17/2026 9:00 AM - 5:00 PM (Advanced Polling Location)
10/19/2026 - 10/23/2026 8:30 AM - 6:00 PM (Advanced Polling Location)
10/24/2026 - 10/24/2026 9:00 AM - 5:00 PM (Advanced Polling Location)
10/26/2026 - 10/30/2026 8:30 AM - 6:00 PM (Advanced Polling Location)",,,,,
8700_Hospital_Dr_Douglasville_GA_30134,DOUGLAS,DOUGLAS COUNTY COURTHOUSE,"8700 Hospital Dr, Douglasville, GA 30134",8700 Hospital Dr,Douglasville,GA,30134,,"10/13/2026 - 10/16/2026 8:30 AM - 6:00 PM (Advanced Polling Location)
10/17/2026 - 10/17/2026 9:00 AM - 5:00 PM (Advanced Polling Location)
10/19/2026 - 10/23/2026 8:30 AM - 6:00 PM (Advanced Polling Location)
10/24/2026 - 10/24/2026 9:00 AM - 5:00 PM (Advanced Polling Location)
10/26/2026 - 10/30/2026 8:30 AM - 6:00 PM (Advanced Polling Location)",,,,,
3911_P_Davison_Rd_Gainesville_GA_30507,HALL,EAST HALL COMMUNITY BUILDING,"3911 P Davison Rd, Gainesville, GA 30507",3911 P Davison Rd,Gainesville,GA,30507,,"10/13/2026 - 10/16/2026 8:00 AM - 6:00 PM (Advanced Polling Location)
10/17/2026 - 10/17/2026 9:00 AM - 5:00 PM (Advanced Polling Location)
10/19/2026 - 10/23/2026 8:00 AM - 6:00 PM (Advanced Polling Location)
10/24/2026 - 10/24/2026 9:00 AM - 5:00 PM (Advanced Polling Location)
10/26/2026 - 10/30/2026 8:00 AM - 7:00 PM (Advanced Polling Location)",,,,,
65_Literary_Ln_Newnan_GA_30265,COWETA,EAST SIDE ADV. VOTING SITE AT CENTRAL COMPLEX,"65 Literary Ln, Newnan, GA 30265",65 Literary Ln,Newnan,GA,30265,,"10/13/2026 - 10/17/2026 9:00 AM - 5:00 PM (Advanced Polling Location)
10/19/2026 - 10/19/2026 9:00 AM - 7:00 PM (Advanced Polling Location)
10/20/2026 - 10/22/2026 9:00 AM - 5:00 PM (Advanced Polling Location)
10/23/2026 - 10/23/2026 9:00 AM - 5:00 PM (Advanced Polling Location)
10/24/2026 - 10/24/2026 9:00 AM - 5:00 PM (Advanced Polling Location)
10/26/2026 - 10/30/2026 9:00 AM - 5:00 PM (Advanced Polling Location)",,,,,
284_Ga_Highway_119_S_Springfield_GA_31329,EFFINGHAM,EFFINGHAM CO. BOARD OF ELECTIONS AND REGISTRATION,"284 Ga Highway 119 S, Springfield, GA 31329",284 Ga Highway 119 S,Springfield,GA,31329,,"10/13/2026 - 10/17/2026 9:00 AM - 5:00 PM (Advanced Polling Location)
10/19/2026 - 10/24/2026 9:00 AM - 5:00 PM (Advanced Polling Location)
10/26/2026 - 10/30/2026 9:00 AM - 5:00 PM (Advanced Polling Location)",,,,,
306_E_Pine_St_Jesup_GA_31546,WAYNE,ELECTION AND REGISTRATION BUILDING,"306 E Pine St, Jesup, GA 31546",306 E Pine St,Jesup,GA,31546,,"10/13/2026 - 10/17/2026 9:00 AM - 5:00 PM (Advanced Polling Location)
10/19/2026 - 10/24/2026 9:00 AM - 5:00 PM (Advanced Polling Location)
10/26/2026 - 10/30/2026 9:00 AM - 5:00 PM (Advanced Polling Location)",,,,,
"756_Woodbury_Hwy,_Ste_B_Greenville_GA_30222",MERIWETHER,ELECTION HQ,"756 Woodbury Hwy, Ste B, Greenville, GA 30222","756 Woodbury Hwy, Ste B",Greenville,GA,30222,,"10/13/2026 - 10/16/2026 8:30 AM - 5:00 PM (Advanced Polling Location)
10/17/2026 - 10/17/2026 9:00 AM - 5:00 PM (Advanced Polling Location)
10/19/2026 - 10/23/2026 8:30 AM - 5:00 PM (Advanced Polling Location)
10/24/2026 - 10/24/2026 9:00 AM - 5:00 PM (Advanced Polling Location)
10/26/2026 - 10/30/2026 8:30 AM - 5:00 PM (Advanced Polling Location)",,,,,
"400_W_Main_St,_Ste_104_Blue_Ridge_GA_30513",FANNIN,ELECTION OFFICE,"400 W Main St, Ste 104, Blue Ridge, GA 30513","400 W Main St, Ste 104",Blue Ridge,GA,30513,,"10/13/2026 - 10/17/2026 9:00 AM - 5:00 PM (Advanced Polling Location)
10/19/2026 - 10/24/2026 9:00 AM - 5:00 PM (Advanced Polling Location)
10/26/2026 - 10/30/2026 9:00 AM - 5:00 PM (Advanced Polling Location)",,,,,
114_W_Brazell_St_Reidsville_GA_30453,TATTNALL,ELECTION OFFICE,"114 W Brazell St, Reidsville, GA 30453",114 W Brazell St,Reidsville,GA,30453,,"10/13/2026 - 10/16/2026 8:00 AM - 5:00 PM (Advanced Polling Location)
10/17/2026 - 10/17/2026 9:00 AM - 5:00 PM (Advanced Polling Location)
10/19/2026 - 10/23/2026 8:00 AM - 5:00 PM (Advanced Polling Location)
10/24/2026 - 10/24/2026 9:00 AM - 5:00 PM (Advanced Polling Location)
10/26/2026 - 10/30/2026 8:00 AM - 5:00 PM (Advanced Polling Location)",,,,,
103_Jefferson_St_Darien_GA_31305,MCINTOSH,ELECTION OFFICE,"103 Jefferson St, Darien, GA 31305",103 Jefferson St,Darien,GA,31305,,"10/13/2026 - 10/26/2026 8:00 AM - 5:00 PM (Advanced Polling Location)
10/27/2026 - 10/30/2026 8:00 AM - 5:00 PM (Advanced Polling Location)",,,,,
121_S_Mcdonough_St_Jonesboro_GA_30236,CLAYTON,ELECTIONS AND REGISTRATION,"121 S Mcdonough St, Jonesboro, GA 30236",121 S Mcdonough St,Jonesboro,GA,30236,,"10/13/2026 - 10/16/2026 8:00 AM - 7:00 PM (Advanced Polling Location)
10/17/2026 - 10/17/2026 9:00 AM - 5:00 PM (Advanced Polling Location)
10/18/2026 - 10/18/2026 12:00 PM - 5:00 PM (Advanced Polling Location)
10/19/2026 - 10/23/2026 8:00 AM - 7:00 PM (Advanced Polling Location)
10/24/2026 - 10/24/2026 9:00 AM - 5:00 PM (Advanced Polling Location)
10/25/2026 - 10/25/2026 12:00 PM - 5:00 PM (Advanced Polling Location)
10/26/2026 - 10/30/2026 8:00 AM - 7:00 PM (Advanced Polling Location)",,,,,
"1_Broad_St,_Ste_107_Ellijay_GA_30540",GILMER,ELECTIONS AND VOTER REGISTRATION OFFICE,"1 Broad St, Ste 107, Ellijay, GA 30540","1 Broad St, Ste 107",Ellijay,GA,30540,,"10/13/2026 - 10/17/2026 8:30 AM - 5:00 PM (Advanced Polling Location)
10/19/2026 - 10/24/2026 8:30 AM - 5:00 PM (Advanced Polling Location)
10/26/2026 - 10/30/2026 8:30 AM - 5:00 PM (Advanced Polling Location)",,,,,
1201_Sawnee_Dr_Cumming_GA_30040,FORSYTH,ELECTIONS AND VOTER REGISTRATION OFFICE,"1201 Sawnee Dr, Cumming, GA 30040",1201 Sawnee Dr,Cumming,GA,30040,,"10/13/2026 - 10/16/2026 8:00 AM - 6:00 PM (Advanced Polling Location)
10/17/2026 - 10/17/2026 8:00 AM - 5:00 PM (Advanced Polling Location)
10/18/2026 - 10/18/2026 9:00 AM - 5:00 PM (Advanced Polling Location)
10/19/2026 - 10/23/2026 8:00 AM - 6:00 PM (Advanced Polling Location)
10/24/2026 - 10/24/2026 8:00 AM - 5:00 PM (Advanced Polling Location)
10/26/2026 - 10/30/2026 8:00 AM - 6:00 PM (Advanced Polling Location)",,,,,
56_Short_St_Dahlonega_GA_30533,LUMPKIN,ELECTIONS AND VOTER REGISTRATION OFFICE,"56 Short St, Dahlonega, GA 30533",56 Short St,Dahlonega,GA,30533,,"10/13/2026 - 10/16/2026 8:00 AM - 5:00 PM (Advanced Polling Location)
10/17/2026 - 10/17/2026 9:00 AM - 5:00 PM (Advanced Polling Location)
10/19/2026 - 10/23/2026 8:00 AM - 5:00 PM (Advanced Polling Location)
10/24/2026 - 10/24/2026 9:00 AM - 5:00 PM (Advanced Polling Location)
10/26/2026 - 10/30/2026 8:00 AM - 5:00 PM (Advanced Polling Location)",,,,,
166_Industrial_Blvd_Gray_GA_31032,JONES,ELECTIONS OFFICE,"166 Industrial Blvd, Gray, GA 31032",166 Industrial Blvd,Gray,GA,31032,,"10/13/2026 - 10/17/2026 9:00 AM - 5:00 PM (Advanced Polling Location)
10/19/2026 - 10/24/2026 9:00 AM - 5:00 PM (Advanced Polling Location)
10/26/2026 - 10/30/2026 9:00 AM - 5:00 PM (Advanced Polling Location)",,,,,
7635_Macon_Hwy_Watkinsville_GA_30677,OCONEE,ELECTIONS OFFICE,"7635 Macon Hwy, Watkinsville, GA 30677",7635 Macon Hwy,Watkinsville,GA,30677,,"10/13/2026 - 10/16/2026 8:00 AM - 5:00 PM (Advanced Polling Location)
10/17/2026 - 10/17/2026 9:00 AM - 5:00 PM (Advanced Polling Location)
10/19/2026 - 10/23/2026 8:00 AM - 5:00 PM (Advanced Polling Location)
10/24/2026 - 10/24/2026 9:00 AM - 5:00 PM (Advanced Polling Location)
10/26/2026 - 10/30/2026 8:00 AM - 6:00 PM (Advanced Polling Location)",,,,,
216_Hwy_129_N_Statenville_GA_31648,ECHOLS,ELECTIONS OFFICE,"216 Hwy 129 N, Statenville, GA 31648",216 Hwy 129 N,Statenville,GA,31648,,"10/13/2026 - 10/17/2026 8:00 AM - 5:00 PM (Advanced Polling Location)
10/19/2026 - 10/24/2026 8:00 AM - 5:00 PM (Advanced Polling Location)
10/26/2026 - 10/30/2026 8:00 AM - 5:00 PM (Advanced Polling Location)",,,,,
237_N_2nd_St_Madison_GA_30650,MORGAN,ELECTIONS OFFICE,"237 N 2nd St, Madison, GA 30650",237 N 2nd St,Madison,GA,30650,,"10/13/2026 - 10/17/2026 9:00 AM - 5:00 PM (Advanced Polling Location)
10/19/2026 - 10/24/2026 9:00 AM - 5:00 PM (Advanced Polling Location)
10/26/2026 - 10/30/2026 9:00 AM - 5:00 PM (Advanced Polling Location)",,,,,
100_Starksville_Ave_N_Leesburg_GA_31763,LEE,ELECTIONS OFFICE,"100 Starksville Ave N, Leesburg, GA 31763",100 Starksville Ave N,Leesburg,GA,31763,,"10/13/2026 - 10/16/2026 8:15 AM - 5:00 PM (Advanced Polling Location)
10/17/2026 - 10/17/2026 9:00 AM - 5:00 PM (Advanced Polling Location)
10/19/2026 - 10/23/2026 8:15 AM - 5:00 PM (Advanced Polling Location)
10/24/2026 - 10/24/2026 9:00 AM - 5:00 PM (Advanced Polling Location)
10/26/2026 - 10/30/2026 8:15 AM - 5:00 PM (Advanced Polling Location)",,,,,
1520_Third_St_Folkston_GA_31537,CHARLTON,ELECTIONS OFFICE,"1520 Third St, Folkston, GA 31537",1520 Third St,Folkston,GA,31537,,"10/13/2026 - 10/16/2026 8:30 AM - 5:00 PM (Advanced Polling Location)
10/19/2026 - 10/24/2026 8:30 AM - 5:00 PM (Advanced Polling Location)
10/26/2026 - 10/30/2026 8:30 AM - 5:00 PM (Advanced Polling Location)",,,,,
1402_E_Jackson_St_Thomasville_GA_31792,THOMAS,ELECTIONS OFFICE,"1402 E Jackson St, Thomasville, GA 31792",1402 E Jackson St,Thomasville,GA,31792,,"10/13/2026 - 10/16/2026 8:00 AM - 5:00 PM (Advanced Polling Location)
10/17/2026 - 10/17/2026 9:00 AM - 4:00 PM (Advanced Polling Location)
10/19/2026 - 10/23/2026 8:00 AM - 5:00 PM (Advanced Polling Location)
10/24/2026 - 10/24/2026 9:00 AM - 4:00 PM (Advanced Polling Location)
10/26/2026 - 10/30/2026 8:00 AM - 5:00 PM (Advanced Polling Location)",,,,,
833_E_Winthrope_Ave_Millen_GA_30442,JENKINS,ELECTIONS OFFICE,"833 E Winthrope Ave, Millen, GA 30442",833 E Winthrope Ave,Millen,GA,30442,,"10/13/2026 - 10/16/2026 9:00 AM - 5:00 PM (Advanced Polling Location)
10/17/2026 - 10/17/2026 9:00 AM - 5:00 PM (Advanced Polling Location)
10/19/2026 - 10/23/2026 9:00 AM - 5:00 PM (Advanced Polling Location)
10/24/2026 - 10/24/2026 9:00 AM - 5:00 PM (Advanced Polling Location)
10/26/2026 - 10/30/2026 9:00 AM - 5:00 PM (Advanced Polling Location)",,,,,
32_Court_Ave_Camilla_GA_31730,MITCHELL,ELECTIONS OFFICE / ADVANCED VOTING,"32 Court Ave, Camilla, GA 31730",32 Court Ave,Camilla,GA,31730,,"10/13/2026 - 10/17/2026 9:00 AM - 5:00 PM (Advanced Polling Location)
10/19/2026 - 10/24/2026 9:00 AM - 5:00 PM (Advanced Polling Location)
10/26/2026 - 10/30/2026 9:00 AM - 5:00 PM (Advanced Polling Location)",,,,,
4110_E_Lindsay_At_College_Dr_Columbus_GA_31907,MUSCOGEE,ELIZABETH BRADLEY TURNER CENTER,"4110 E Lindsay At College Dr, Columbus, GA 31907",4110 E Lindsay At College Dr,Columbus,GA,31907,,"10/13/2026 - 10/16/2026 7:00 AM - 7:00 PM (Advanced Polling Location)
10/17/2026 - 10/23/2026 7:00 AM - 7:00 PM (Advanced Polling Location)
10/24/2026 - 10/30/2026 7:00 AM - 7:00 PM (Advanced Polling Location)",,,,,
3665_Cascade_Rd_South_Fulton_GA_30331,FULTON,EVELYN G. LOWERY LIBRARY AT CASCADE,"3665 Cascade Rd, South Fulton, GA 30331",3665 Cascade Rd,South Fulton,GA,30331,,"10/13/2026 - 10/16/2026 7:00 AM - 7:00 PM (Advanced Polling Location)
10/17/2026 - 10/17/2026 9:00 AM - 5:00 PM (Advanced Polling Location)
10/18/2026 - 10/18/2026 12:00 PM - 5:00 PM (Advanced Polling Location)
10/19/2026 - 10/23/2026 7:00 AM - 7:00 PM (Advanced Polling Location)
10/24/2026 - 10/24/2026 9:00 AM - 5:00 PM (Advanced Polling Location)
10/25/2026 - 10/25/2026 12:00 PM - 5:00 PM (Advanced Polling Location)
10/26/2026 - 10/30/2026 7:00 AM - 7:00 PM (Advanced Polling Location)",,,,,
"175_Johnson_Ave,_Ste_B_Fayetteville_GA_30214",FAYETTE,FAYETTE COUNTY ELECTIONS OFFICE,"175 Johnson Ave, Ste B, Fayetteville, GA 30214","175 Johnson Ave, Ste B",Fayetteville,GA,30214,,"10/13/2026 - 10/17/2026 9:00 AM - 7:00 PM (Advanced Polling Location)
10/18/2026 - 10/24/2026 9:00 AM - 7:00 PM (Advanced Polling Location)
10/25/2026 - 10/25/2026 12:00 PM - 4:00 PM (Advanced Polling Location)
10/26/2026 - 10/30/2026 9:00 AM - 4:00 PM (Advanced Polling Location)",,,,,
1821_Heritage_Park_Way_Fayetteville_GA_30214,FAYETTE,FAYETTE COUNTY PUBLIC LIBRARY,"1821 Heritage Park Way, Fayetteville, GA 30214",1821 Heritage Park Way,Fayetteville,GA,30214,,"10/13/2026 - 10/17/2026 9:00 AM - 7:00 PM (Advanced Polling Location)
10/19/2026 - 10/24/2026 9:00 AM - 7:00 PM (Advanced Polling Location)
10/25/2026 - 10/25/2026 12:00 PM - 4:00 PM (Advanced Polling Location)
10/26/2026 - 10/30/2026 9:00 AM - 7:00 PM (Advanced Polling Location)",,,,,
725_S_Madison_Ave_Monroe_GA_30655,WALTON,FELKER PARK COMMUNITY ROOM,"725 S Madison Ave, Monroe, GA 30655",725 S Madison Ave,Monroe,GA,30655,,"10/13/2026 - 10/16/2026 8:00 AM - 5:00 PM (Advanced Polling Location)
10/17/2026 - 10/17/2026 9:00 AM - 5:00 PM (Advanced Polling Location)
10/19/2026 - 10/23/2026 8:00 AM - 5:00 PM (Advanced Polling Location)
10/24/2026 - 10/24/2026 9:00 AM - 5:00 PM (Advanced Polling Location)
10/26/2026 - 10/30/2026 8:00 AM - 6:00 PM (Advanced Polling Location)",,,,,
2780_Five_Forks_Trickum_Rd_Lawrenceville_GA_30044,GWINNETT,FIVE FORKS LIBRARY,"2780 Five Forks Trickum Rd, Lawrenceville, GA 30044",2780 Five Forks Trickum Rd,Lawrenceville,GA,30044,,"10/13/2026 - 10/26/2026 7:00 AM - 7:00 PM (Advanced Polling Location)
10/27/2026 - 10/30/2026 7:00 AM - 7:00 PM (Advanced Polling Location)",,,,,
153_Flint_River_Rd_Jonesboro_GA_30274,CLAYTON,FLINT RIVER COMMUNITY CENTER,"153 Flint River Rd, Jonesboro, GA 30274",153 Flint River Rd,Jonesboro,GA,30274,,"10/13/2026 - 10/16/2026 8:00 AM - 7:00 PM (Advanced Polling Location)
10/17/2026 - 10/17/2026 9:00 AM - 5:00 PM (Advanced Polling Location)
10/18/2026 - 10/18/2026 12:00 PM - 5:00 PM (Advanced Polling Location)
10/19/2026 - 10/23/2026 8:00 AM - 7:00 PM (Advanced Polling Location)
10/24/2026 - 10/24/2026 9:00 AM - 5:00 PM (Advanced Polling Location)
10/25/2026 - 10/25/2026 12:00 PM - 5:00 PM (Advanced Polling Location)
10/26/2026 - 10/30/2026 8:00 AM - 7:00 PM (Advanced Polling Location)",,,,,
5410_Pine_St_Flowery_Branch_GA_30542,HALL,FLOWERY BRANCH CITY HALL,"5410 Pine St, Flowery Branch, GA 30542",5410 Pine St,Flowery Branch,GA,30542,,"10/13/2026 - 10/16/2026 8:00 AM - 5:00 PM (Advanced Polling Location)
10/17/2026 - 10/17/2026 9:00 AM - 5:00 PM (Advanced Polling Location)
10/19/2026 - 10/23/2026 8:00 AM - 5:00 PM (Advanced Polling Location)
10/24/2026 - 10/24/2026 9:00 AM - 5:00 PM (Advanced Polling Location)
10/26/2026 - 10/30/2026 8:00 AM - 5:00 PM (Advanced Polling Location)",,,,,
18_E_12th_St_Rome_GA_30161,FLOYD,FLOYD COUNTY ELECTION CENTER,"18 E 12th St, Rome, GA 30161",18 E 12th St,Rome,GA,30161,,"10/13/2026 - 10/16/2026 7:30 AM - 5:30 PM (Advanced Polling Location)
10/17/2026 - 10/17/2026 9:00 AM - 5:00 PM (Advanced Polling Location)
10/19/2026 - 10/23/2026 7:30 AM - 5:30 PM (Advanced Polling Location)
10/24/2026 - 10/24/2026 9:00 AM - 5:00 PM (Advanced Polling Location)
10/25/2026 - 10/25/2026 1:00 PM - 5:00 PM (Advanced Polling Location)
10/26/2026 - 10/30/2026 7:30 AM - 5:30 PM (Advanced Polling Location)",,,,,
61_Mcdonough_St_Hampton_GA_30228,HENRY,FORTSON LIBRARY,"61 Mcdonough St, Hampton, GA 30228",61 Mcdonough St,Hampton,GA,30228,,"10/13/2026 - 10/16/2026 7:00 AM - 7:00 PM (Advanced Polling Location)
10/17/2026 - 10/17/2026 9:00 AM - 5:00 PM (Advanced Polling Location)
10/18/2026 - 10/18/2026 1:00 PM - 5:00 PM (Advanced Polling Location)
10/19/2026 - 10/23/2026 7:00 AM - 7:00 PM (Advanced Polling Location)
10/24/2026 - 10/24/2026 9:00 AM - 5:00 PM (Advanced Polling Location)
10/26/2026 - 10/30/2026 7:00 AM - 7:00 PM (Advanced Polling Location)",,,,,
7850_Royston_Rd_Carnesville_GA_30521,FRANKLIN,FRANKLIN COUNTY BOARD OF ELECTIONS & REGISTRATION BUILDING,"7850 Royston Rd, Carnesville, GA 30521",7850 Royston Rd,Carnesville,GA,30521,,"10/13/2026 - 10/26/2026 9:00 AM - 5:00 PM (Advanced Polling Location)
10/27/2026 - 10/30/2026 9:00 AM - 5:00 PM (Advanced Polling Location)",,,,,
80_Walnut_St_Atlanta_GA_30314,FULTON,FRIENDSHIP BAPTIST CHURCH,"80 Walnut St, Atlanta, GA 30314",80 Walnut St,Atlanta,GA,30314,,10/27/2026 - 10/28/2026 9:00 AM - 5:00 PM (Advanced Polling Location),,,,,
4700_N_Point_Pkwy_Alpharetta_GA_30005,FULTON,FULTON COUNTY HEALTH AND HUMAN SERVICES-NORTH,"4700 N Point Pkwy, Alpharetta, GA 30005",4700 N Point Pkwy,Alpharetta,GA,30005,,"10/13/2026 - 10/16/2026 7:00 AM - 7:00 PM (Advanced Polling Location)
10/17/2026 - 10/17/2026 9:00 AM - 5:00 PM (Advanced Polling Location)
10/18/2026 - 10/18/2026 12:00 PM - 5:00 PM (Advanced Polling Location)
10/19/2026 - 10/23/2026 7:00 AM - 7:00 PM (Advanced Polling Location)
10/24/2026 - 10/24/2026 9:00 AM - 5:00 PM (Advanced Polling Location)
10/25/2026 - 10/25/2026 12:00 PM - 5:00 PM (Advanced Polling Location)
10/26/2026 - 10/30/2026 7:00 AM - 7:00 PM (Advanced Polling Location)",,,,,
830_Green_St_Gainesville_GA_30501,HALL,GAINESVILLE CIVIC CENTER,"830 Green St, Gainesville, GA 30501",830 Green St,Gainesville,GA,30501,,"10/13/2026 - 10/16/2026 8:00 AM - 6:00 PM (Advanced Polling Location)
10/17/2026 - 10/17/2026 9:00 AM - 5:00 PM (Advanced Polling Location)
10/19/2026 - 10/23/2026 8:00 AM - 6:00 PM (Advanced Polling Location)
10/24/2026 - 10/24/2026 9:00 AM - 5:00 PM (Advanced Polling Location)
10/26/2026 - 10/30/2026 8:00 AM - 7:00 PM (Advanced Polling Location)",,,,,
55_Buford_Hwy_Suwanee_GA_30024,GWINNETT,GEORGE PIERCE PARK,"55 Buford Hwy, Suwanee, GA 30024",55 Buford Hwy,Suwanee,GA,30024,,"10/13/2026 - 10/26/2026 7:00 AM - 7:00 PM (Advanced Polling Location)
10/27/2026 - 10/30/2026 7:00 AM - 7:00 PM (Advanced Polling Location)",,,,,
351_Ferst_Dr_NW_Atlanta_GA_30332,FULTON,GEORGIA INSTITUTE OF TECHNOLOGY JOHN LEWIS STUDENT CENTER.,"351 Ferst Dr NW, Atlanta, GA 30332",351 Ferst Dr NW,Atlanta,GA,30332,,10/14/2026 - 10/15/2026 9:00 AM - 5:00 PM (Advanced Polling Location),,,,,
30_Courtland_St_SE_Atlanta_GA_30303,FULTON,GEORGIA STATE UNIVERSITY AT DAHLBERG HALL,"30 Courtland St SE, Atlanta, GA 30303",30 Courtland St SE,Atlanta,GA,30303,,10/20/2026 - 10/21/2026 9:00 AM - 5:00 PM (Advanced Polling Location),,,,,
676_W_Main_St_Gibson_GA_30810,GLASCOCK,GLASCOCK CO BOARD OF ELECTIONS,"676 W Main St, Gibson, GA 30810",676 W Main St,Gibson,GA,30810,,"10/13/2026 - 10/16/2026 8:00 AM - 5:00 PM (Advanced Polling Location)
10/17/2026 - 10/17/2026 9:00 AM - 5:00 PM (Advanced Polling Location)
10/19/2026 - 10/23/2026 8:00 AM - 5:00 PM (Advanced Polling Location)
10/24/2026 - 10/24/2026 9:00 AM - 5:00 PM (Advanced Polling Location)
10/26/2026 - 10/30/2026 8:00 AM - 5:00 PM (Advanced Polling Location)",,,,,
441_Gordon_St_Jefferson_GA_30549,JACKSON,GORDON STREET CENTER--ELECTION OFFICE,"441 Gordon St, Jefferson, GA 30549",441 Gordon St,Jefferson,GA,30549,,"10/13/2026 - 10/17/2026 9:00 AM - 5:00 PM (Advanced Polling Location)
10/19/2026 - 10/24/2026 9:00 AM - 5:00 PM (Advanced Polling Location)
10/26/2026 - 10/30/2026 9:00 AM - 5:00 PM (Advanced Polling Location)",,,,,
"110_W_13th_Ave,_Ste_A_Cordele_GA_31015",CRISP,GOVERNMENT CENTER ANNEX,"110 W 13th Ave, Ste A, Cordele, GA 31015","110 W 13th Ave, Ste A",Cordele,GA,31015,,"10/13/2026 - 10/16/2026 8:00 AM - 6:00 PM (Advanced Polling Location)
10/17/2026 - 10/17/2026 9:00 AM - 5:00 PM (Advanced Polling Location)
10/19/2026 - 10/23/2026 8:00 AM - 6:00 PM (Advanced Polling Location)
10/24/2026 - 10/24/2026 9:00 AM - 5:00 PM (Advanced Polling Location)
10/26/2026 - 10/30/2026 8:00 AM - 6:00 PM (Advanced Polling Location)",,,,,
"250_N_Broad_St,_Ste_3_Cairo_GA_39828",GRADY,GRADY COUNTY ELECTIONS AND REGISTRATION-COURTHOUSE,"250 N Broad St, Ste 3, Cairo, GA 39828","250 N Broad St, Ste 3",Cairo,GA,39828,,"10/13/2026 - 10/17/2026 9:00 AM - 5:00 PM (Advanced Polling Location)
10/19/2026 - 10/24/2026 9:00 AM - 5:00 PM (Advanced Polling Location)
10/26/2026 - 10/30/2026 9:00 AM - 5:00 PM (Advanced Polling Location)",,,,,
1180_Weldon_Smith_Dr_Greensboro_GA_30642,GREENE,GREENE COUNTY ANNEX EARLY VOTING,"1180 Weldon Smith Dr, Greensboro, GA 30642",1180 Weldon Smith Dr,Greensboro,GA,30642,,"10/13/2026 - 10/17/2026 9:00 AM - 5:00 PM (Advanced Polling Location)
10/19/2026 - 10/24/2026 9:00 AM - 5:00 PM (Advanced Polling Location)
10/26/2026 - 10/30/2026 8:00 AM - 6:00 PM (Advanced Polling Location)",,,,,
880_Shaw_Park_Rd_Marietta_GA_30066,COBB,GRITTERS LIBRARY,"880 Shaw Park Rd, Marietta, GA 30066",880 Shaw Park Rd,Marietta,GA,30066,,"10/13/2026 - 10/16/2026 7:00 AM - 7:00 PM (Advanced Polling Location)
10/17/2026 - 10/17/2026 9:00 AM - 5:00 PM (Advanced Polling Location)
10/19/2026 - 10/23/2026 7:00 AM - 7:00 PM (Advanced Polling Location)
10/24/2026 - 10/24/2026 9:00 AM - 5:00 PM (Advanced Polling Location)
10/26/2026 - 10/30/2026 7:00 AM - 7:00 PM (Advanced Polling Location)",,,,,
85_Georgia_Ave_Statesboro_GA_30458,BULLOCH,GSU,"85 Georgia Ave, Statesboro, GA 30458",85 Georgia Ave,Statesboro,GA,30458,,10/20/2026 - 10/22/2026 8:00 AM - 5:00 PM (Advanced Polling Location),,,,,
"455_Grayson_Hwy,_Ste_200_Lawrenceville_GA_30046",GWINNETT,GWINNETT COUNTY BOARD OF VOTER REGISTRATIONS AND ELECTIONS,"455 Grayson Hwy, Ste 200, Lawrenceville, GA 30046","455 Grayson Hwy, Ste 200",Lawrenceville,GA,30046,,"10/13/2026 - 10/26/2026 7:00 AM - 7:00 PM (Advanced Polling Location)
10/27/2026 - 10/30/2026 7:00 AM - 7:00 PM (Advanced Polling Location)",,,,,
1052_Ozora_Rd_Loganville_GA_30052,GWINNETT,GWINNETT FIRE STATION 30,"1052 Ozora Rd, Loganville, GA 30052",1052 Ozora Rd,Loganville,GA,30052,,"10/13/2026 - 10/26/2026 7:00 AM - 7:00 PM (Advanced Polling Location)
10/27/2026 - 10/30/2026 7:00 AM - 7:00 PM (Advanced Polling Location)",,,,,
5345_Settingdown_Rd_Cumming_GA_30041,FORSYTH,HAMPTON PARK LIBRARY,"5345 Settingdown Rd, Cumming, GA 30041",5345 Settingdown Rd,Cumming,GA,30041,,"10/13/2026 - 10/16/2026 8:00 AM - 6:00 PM (Advanced Polling Location)
10/17/2026 - 10/17/2026 8:00 AM - 5:00 PM (Advanced Polling Location)
10/19/2026 - 10/23/2026 8:00 AM - 6:00 PM (Advanced Polling Location)
10/24/2026 - 10/24/2026 8:00 AM - 5:00 PM (Advanced Polling Location)
10/26/2026 - 10/30/2026 8:00 AM - 6:00 PM (Advanced Polling Location)",,,,,
4485_Georgia_Highway_120_Buchanan_GA_30113,HARALSON,HARALSON COUNTY COURTHOUSE,"4485 Georgia Highway 120, Buchanan, GA 30113",4485 Georgia Highway 120,Buchanan,GA,30113,,"10/13/2026 - 10/17/2026 8:30 AM - 5:00 PM (Advanced Polling Location)
10/19/2026 - 10/24/2026 8:30 AM - 5:00 PM (Advanced Polling Location)
10/26/2026 - 10/30/2026 8:30 AM - 5:00 PM (Advanced Polling Location)",,,,,
91_Lanier_St_Pembroke_GA_31321,BRYAN,HARN COMMUNITY CENTER,"91 Lanier St, Pembroke, GA 31321",91 Lanier St,Pembroke,GA,31321,,"10/13/2026 - 10/17/2026 8:00 AM - 5:00 PM (Advanced Polling Location)
10/19/2026 - 10/24/2026 8:00 AM - 5:00 PM (Advanced Polling Location)
10/26/2026 - 10/30/2026 8:00 AM - 5:00 PM (Advanced Polling Location)",,,,,
215_E_Court_Sq_Franklin_GA_30217,HEARD,HEARD COUNTY COURTHOUSE,"215 E Court Sq, Franklin, GA 30217",215 E Court Sq,Franklin,GA,30217,,"10/13/2026 - 10/17/2026 8:30 AM - 5:00 PM (Advanced Polling Location)
10/19/2026 - 10/24/2026 8:30 AM - 5:00 PM (Advanced Polling Location)
10/26/2026 - 10/30/2026 8:30 AM - 5:00 PM (Advanced Polling Location)",,,,,
2463_Golden_Camp_Rd_Augusta_GA_30906,RICHMOND,HENRY BRIGHAM COMMUNITY CENTER,"2463 Golden Camp Rd, Augusta, GA 30906",2463 Golden Camp Rd,Augusta,GA,30906,,"10/13/2026 - 10/17/2026 8:30 AM - 6:00 PM (Advanced Polling Location)
10/19/2026 - 10/24/2026 8:30 AM - 6:00 PM (Advanced Polling Location)
10/26/2026 - 10/30/2026 8:30 AM - 6:00 PM (Advanced Polling Location)",,,,,
99_Lake_Dow_Rd_Mcdonough_GA_30252,HENRY,HERITAGE PARK,"99 Lake Dow Rd, Mcdonough, GA 30252",99 Lake Dow Rd,Mcdonough,GA,30252,,"10/13/2026 - 10/16/2026 7:00 AM - 7:00 PM (Advanced Polling Location)
10/17/2026 - 10/17/2026 9:00 AM - 5:00 PM (Advanced Polling Location)
10/18/2026 - 10/18/2026 1:00 PM - 5:00 PM (Advanced Polling Location)
10/19/2026 - 10/23/2026 7:00 AM - 7:00 PM (Advanced Polling Location)
10/24/2026 - 10/24/2026 9:00 AM - 5:00 PM (Advanced Polling Location)
10/26/2026 - 10/30/2026 7:00 AM - 7:00 PM (Advanced Polling Location)",,,,,
2740_E_Cherokee_Dr_Canton_GA_30115,CHEROKEE,HICKORY FLAT PUBLIC LIBRARY,"2740 E Cherokee Dr, Canton, GA 30115",2740 E Cherokee Dr,Canton,GA,30115,,"10/13/2026 - 10/17/2026 8:30 AM - 5:00 PM (Advanced Polling Location)
10/19/2026 - 10/24/2026 8:30 AM - 5:00 PM (Advanced Polling Location)
10/26/2026 - 10/30/2026 8:30 AM - 7:00 PM (Advanced Polling Location)",,,,,
1280_Peachtree_St_NE_Atlanta_GA_30309,FULTON,HIGH MUSEUM OF ARTS,"1280 Peachtree St NE, Atlanta, GA 30309",1280 Peachtree St NE,Atlanta,GA,30309,,"10/13/2026 - 10/16/2026 7:00 AM - 7:00 PM (Advanced Polling Location)
10/17/2026 - 10/17/2026 9:00 AM - 5:00 PM (Advanced Polling Location)
10/18/2026 - 10/18/2026 12:00 PM - 5:00 PM (Advanced Polling Location)
10/19/2026 - 10/23/2026 7:00 AM - 7:00 PM (Advanced Polling Location)
10/24/2026 - 10/24/2026 9:00 AM - 5:00 PM (Advanced Polling Location)
10/25/2026 - 10/25/2026 12:00 PM - 5:00 PM (Advanced Polling Location)
10/26/2026 - 10/30/2026 7:00 AM - 7:00 PM (Advanced Polling Location)",,,,,
324_Hiram_Douglasville_Hwy_Hiram_GA_30141,PAULDING,HIRAM UNITED METHODIST CHURCH,"324 Hiram Douglasville Hwy, Hiram, GA 30141",324 Hiram Douglasville Hwy,Hiram,GA,30141,,10/26/2026 - 10/30/2026 8:00 AM - 7:00 PM (Advanced Polling Location),,,,,
600_E_Main_St_Hogansville_GA_30230,TROUP,HOGANSVILLE ANNEX,"600 E Main St, Hogansville, GA 30230",600 E Main St,Hogansville,GA,30230,,"10/24/2026 - 10/24/2026 8:00 AM - 5:00 PM (Advanced Polling Location)
10/26/2026 - 10/30/2026 8:00 AM - 5:00 PM (Advanced Polling Location)",,,,,
233_N_Houston_Rd_Warner_Robins_GA_31093,HOUSTON,HOUSTON HEALTH PAVILION CONF CENTER,"233 N Houston Rd, Warner Robins, GA 31093",233 N Houston Rd,Warner Robins,GA,31093,,"10/13/2026 - 10/16/2026 8:00 AM - 5:00 PM (Advanced Polling Location)
10/17/2026 - 10/17/2026 9:00 AM - 5:00 PM (Advanced Polling Location)
10/19/2026 - 10/23/2026 8:00 AM - 5:00 PM (Advanced Polling Location)
10/24/2026 - 10/24/2026 9:00 AM - 5:00 PM (Advanced Polling Location)
10/26/2026 - 10/30/2026 8:00 AM - 5:00 PM (Advanced Polling Location)",,,,,
50_Johnny_Mercer_Blvd_Savannah_GA_31410,CHATHAM,ISLANDS LIBRARY,"50 Johnny Mercer Blvd, Savannah, GA 31410",50 Johnny Mercer Blvd,Savannah,GA,31410,,"10/13/2026 - 10/17/2026 9:00 AM - 5:00 PM (Advanced Polling Location)
10/19/2026 - 10/24/2026 9:00 AM - 5:00 PM (Advanced Polling Location)
10/26/2026 - 10/30/2026 9:00 AM - 5:00 PM (Advanced Polling Location)",,,,,
1041_Millers_Mill_Rd_Stockbridge_GA_30281,HENRY,J. P. MOSELEY PARK,"1041 Millers Mill Rd, Stockbridge, GA 30281",1041 Millers Mill Rd,Stockbridge,GA,30281,,10/26/2026 - 10/30/2026 7:00 AM - 7:00 PM (Advanced Polling Location),,,,,
621_W_Pine_St_Metter_GA_30439,CANDLER,JACK STRICKLAND COMMUNITY CENTER,"621 W Pine St, Metter, GA 30439",621 W Pine St,Metter,GA,30439,,"10/13/2026 - 10/16/2026 8:30 AM - 5:00 PM (Advanced Polling Location)
10/17/2026 - 10/17/2026 9:00 AM - 5:00 PM (Advanced Polling Location)
10/19/2026 - 10/23/2026 8:30 AM - 5:00 PM (Advanced Polling Location)
10/24/2026 - 10/24/2026 9:00 AM - 5:00 PM (Advanced Polling Location)
10/26/2026 - 10/30/2026 8:30 AM - 5:00 PM (Advanced Polling Location)
11/03/2026 - 11/03/2026 7:00 AM - 7:00 PM (Advanced Polling Location)",,,,,
"126_W_Greene_St,_Ste_3_Monticello_GA_31064",JASPER,JASPER COUNTY COURTHOUSE,"126 W Greene St, Ste 3, Monticello, GA 31064","126 W Greene St, Ste 3",Monticello,GA,31064,,"10/13/2026 - 10/17/2026 9:00 AM - 5:00 PM (Advanced Polling Location)
10/19/2026 - 10/24/2026 9:00 AM - 5:00 PM (Advanced Polling Location)
10/26/2026 - 10/30/2026 9:00 AM - 5:00 PM (Advanced Polling Location)",,,,,
15_Public_Safety_Dr_Hazlehurst_GA_31539,JEFFDAVIS,JEFF DAVIS COUNTY BOARD OF ELECTIONS AND REGISTRATION OFFICE,"15 Public Safety Dr, Hazlehurst, GA 31539",15 Public Safety Dr,Hazlehurst,GA,31539,,"10/13/2026 - 10/17/2026 9:00 AM - 5:00 PM (Advanced Polling Location)
10/19/2026 - 10/24/2026 9:00 AM - 5:00 PM (Advanced Polling Location)
10/26/2026 - 10/30/2026 9:00 AM - 5:00 PM (Advanced Polling Location)",,,,,
6910_Mcginnis_Ferry_Rd_Alpharetta_GA_30005,FORSYTH,JOHNS CREEK BAPTIST CHURCH,"6910 Mcginnis Ferry Rd, Alpharetta, GA 30005",6910 Mcginnis Ferry Rd,Alpharetta,GA,30005,,"10/13/2026 - 10/16/2026 8:00 AM - 6:00 PM (Advanced Polling Location)
10/17/2026 - 10/17/2026 8:00 AM - 5:00 PM (Advanced Polling Location)
10/19/2026 - 10/23/2026 8:00 AM - 6:00 PM (Advanced Polling Location)
10/24/2026 - 10/24/2026 8:00 AM - 5:00 PM (Advanced Polling Location)
10/26/2026 - 10/30/2026 8:00 AM - 6:00 PM (Advanced Polling Location)",,,,,
311_S_Main_St_Lafayette_GA_30728,WALKER,LAFAYETTE-WALKER COUNTY ELECTIONS OFFICE,"311 S Main St, Lafayette, GA 30728",311 S Main St,Lafayette,GA,30728,,"10/13/2026 - 10/17/2026 9:00 AM - 5:00 PM (Advanced Polling Location)
10/19/2026 - 10/24/2026 9:00 AM - 5:00 PM (Advanced Polling Location)
10/26/2026 - 10/26/2026 9:00 AM - 5:00 PM (Advanced Polling Location)
10/27/2026 - 10/27/2026 8:00 AM - 6:00 PM (Advanced Polling Location)
10/28/2026 - 10/30/2026 9:00 AM - 5:00 PM (Advanced Polling Location)",,,,,
2300_Walt_Stephens_Rd_Jonesboro_GA_30236,CLAYTON,LAKE SPIVEY RECREATION CENTER,"2300 Walt Stephens Rd, Jonesboro, GA 30236",2300 Walt Stephens Rd,Jonesboro,GA,30236,,"10/13/2026 - 10/16/2026 8:00 AM - 7:00 PM (Advanced Polling Location)
10/17/2026 - 10/17/2026 9:00 AM - 5:00 PM (Advanced Polling Location)
10/18/2026 - 10/18/2026 12:00 PM - 5:00 PM (Advanced Polling Location)
10/19/2026 - 10/23/2026 8:00 AM - 7:00 PM (Advanced Polling Location)
10/24/2026 - 10/24/2026 9:00 AM - 5:00 PM (Advanced Polling Location)
10/25/2026 - 10/25/2026 12:00 PM - 5:00 PM (Advanced Polling Location)
10/26/2026 - 10/30/2026 8:00 AM - 7:00 PM (Advanced Polling Location)",,,,,
"790_Veterans_Pkwy,_Ste_D_Barnesville_GA_30204",LAMAR,LAMAR COUNTY BOARD OF ELECTIONS AND REGISTRATION OFFICE-NEW,"790 Veterans Pkwy, Ste D, Barnesville, GA 30204","790 Veterans Pkwy, Ste D",Barnesville,GA,30204,,"10/13/2026 - 10/17/2026 9:00 AM - 5:00 PM (Advanced Polling Location)
10/18/2026 - 10/18/2026 1:00 PM - 5:00 PM (Advanced Polling Location)
10/19/2026 - 10/24/2026 9:00 AM - 5:00 PM (Advanced Polling Location)
10/26/2026 - 10/30/2026 9:00 AM - 5:00 PM (Advanced Polling Location)",,,,,
"162_W_Thigpen_Ave,_Ste_C_Lakeland_GA_31635",LANIER,LANIER COUNTY EXTENSION,"162 W Thigpen Ave, Ste C, Lakeland, GA 31635","162 W Thigpen Ave, Ste C",Lakeland,GA,31635,,"10/12/2026 - 10/16/2026 8:00 AM - 5:00 PM (Advanced Polling Location)
10/17/2026 - 10/17/2026 9:00 AM - 5:00 PM (Advanced Polling Location)
10/19/2026 - 10/23/2026 8:00 AM - 5:00 PM (Advanced Polling Location)
10/24/2026 - 10/24/2026 9:00 AM - 5:00 PM (Advanced Polling Location)
10/26/2026 - 10/30/2026 8:00 AM - 5:00 PM (Advanced Polling Location)",,,,,
865_Battle_Creek_Rd_Jonesboro_GA_30236,CLAYTON,LEE HEADQUARTERS LIBRARY,"865 Battle Creek Rd, Jonesboro, GA 30236",865 Battle Creek Rd,Jonesboro,GA,30236,,"10/13/2026 - 10/16/2026 8:00 AM - 7:00 PM (Advanced Polling Location)
10/17/2026 - 10/17/2026 9:00 AM - 5:00 PM (Advanced Polling Location)
10/18/2026 - 10/18/2026 12:00 PM - 5:00 PM (Advanced Polling Location)
10/19/2026 - 10/23/2026 8:00 AM - 7:00 PM (Advanced Polling Location)
10/24/2026 - 10/24/2026 9:00 AM - 5:00 PM (Advanced Polling Location)
10/25/2026 - 10/25/2026 12:00 PM - 5:00 PM (Advanced Polling Location)
10/26/2026 - 10/30/2026 8:00 AM - 7:00 PM (Advanced Polling Location)",,,,,
4515_Lenora_Church_Rd_Snellville_GA_30078,GWINNETT,LENORA PARK GYM,"4515 Lenora Church Rd, Snellville, GA 30078",4515 Lenora Church Rd,Snellville,GA,30078,,"10/13/2026 - 10/26/2026 7:00 AM - 7:00 PM (Advanced Polling Location)
10/27/2026 - 10/30/2026 7:00 AM - 7:00 PM (Advanced Polling Location)",,,,,
9397_E_Oglethorpe_Hwy_Midway_GA_31320,LIBERTY,LIBERTY COUNTY COMPLEX,"9397 E Oglethorpe Hwy, Midway, GA 31320",9397 E Oglethorpe Hwy,Midway,GA,31320,,"10/13/2026 - 10/17/2026 9:00 AM - 5:00 PM (Advanced Polling Location)
10/19/2026 - 10/24/2026 9:00 AM - 5:00 PM (Advanced Polling Location)
10/26/2026 - 10/30/2026 9:00 AM - 5:00 PM (Advanced Polling Location)",,,,,
535_Telfair_St_Augusta_GA_30901,RICHMOND,LINDA BEAZLEY ROOM-MUNICIPAL BUILDING,"535 Telfair St, Augusta, GA 30901",535 Telfair St,Augusta,GA,30901,,"10/13/2026 - 10/17/2026 8:30 AM - 6:00 PM (Advanced Polling Location)
10/19/2026 - 10/24/2026 8:30 AM - 6:00 PM (Advanced Polling Location)
10/25/2026 - 10/30/2026 8:30 AM - 6:00 PM (Advanced Polling Location)",,,,,
7301_Groovers_Lake_Rd_Lithia_Springs_GA_30122,DOUGLAS,LITHIA SPRINGS SENIOR CENTER,"7301 Groovers Lake Rd, Lithia Springs, GA 30122",7301 Groovers Lake Rd,Lithia Springs,GA,30122,,"10/13/2026 - 10/16/2026 8:30 AM - 6:00 PM (Advanced Polling Location)
10/17/2026 - 10/17/2026 9:00 AM - 5:00 PM (Advanced Polling Location)
10/19/2026 - 10/23/2026 8:30 AM - 6:00 PM (Advanced Polling Location)
10/24/2026 - 10/24/2026 9:00 AM - 5:00 PM (Advanced Polling Location)
10/26/2026 - 10/30/2026 8:30 AM - 6:00 PM (Advanced Polling Location)",,,,,
115_Mlk_Jr_Blvd_Locust_Grove_GA_30248,HENRY,LOCUST GROVE LIBRARY,"115 Mlk Jr Blvd, Locust Grove, GA 30248",115 Mlk Jr Blvd,Locust Grove,GA,30248,,"10/13/2026 - 10/16/2026 7:00 AM - 7:00 PM (Advanced Polling Location)
10/17/2026 - 10/17/2026 9:00 AM - 5:00 PM (Advanced Polling Location)
10/18/2026 - 10/18/2026 1:00 PM - 5:00 PM (Advanced Polling Location)
10/19/2026 - 10/23/2026 7:00 AM - 7:00 PM (Advanced Polling Location)
10/24/2026 - 10/24/2026 9:00 AM - 5:00 PM (Advanced Polling Location)
10/26/2026 - 10/30/2026 7:00 AM - 7:00 PM (Advanced Polling Location)",,,,,
1214_Lula_Lake_Rd_Lookout_Mountain_GA_30750,WALKER,LOOKOUT MOUNTAIN CITY HALL,"1214 Lula Lake Rd, Lookout Mountain, GA 30750",1214 Lula Lake Rd,Lookout Mountain,GA,30750,,"10/24/2026 - 10/24/2026 9:00 AM - 5:00 PM (Advanced Polling Location)
10/26/2026 - 10/26/2026 9:00 AM - 5:00 PM (Advanced Polling Location)
10/27/2026 - 10/27/2026 8:00 AM - 6:00 PM (Advanced Polling Location)
10/28/2026 - 10/30/2026 9:00 AM - 5:00 PM (Advanced Polling Location)",,,,,
903_N_Patterson_St_Valdosta_GA_31601,LOWNDES,LOWNDES TNG CTR,"903 N Patterson St, Valdosta, GA 31601",903 N Patterson St,Valdosta,GA,31601,,"10/13/2026 - 10/16/2026 7:00 AM - 7:00 PM (Advanced Polling Location)
10/17/2026 - 10/17/2026 9:00 AM - 5:00 PM (Advanced Polling Location)
10/18/2026 - 10/18/2026 12:00 PM - 5:00 PM (Advanced Polling Location)
10/19/2026 - 10/23/2026 7:00 AM - 7:00 PM (Advanced Polling Location)
10/24/2026 - 10/24/2026 9:00 AM - 5:00 PM (Advanced Polling Location)
10/25/2026 - 10/25/2026 12:00 PM - 5:00 PM (Advanced Polling Location)
10/26/2026 - 10/30/2026 7:00 AM - 7:00 PM (Advanced Polling Location)",,,,,
4651_Britt_Rd_Norcross_GA_30093,GWINNETT,LUCKY SHOALS PARK,"4651 Britt Rd, Norcross, GA 30093",4651 Britt Rd,Norcross,GA,30093,,"10/13/2026 - 10/26/2026 7:00 AM - 7:00 PM (Advanced Polling Location)
10/27/2026 - 10/30/2026 7:00 AM - 7:00 PM (Advanced Polling Location)",,,,,
201_Willowbend_Rd_Peachtree_City_GA_30269,FAYETTE,M.T. ALLEN MEMORIAL LIBRARY,"201 Willowbend Rd, Peachtree City, GA 30269",201 Willowbend Rd,Peachtree City,GA,30269,,"10/13/2026 - 10/17/2026 9:00 AM - 7:00 PM (Advanced Polling Location)
10/19/2026 - 10/24/2026 9:00 AM - 7:00 PM (Advanced Polling Location)
10/25/2026 - 10/25/2026 12:00 PM - 4:00 PM (Advanced Polling Location)
10/26/2026 - 10/30/2026 9:00 AM - 7:00 PM (Advanced Polling Location)",,,,,
3661_Eisenhower_Pkwy_Macon_GA_31206,BIBB,MACON BIBB COUNTY BOARD OF ELECTIONS,"3661 Eisenhower Pkwy, Macon, GA 31206",3661 Eisenhower Pkwy,Macon,GA,31206,,"10/13/2026 - 10/16/2026 8:30 AM - 5:30 PM (Advanced Polling Location)
10/17/2026 - 10/17/2026 9:00 AM - 5:00 PM (Advanced Polling Location)
10/19/2026 - 10/23/2026 8:30 AM - 5:30 PM (Advanced Polling Location)
10/24/2026 - 10/24/2026 9:00 AM - 5:00 PM (Advanced Polling Location)
10/25/2026 - 10/25/2026 11:00 AM - 5:00 PM (Advanced Polling Location)
10/26/2026 - 10/30/2026 8:30 AM - 5:30 PM (Advanced Polling Location)",,,,,
100_Macon_St_Oglethorpe_GA_31068,MACON,MACON COUNTY ANNEX,"100 Macon St, Oglethorpe, GA 31068",100 Macon St,Oglethorpe,GA,31068,,"10/13/2026 - 10/17/2026 9:00 AM - 5:00 PM (Advanced Polling Location)
10/19/2026 - 10/24/2026 9:00 AM - 5:00 PM (Advanced Polling Location)
10/26/2026 - 10/30/2026 9:00 AM - 5:00 PM (Advanced Polling Location)",,,,,
20_Albany_Ave_Danielsville_GA_30633,MADISON,MADISON COUNTY BOARD OF ELECTIONS AND REGISTRATION,"20 Albany Ave, Danielsville, GA 30633",20 Albany Ave,Danielsville,GA,30633,,"10/13/2026 - 10/16/2026 8:00 AM - 5:00 PM (Advanced Polling Location)
10/17/2026 - 10/17/2026 9:00 AM - 5:00 PM (Advanced Polling Location)
10/19/2026 - 10/23/2026 8:00 AM - 5:00 PM (Advanced Polling Location)
10/24/2026 - 10/24/2026 9:00 AM - 5:00 PM (Advanced Polling Location)
10/26/2026 - 10/27/2026 8:00 AM - 5:00 PM (Advanced Polling Location)
10/28/2026 - 10/30/2026 7:00 AM - 7:00 PM (Advanced Polling Location)",,,,,
"100_N_Main_St,_Ste_1600_Hinesville_GA_31313",LIBERTY,MAIN OFFICE,"100 N Main St, Ste 1600, Hinesville, GA 31313","100 N Main St, Ste 1600",Hinesville,GA,31313,,"10/13/2026 - 10/17/2026 9:00 AM - 5:00 PM (Advanced Polling Location)
10/19/2026 - 10/24/2026 9:00 AM - 5:00 PM (Advanced Polling Location)
10/26/2026 - 10/30/2026 9:00 AM - 5:00 PM (Advanced Polling Location)",,,,,
"1241_Helen_Hwy,_Ste_210_Cleveland_GA_30528",WHITE,MAUNEY BUILDING,"1241 Helen Hwy, Ste 210, Cleveland, GA 30528","1241 Helen Hwy, Ste 210",Cleveland,GA,30528,,"10/13/2026 - 10/17/2026 8:00 AM - 5:00 PM (Advanced Polling Location)
10/19/2026 - 10/24/2026 8:00 AM - 5:00 PM (Advanced Polling Location)
10/26/2026 - 10/30/2026 8:00 AM - 5:00 PM (Advanced Polling Location)",,,,,
400_Formwalt_St_SW_Atlanta_GA_30312,FULTON,MECHANICSVILLE LIBRARY,"400 Formwalt St SW, Atlanta, GA 30312",400 Formwalt St SW,Atlanta,GA,30312,,"10/13/2026 - 10/16/2026 7:00 AM - 7:00 PM (Advanced Polling Location)
10/17/2026 - 10/17/2026 9:00 AM - 5:00 PM (Advanced Polling Location)
10/18/2026 - 10/18/2026 12:00 PM - 5:00 PM (Advanced Polling Location)
10/19/2026 - 10/23/2026 7:00 AM - 7:00 PM (Advanced Polling Location)
10/24/2026 - 10/24/2026 9:00 AM - 5:00 PM (Advanced Polling Location)
10/25/2026 - 10/25/2026 12:00 PM - 5:00 PM (Advanced Polling Location)
10/26/2026 - 10/30/2026 7:00 AM - 7:00 PM (Advanced Polling Location)",,,,,
105_Generation_Blvd_Loganville_GA_30052,WALTON,MERIDIAN PARK,"105 Generation Blvd, Loganville, GA 30052",105 Generation Blvd,Loganville,GA,30052,,"10/13/2026 - 10/16/2026 8:00 AM - 5:00 PM (Advanced Polling Location)
10/17/2026 - 10/17/2026 9:00 AM - 5:00 PM (Advanced Polling Location)
10/19/2026 - 10/23/2026 8:00 AM - 5:00 PM (Advanced Polling Location)
10/24/2026 - 10/24/2026 9:00 AM - 5:00 PM (Advanced Polling Location)
10/26/2026 - 10/30/2026 8:00 AM - 6:00 PM (Advanced Polling Location)",,,,,
111_Davis_Rd_Stockbridge_GA_30281,HENRY,MERLE MANDERS CONFERENCE CENTER,"111 Davis Rd, Stockbridge, GA 30281",111 Davis Rd,Stockbridge,GA,30281,,"10/13/2026 - 10/16/2026 7:00 AM - 7:00 PM (Advanced Polling Location)
10/17/2026 - 10/17/2026 9:00 AM - 5:00 PM (Advanced Polling Location)
10/18/2026 - 10/18/2026 1:00 PM - 5:00 PM (Advanced Polling Location)
10/19/2026 - 10/23/2026 7:00 AM - 7:00 PM (Advanced Polling Location)
10/24/2026 - 10/24/2026 9:00 AM - 5:00 PM (Advanced Polling Location)
10/26/2026 - 10/30/2026 7:00 AM - 7:00 PM (Advanced Polling Location)",,,,,
5100_Post_Rd_Cumming_GA_30040,FORSYTH,MIDWAY PARK COMMUNITY BUILDING,"5100 Post Rd, Cumming, GA 30040",5100 Post Rd,Cumming,GA,30040,,"10/13/2026 - 10/16/2026 8:00 AM - 6:00 PM (Advanced Polling Location)
10/17/2026 - 10/17/2026 8:00 AM - 5:00 PM (Advanced Polling Location)
10/19/2026 - 10/23/2026 8:00 AM - 6:00 PM (Advanced Polling Location)
10/24/2026 - 10/24/2026 8:00 AM - 5:00 PM (Advanced Polling Location)
10/26/2026 - 10/30/2026 8:00 AM - 6:00 PM (Advanced Polling Location)",,,,,
"155_S_1st_St,_Ste_113_Colquitt_GA_39837",MILLER,MILLER COUNTY COURTHOUSE,"155 S 1st St, Ste 113, Colquitt, GA 39837","155 S 1st St, Ste 113",Colquitt,GA,39837,,"10/13/2026 - 10/26/2026 9:00 AM - 5:00 PM (Advanced Polling Location)
10/27/2026 - 10/30/2026 9:00 AM - 5:00 PM (Advanced Polling Location)",,,,,
410_Mckinley_Dr_Athens_GA_30605,CLARKE,MIRIAM MOORE COMMUNITY CENTER,"410 Mckinley Dr, Athens, GA 30605",410 Mckinley Dr,Athens,GA,30605,,"10/19/2026 - 10/19/2026 8:00 AM - 6:00 PM (Advanced Polling Location)
10/20/2026 - 10/20/2026 8:00 AM - 6:00 PM (Advanced Polling Location)
10/21/2026 - 10/21/2026 8:00 AM - 6:00 PM (Advanced Polling Location)
10/22/2026 - 10/22/2026 8:00 AM - 6:00 PM (Advanced Polling Location)
10/23/2026 - 10/23/2026 8:00 AM - 6:00 PM (Advanced Polling Location)
10/24/2026 - 10/24/2026 8:00 AM - 6:00 PM (Advanced Polling Location)
10/26/2026 - 10/26/2026 8:00 AM - 6:00 PM (Advanced Polling Location)
10/27/2026 - 10/27/2026 8:00 AM - 6:00 PM (Advanced Polling Location)
10/28/2026 - 10/28/2026 8:00 AM - 6:00 PM (Advanced Polling Location)
10/29/2026 - 10/29/2026 8:00 AM - 6:00 PM (Advanced Polling Location)
10/30/2026 - 10/30/2026 8:00 AM - 6:00 PM (Advanced Polling Location)",,,,,
1500_Morrow_Rd_Morrow_GA_30260,CLAYTON,MORROW MUNICIPAL COMPLEX,"1500 Morrow Rd, Morrow, GA 30260",1500 Morrow Rd,Morrow,GA,30260,,"10/13/2026 - 10/16/2026 8:00 AM - 7:00 PM (Advanced Polling Location)
10/17/2026 - 10/17/2026 9:00 AM - 5:00 PM (Advanced Polling Location)
10/18/2026 - 10/18/2026 12:00 PM - 5:00 PM (Advanced Polling Location)
10/19/2026 - 10/23/2026 8:00 AM - 7:00 PM (Advanced Polling Location)
10/24/2026 - 10/24/2026 9:00 AM - 5:00 PM (Advanced Polling Location)
10/25/2026 - 10/25/2026 12:00 PM - 5:00 PM (Advanced Polling Location)
10/26/2026 - 10/30/2026 8:00 AM - 7:00 PM (Advanced Polling Location)",,,,,
65_Billy_B_Hair_Dr_Savannah_GA_31407,CHATHAM,MOSQUITO CONTROL,"65 Billy B Hair Dr, Savannah, GA 31407",65 Billy B Hair Dr,Savannah,GA,31407,,"10/13/2026 - 10/17/2026 9:00 AM - 5:00 PM (Advanced Polling Location)
10/19/2026 - 10/24/2026 9:00 AM - 5:00 PM (Advanced Polling Location)
10/26/2026 - 10/30/2026 9:00 AM - 5:00 PM (Advanced Polling Location)",,,,,
251_S_Richardson_St_Mount_Vernon_GA_30445,MONTGOMERY,MOUNT VERNON PRECINCT,"251 S Richardson St, Mount Vernon, GA 30445",251 S Richardson St,Mount Vernon,GA,30445,,"10/12/2026 - 10/25/2026 9:00 AM - 5:00 PM (Advanced Polling Location)
10/17/2026 - 10/17/2026 9:00 AM - 5:00 PM (Advanced Polling Location)
10/24/2026 - 10/24/2026 9:00 AM - 5:00 PM (Advanced Polling Location)
10/26/2026 - 10/30/2026 9:00 AM - 5:00 PM (Advanced Polling Location)
11/03/2026 - 11/03/2026 9:00 AM - 7:00 PM (Advanced Polling Location)",,,,,
1063_Rockbridge_Rd_Stone_Mountain_GA_30087,GWINNETT,MOUNTAIN PARK ACTIVITY BUILDING,"1063 Rockbridge Rd, Stone Mountain, GA 30087",1063 Rockbridge Rd,Stone Mountain,GA,30087,,"10/13/2026 - 10/26/2026 7:00 AM - 7:00 PM (Advanced Polling Location)
10/27/2026 - 10/30/2026 7:00 AM - 7:00 PM (Advanced Polling Location)",,,,,
4491_Jm_Turk_Rd_Flowery_Branch_GA_30542,HALL,MULBERRY CREEK COMMUNITY CENTER,"4491 Jm Turk Rd, Flowery Branch, GA 30542",4491 Jm Turk Rd,Flowery Branch,GA,30542,,"10/13/2026 - 10/16/2026 8:00 AM - 6:00 PM (Advanced Polling Location)
10/17/2026 - 10/17/2026 9:00 AM - 5:00 PM (Advanced Polling Location)
10/19/2026 - 10/23/2026 8:00 AM - 6:00 PM (Advanced Polling Location)
10/24/2026 - 10/24/2026 9:00 AM - 5:00 PM (Advanced Polling Location)
10/26/2026 - 10/30/2026 8:00 AM - 7:00 PM (Advanced Polling Location)",,,,,
1849_Mulberry_Rock_Rd_Dallas_GA_30157,PAULDING,MULBERRY ROCK PARK,"1849 Mulberry Rock Rd, Dallas, GA 30157",1849 Mulberry Rock Rd,Dallas,GA,30157,,10/26/2026 - 10/30/2026 8:00 AM - 7:00 PM (Advanced Polling Location),,,,,
651_Hyden_Tyler_Rd_Chatsworth_GA_30705,MURRAY,MURRAY COUNTY RECREATION CENTER VETERANS MEMORIAL PARK,"651 Hyden Tyler Rd, Chatsworth, GA 30705",651 Hyden Tyler Rd,Chatsworth,GA,30705,,"10/13/2026 - 10/17/2026 9:00 AM - 5:00 PM (Advanced Polling Location)
10/19/2026 - 10/24/2026 9:00 AM - 5:00 PM (Advanced Polling Location)
10/26/2026 - 10/28/2026 9:00 AM - 5:00 PM (Advanced Polling Location)
10/29/2026 - 10/29/2026 9:00 AM - 7:00 PM (Advanced Polling Location)
10/30/2026 - 10/30/2026 9:00 AM - 5:00 PM (Advanced Polling Location)",,,,,
4796_Thompson_Bridge_Rd_Gainesville_GA_30506,HALL,MURRAYVILLE LIBRARY,"4796 Thompson Bridge Rd, Gainesville, GA 30506",4796 Thompson Bridge Rd,Gainesville,GA,30506,,"10/13/2026 - 10/16/2026 8:00 AM - 6:00 PM (Advanced Polling Location)
10/17/2026 - 10/17/2026 9:00 AM - 5:00 PM (Advanced Polling Location)
10/19/2026 - 10/23/2026 8:00 AM - 6:00 PM (Advanced Polling Location)
10/24/2026 - 10/24/2026 9:00 AM - 5:00 PM (Advanced Polling Location)
10/26/2026 - 10/30/2026 8:00 AM - 7:00 PM (Advanced Polling Location)",,,,,
5025_Roswell_Rd_Sandy_Springs_GA_30342,FULTON,NORTH FULTON TRAINING CENTER,"5025 Roswell Rd, Sandy Springs, GA 30342",5025 Roswell Rd,Sandy Springs,GA,30342,,"10/13/2026 - 10/16/2026 7:00 AM - 7:00 PM (Advanced Polling Location)
10/17/2026 - 10/17/2026 9:00 AM - 5:00 PM (Advanced Polling Location)
10/18/2026 - 10/18/2026 12:00 PM - 5:00 PM (Advanced Polling Location)
10/19/2026 - 10/23/2026 7:00 AM - 7:00 PM (Advanced Polling Location)
10/24/2026 - 10/24/2026 9:00 AM - 5:00 PM (Advanced Polling Location)
10/25/2026 - 10/25/2026 12:00 PM - 5:00 PM (Advanced Polling Location)
10/26/2026 - 10/30/2026 7:00 AM - 7:00 PM (Advanced Polling Location)",,,,,
4175_Nopone_Rd_Gainesville_GA_30506,HALL,NORTH HALL COMMUNITY CENTER,"4175 Nopone Rd, Gainesville, GA 30506",4175 Nopone Rd,Gainesville,GA,30506,,"10/13/2026 - 10/16/2026 8:00 AM - 6:00 PM (Advanced Polling Location)
10/17/2026 - 10/17/2026 9:00 AM - 5:00 PM (Advanced Polling Location)
10/19/2026 - 10/23/2026 8:00 AM - 6:00 PM (Advanced Polling Location)
10/24/2026 - 10/24/2026 9:00 AM - 5:00 PM (Advanced Polling Location)
10/26/2026 - 10/30/2026 8:00 AM - 7:00 PM (Advanced Polling Location)",,,,,
900_N_Houston_Rd_Warner_Robins_GA_31093,HOUSTON,NORTH HOUSTON SPORTS COMPLEX,"900 N Houston Rd, Warner Robins, GA 31093",900 N Houston Rd,Warner Robins,GA,31093,,"10/13/2026 - 10/16/2026 8:00 AM - 5:00 PM (Advanced Polling Location)
10/17/2026 - 10/17/2026 9:00 AM - 5:00 PM (Advanced Polling Location)
10/19/2026 - 10/23/2026 8:00 AM - 5:00 PM (Advanced Polling Location)
10/24/2026 - 10/24/2026 9:00 AM - 5:00 PM (Advanced Polling Location)
10/26/2026 - 10/30/2026 8:00 AM - 5:00 PM (Advanced Polling Location)",,,,,
100_Ridge_Mill_Ct_Acworth_GA_30102,CHEROKEE,OAK GROVE FIRE STATION 19 COMMUNITY CENTER,"100 Ridge Mill Ct, Acworth, GA 30102",100 Ridge Mill Ct,Acworth,GA,30102,,"10/13/2026 - 10/17/2026 8:30 AM - 5:00 PM (Advanced Polling Location)
10/19/2026 - 10/24/2026 8:30 AM - 5:00 PM (Advanced Polling Location)
10/26/2026 - 10/30/2026 8:30 AM - 7:00 PM (Advanced Polling Location)",,,,,
"223_W_Moring_St,_Ste_102_Swainsboro_GA_30401",EMANUEL,OFFICE,"223 W Moring St, Ste 102, Swainsboro, GA 30401","223 W Moring St, Ste 102",Swainsboro,GA,30401,,"10/13/2026 - 10/16/2026 8:30 AM - 5:00 PM (Advanced Polling Location)
10/17/2026 - 10/17/2026 9:00 AM - 5:00 PM (Advanced Polling Location)
10/19/2026 - 10/23/2026 8:30 AM - 5:00 PM (Advanced Polling Location)
10/24/2026 - 10/24/2026 9:00 AM - 5:00 PM (Advanced Polling Location)
10/26/2026 - 10/30/2026 8:30 AM - 5:00 PM (Advanced Polling Location)",,,,,
825_Memorial_Dr_Griffin_GA_30223,SPALDING,OFFICE OF ELECTIONS & REGISTRATION,"825 Memorial Dr, Griffin, GA 30223",825 Memorial Dr,Griffin,GA,30223,,"10/13/2026 - 10/17/2026 8:00 AM - 6:00 PM (Advanced Polling Location)
10/19/2026 - 10/24/2026 8:00 AM - 6:00 PM (Advanced Polling Location)
10/26/2026 - 10/30/2026 8:00 AM - 6:00 PM (Advanced Polling Location)",,,,,
6754_W_Church_St_Douglasville_GA_30134,DOUGLAS,OLD COURTHOUSE,"6754 W Church St, Douglasville, GA 30134",6754 W Church St,Douglasville,GA,30134,,"10/13/2026 - 10/16/2026 8:30 AM - 6:00 PM (Advanced Polling Location)
10/17/2026 - 10/17/2026 9:00 AM - 5:00 PM (Advanced Polling Location)
10/19/2026 - 10/23/2026 8:30 AM - 6:00 PM (Advanced Polling Location)
10/24/2026 - 10/24/2026 9:00 AM - 5:00 PM (Advanced Polling Location)
10/26/2026 - 10/30/2026 8:30 AM - 6:00 PM (Advanced Polling Location)",,,,,
"222_Chesnutt_Ave,_Bldg_B_Tifton_GA_31794",TIFT,OLD GYM,"222 Chesnutt Ave, Bldg B, Tifton, GA 31794","222 Chesnutt Ave, Bldg B",Tifton,GA,31794,,"10/13/2026 - 10/16/2026 8:00 AM - 5:00 PM (Advanced Polling Location)
10/17/2026 - 10/17/2026 9:00 AM - 5:00 PM (Advanced Polling Location)
10/19/2026 - 10/23/2026 8:00 AM - 5:00 PM (Advanced Polling Location)
10/24/2026 - 10/24/2026 9:00 AM - 5:00 PM (Advanced Polling Location)
10/26/2026 - 10/30/2026 8:00 AM - 5:00 PM (Advanced Polling Location)",,,,,
902_Campus_Dr_Fort_Valley_GA_31030,PEACH,PEACH COUNTY GOVERNMENT CENTER,"902 Campus Dr, Fort Valley, GA 31030",902 Campus Dr,Fort Valley,GA,31030,,"10/12/2026 - 10/16/2026 8:00 AM - 5:00 PM (Advanced Polling Location)
10/17/2026 - 10/17/2026 9:00 AM - 5:00 PM (Advanced Polling Location)
10/19/2026 - 10/23/2026 8:00 AM - 5:00 PM (Advanced Polling Location)
10/24/2026 - 10/24/2026 9:00 AM - 5:00 PM (Advanced Polling Location)
10/26/2026 - 10/30/2026 8:00 AM - 5:00 PM (Advanced Polling Location)",,,,,
1329_Camp_Rd_Jasper_GA_30143,PICKENS,PICKENS COUNTY REC CENTER,"1329 Camp Rd, Jasper, GA 30143",1329 Camp Rd,Jasper,GA,30143,,"10/13/2026 - 10/16/2026 8:00 AM - 5:00 PM (Advanced Polling Location)
10/17/2026 - 10/17/2026 9:00 AM - 5:00 PM (Advanced Polling Location)
10/19/2026 - 10/23/2026 8:00 AM - 5:00 PM (Advanced Polling Location)
10/24/2026 - 10/24/2026 9:00 AM - 5:00 PM (Advanced Polling Location)
10/26/2026 - 10/30/2026 8:00 AM - 5:00 PM (Advanced Polling Location)",,,,,
4650_Peachtree_Industrial_Blvd_Norcross_GA_30071,GWINNETT,PINCKNEYVILLE COMMUNITY CENTER,"4650 Peachtree Industrial Blvd, Norcross, GA 30071",4650 Peachtree Industrial Blvd,Norcross,GA,30071,,"10/13/2026 - 10/26/2026 7:00 AM - 7:00 PM (Advanced Polling Location)
10/27/2026 - 10/30/2026 7:00 AM - 7:00 PM (Advanced Polling Location)",,,,,
100_US_Hwy_80_SW_Pooler_GA_31322,CHATHAM,POOLER CITY HALL,"100 US Hwy 80 SW, Pooler, GA 31322",100 US Hwy 80 SW,Pooler,GA,31322,,"10/13/2026 - 10/16/2026 9:00 AM - 5:00 PM (Advanced Polling Location)
10/19/2026 - 10/23/2026 9:00 AM - 5:00 PM (Advanced Polling Location)
10/26/2026 - 10/30/2026 9:00 AM - 5:00 PM (Advanced Polling Location)",,,,,
524_Leslie_Dr_Villa_Rica_GA_30180-2405,CARROLL,POWELL PARK RECREATION CENTER,"524 Leslie Dr, Villa Rica, GA 30180-2405",524 Leslie Dr,Villa Rica,GA,30180-2405,,10/26/2026 - 10/30/2026 8:30 AM - 5:00 PM (Advanced Polling Location),,,,,
525_Main_St_Thomson_GA_30824,MCDUFFIE,PRECINCT ON MAIN (OLD THS GYM),"525 Main St, Thomson, GA 30824",525 Main St,Thomson,GA,30824,,"10/13/2026 - 10/17/2026 9:00 AM - 5:00 PM (Advanced Polling Location)
10/19/2026 - 10/24/2026 8:30 AM - 6:00 PM (Advanced Polling Location)
10/26/2026 - 10/30/2026 9:00 AM - 5:00 PM (Advanced Polling Location)",,,,,
6752_Hwy_212_Covington_GA_30016,NEWTON,PROSPECT CHURCH AT OAK HILL,"6752 Hwy 212, Covington, GA 30016",6752 Hwy 212,Covington,GA,30016,,"10/13/2026 - 10/16/2026 8:00 AM - 5:00 PM (Advanced Polling Location)
10/19/2026 - 10/23/2026 8:00 AM - 5:00 PM (Advanced Polling Location)
10/26/2026 - 10/30/2026 8:00 AM - 5:00 PM (Advanced Polling Location)",,,,,
117_Putnam_Dr_Eatonton_GA_31024,PUTNAM,PUTNAM COUNTY ADMIN BLDG,"117 Putnam Dr, Eatonton, GA 31024",117 Putnam Dr,Eatonton,GA,31024,,"10/13/2026 - 10/17/2026 8:00 AM - 5:00 PM (Advanced Polling Location)
10/19/2026 - 10/24/2026 8:00 AM - 5:00 PM (Advanced Polling Location)
10/26/2026 - 10/30/2026 8:00 AM - 5:00 PM (Advanced Polling Location)",,,,,
37_Old_School_Rd_Georgetown_GA_39854,QUITMAN,QUITMAN COUNTY ELECTION OFFICE,"37 Old School Rd, Georgetown, GA 39854",37 Old School Rd,Georgetown,GA,39854,,"10/13/2026 - 10/17/2026 9:00 AM - 5:00 PM (Advanced Polling Location)
10/19/2026 - 10/24/2026 9:00 AM - 5:00 PM (Advanced Polling Location)
10/26/2026 - 10/30/2026 9:00 AM - 5:00 PM (Advanced Polling Location)",,,,,
"184_S_Main_St,_Ste_102_Clayton_GA_30525",RABUN,RABUN COUNTY ELECTIONS CENTER,"184 S Main St, Ste 102, Clayton, GA 30525","184 S Main St, Ste 102",Clayton,GA,30525,,"10/13/2026 - 10/17/2026 9:00 AM - 5:00 PM (Advanced Polling Location)
10/19/2026 - 10/24/2026 9:00 AM - 5:00 PM (Advanced Polling Location)
10/26/2026 - 10/30/2026 9:00 AM - 6:00 PM (Advanced Polling Location)",,,,,
1286_Graves_Springs_Rd_Leesburg_GA_31763,LEE,REDBONE FIRE STATION #5,"1286 Graves Springs Rd, Leesburg, GA 31763",1286 Graves Springs Rd,Leesburg,GA,31763,,10/21/2026 - 10/22/2026 2:00 PM - 7:00 PM (Advanced Polling Location),,,,,
"31_Court_St,_Ste_F_Morgan_GA_39866",CALHOUN,REGISTRAR OFFICE,"31 Court St, Ste F, Morgan, GA 39866","31 Court St, Ste F",Morgan,GA,39866,,"10/13/2026 - 10/26/2026 9:00 AM - 5:00 PM (Advanced Polling Location)
10/27/2026 - 10/30/2026 9:00 AM - 5:00 PM (Advanced Polling Location)",,,,,
479_Holiday_Cir_Forsyth_GA_31029,MONROE,REGISTRAR'S OFFICE EARLY VOTING,"479 Holiday Cir, Forsyth, GA 31029",479 Holiday Cir,Forsyth,GA,31029,,"10/13/2026 - 10/17/2026 9:00 AM - 5:00 PM (Advanced Polling Location)
10/19/2026 - 10/24/2026 9:00 AM - 5:00 PM (Advanced Polling Location)
10/26/2026 - 10/30/2026 9:00 AM - 5:00 PM (Advanced Polling Location)",,,,,
"1601_N_Columbia_St,_Ste_110_Milledgeville_GA_31061",BALDWIN,REGISTRATION & ELECTIONS OFFICE,"1601 N Columbia St, Ste 110, Milledgeville, GA 31061","1601 N Columbia St, Ste 110",Milledgeville,GA,31061,,"10/13/2026 - 10/16/2026 8:30 AM - 5:00 PM (Advanced Polling Location)
10/17/2026 - 10/17/2026 9:00 AM - 4:00 PM (Advanced Polling Location)
10/19/2026 - 10/23/2026 8:30 AM - 5:00 PM (Advanced Polling Location)
10/24/2026 - 10/24/2026 9:00 AM - 4:00 PM (Advanced Polling Location)
10/26/2026 - 10/30/2026 8:30 AM - 5:00 PM (Advanced Polling Location)",,,,,
100_E_Crogan_St_Lawrenceville_GA_30046,GWINNETT,RHODES JORDAN PARK,"100 E Crogan St, Lawrenceville, GA 30046",100 E Crogan St,Lawrenceville,GA,30046,,"10/13/2026 - 10/26/2026 7:00 AM - 7:00 PM (Advanced Polling Location)
10/27/2026 - 10/30/2026 7:00 AM - 7:00 PM (Advanced Polling Location)",,,,,
508_Timber_Trl_Richmond_Hill_GA_31324,BRYAN,RICHMOND HILL RECREATION COMPLEX,"508 Timber Trl, Richmond Hill, GA 31324",508 Timber Trl,Richmond Hill,GA,31324,,"10/13/2026 - 10/17/2026 8:00 AM - 5:00 PM (Advanced Polling Location)
10/19/2026 - 10/24/2026 8:00 AM - 5:00 PM (Advanced Polling Location)
10/26/2026 - 10/30/2026 8:00 AM - 5:00 PM (Advanced Polling Location)",,,,,
5238_Evitt_St_Ringgold_GA_30736,CATOOSA,RINGGOLD PRECINCT,"5238 Evitt St, Ringgold, GA 30736",5238 Evitt St,Ringgold,GA,30736,,"10/13/2026 - 10/16/2026 8:00 AM - 5:00 PM (Advanced Polling Location)
10/17/2026 - 10/17/2026 9:00 AM - 5:00 PM (Advanced Polling Location)
10/19/2026 - 10/23/2026 8:00 AM - 5:00 PM (Advanced Polling Location)
10/24/2026 - 10/24/2026 9:00 AM - 5:00 PM (Advanced Polling Location)
10/26/2026 - 10/28/2026 8:00 AM - 5:00 PM (Advanced Polling Location)
10/29/2026 - 10/29/2026 8:00 AM - 5:00 PM (Advanced Polling Location)
10/30/2026 - 10/30/2026 8:00 AM - 5:00 PM (Advanced Polling Location)",,,,,
103_Diamond_Lakes_Way_Hephzibah_GA_30815,RICHMOND,ROBERT HOWARD CC/DIAMOND LAKES,"103 Diamond Lakes Way, Hephzibah, GA 30815",103 Diamond Lakes Way,Hephzibah,GA,30815,,"10/13/2026 - 10/17/2026 8:30 AM - 6:00 PM (Advanced Polling Location)
10/19/2026 - 10/24/2026 8:30 AM - 6:00 PM (Advanced Polling Location)
10/26/2026 - 10/30/2026 8:30 AM - 6:00 PM (Advanced Polling Location)",,,,,
604_Goodyear_Ave_Rockmart_GA_30153,POLK,ROCKMART EARLY VOTING,"604 Goodyear Ave, Rockmart, GA 30153",604 Goodyear Ave,Rockmart,GA,30153,,"10/13/2026 - 10/17/2026 9:00 AM - 5:00 PM (Advanced Polling Location)
10/19/2026 - 10/24/2026 9:00 AM - 5:00 PM (Advanced Polling Location)
10/26/2026 - 10/30/2026 9:00 AM - 5:00 PM (Advanced Polling Location)",,,,,
4476_Towne_Lake_Pkwy_Woodstock_GA_30189,CHEROKEE,ROSE CREEK PUBLIC LIBRARY,"4476 Towne Lake Pkwy, Woodstock, GA 30189",4476 Towne Lake Pkwy,Woodstock,GA,30189,,"10/13/2026 - 10/17/2026 8:30 AM - 5:00 PM (Advanced Polling Location)
10/19/2026 - 10/24/2026 8:30 AM - 5:00 PM (Advanced Polling Location)
10/26/2026 - 10/30/2026 8:30 AM - 7:00 PM (Advanced Polling Location)",,,,,
400_Mcfarland_Ave_Rossville_GA_30741,WALKER,ROSSVILLE MUNICIPAL CIVIC CENTER,"400 Mcfarland Ave, Rossville, GA 30741",400 Mcfarland Ave,Rossville,GA,30741,,"10/24/2026 - 10/24/2026 9:00 AM - 5:00 PM (Advanced Polling Location)
10/26/2026 - 10/26/2026 9:00 AM - 5:00 PM (Advanced Polling Location)
10/27/2026 - 10/27/2026 8:00 AM - 6:00 PM (Advanced Polling Location)
10/28/2026 - 10/30/2026 9:00 AM - 5:00 PM (Advanced Polling Location)",,,,,
1962_Rowland_York_Dr_Lincolnton_GA_30817,LINCOLN,ROWLAND YORK,"1962 Rowland York Dr, Lincolnton, GA 30817",1962 Rowland York Dr,Lincolnton,GA,30817,,"10/13/2026 - 10/16/2026 8:00 AM - 5:00 PM (Advanced Polling Location)
10/17/2026 - 10/17/2026 9:00 AM - 5:00 PM (Advanced Polling Location)
10/19/2026 - 10/23/2026 8:00 AM - 5:00 PM (Advanced Polling Location)
10/24/2026 - 10/24/2026 9:00 AM - 5:00 PM (Advanced Polling Location)
10/26/2026 - 10/30/2026 8:00 AM - 5:00 PM (Advanced Polling Location)",,,,,
120_Paul_Franklin_Rd_Clarkesville_GA_30523,HABERSHAM,RUBY FULBRIGHT AQUATIC CENTER,"120 Paul Franklin Rd, Clarkesville, GA 30523",120 Paul Franklin Rd,Clarkesville,GA,30523,,"10/24/2026 - 10/24/2026 9:00 AM - 5:00 PM (Advanced Polling Location)
10/26/2026 - 10/30/2026 8:00 AM - 7:00 PM (Advanced Polling Location)",,,,,
5025_Steam_Mill_Rd_Columbus_GA_31907,MUSCOGEE,SHIRLEY B WINSTON CENTER-EARLY,"5025 Steam Mill Rd, Columbus, GA 31907",5025 Steam Mill Rd,Columbus,GA,31907,,"10/13/2026 - 10/16/2026 7:00 AM - 7:00 PM (Advanced Polling Location)
10/17/2026 - 10/23/2026 7:00 AM - 7:00 PM (Advanced Polling Location)
10/24/2026 - 10/30/2026 7:00 AM - 7:00 PM (Advanced Polling Location)",,,,,
2750_Pleasant_Hill_Rd_Duluth_GA_30096,GWINNETT,SHORTY HOWELL PARK,"2750 Pleasant Hill Rd, Duluth, GA 30096",2750 Pleasant Hill Rd,Duluth,GA,30096,,"10/13/2026 - 10/26/2026 7:00 AM - 7:00 PM (Advanced Polling Location)
10/27/2026 - 10/30/2026 7:00 AM - 7:00 PM (Advanced Polling Location)",,,,,
3215_Anvil_Block_Rd_Ellenwood_GA_30294,CLAYTON,SONNA SINGLETON GREGORY SENIOR CENTER,"3215 Anvil Block Rd, Ellenwood, GA 30294",3215 Anvil Block Rd,Ellenwood,GA,30294,,"10/13/2026 - 10/16/2026 8:00 AM - 7:00 PM (Advanced Polling Location)
10/17/2026 - 10/17/2026 9:00 AM - 5:00 PM (Advanced Polling Location)
10/18/2026 - 10/18/2026 12:00 PM - 5:00 PM (Advanced Polling Location)
10/19/2026 - 10/23/2026 8:00 AM - 7:00 PM (Advanced Polling Location)
10/24/2026 - 10/24/2026 9:00 AM - 5:00 PM (Advanced Polling Location)
10/25/2026 - 10/25/2026 12:00 PM - 5:00 PM (Advanced Polling Location)
10/26/2026 - 10/30/2026 8:00 AM - 7:00 PM (Advanced Polling Location)",,,,,
"7545_N_Main_St,_Building_200_Woodstock_GA_30188",CHEROKEE,SOUTH CHEROKEE ANNEX REC CENTER,"7545 N Main St, Building 200, Woodstock, GA 30188","7545 N Main St, Building 200",Woodstock,GA,30188,,"10/13/2026 - 10/17/2026 8:30 AM - 5:00 PM (Advanced Polling Location)
10/19/2026 - 10/24/2026 8:30 AM - 5:00 PM (Advanced Polling Location)
10/26/2026 - 10/30/2026 8:30 AM - 7:00 PM (Advanced Polling Location)",,,,,
1837_Mcdonough_Rd_Hampton_GA_30228,CLAYTON,SOUTH CLAYTON RECREATION CENTER,"1837 Mcdonough Rd, Hampton, GA 30228",1837 Mcdonough Rd,Hampton,GA,30228,,"10/13/2026 - 10/16/2026 8:00 AM - 7:00 PM (Advanced Polling Location)
10/17/2026 - 10/17/2026 9:00 AM - 5:00 PM (Advanced Polling Location)
10/18/2026 - 10/18/2026 12:00 PM - 5:00 PM (Advanced Polling Location)
10/19/2026 - 10/23/2026 8:00 AM - 7:00 PM (Advanced Polling Location)
10/24/2026 - 10/24/2026 9:00 AM - 5:00 PM (Advanced Polling Location)
10/25/2026 - 10/25/2026 12:00 PM - 5:00 PM (Advanced Polling Location)
10/26/2026 - 10/30/2026 8:00 AM - 7:00 PM (Advanced Polling Location)",,,,,
573_Fairplay_Dr_Social_Circle_GA_30025,WALTON,SOUTH WALTON COMMUNITY CENTER,"573 Fairplay Dr, Social Circle, GA 30025",573 Fairplay Dr,Social Circle,GA,30025,,"10/13/2026 - 10/16/2026 8:00 AM - 5:00 PM (Advanced Polling Location)
10/17/2026 - 10/17/2026 9:00 AM - 5:00 PM (Advanced Polling Location)
10/19/2026 - 10/23/2026 8:00 AM - 5:00 PM (Advanced Polling Location)
10/24/2026 - 10/24/2026 9:00 AM - 5:00 PM (Advanced Polling Location)
10/26/2026 - 10/30/2026 8:00 AM - 6:00 PM (Advanced Polling Location)",,,,,
209_Bolton_St_Glennville_GA_30427,TATTNALL,SOUTHEASTERN TECH SCHOOL,"209 Bolton St, Glennville, GA 30427",209 Bolton St,Glennville,GA,30427,,10/26/2026 - 10/30/2026 8:00 AM - 5:00 PM (Advanced Polling Location),,,,,
14097_Abercorn_St_Savannah_GA_31419,CHATHAM,SOUTHWEST LIBRARY,"14097 Abercorn St, Savannah, GA 31419",14097 Abercorn St,Savannah,GA,31419,,"10/13/2026 - 10/17/2026 9:00 AM - 5:00 PM (Advanced Polling Location)
10/19/2026 - 10/23/2026 9:00 AM - 5:00 PM (Advanced Polling Location)
10/26/2026 - 10/30/2026 9:00 AM - 5:00 PM (Advanced Polling Location)",,,,,
6488_Spout_Springs_Rd_Flowery_Branch_GA_30542,HALL,SPOUT SPRINGS LIBRARY,"6488 Spout Springs Rd, Flowery Branch, GA 30542",6488 Spout Springs Rd,Flowery Branch,GA,30542,,"10/13/2026 - 10/16/2026 8:00 AM - 6:00 PM (Advanced Polling Location)
10/17/2026 - 10/17/2026 9:00 AM - 5:00 PM (Advanced Polling Location)
10/19/2026 - 10/23/2026 8:00 AM - 6:00 PM (Advanced Polling Location)
10/24/2026 - 10/24/2026 9:00 AM - 5:00 PM (Advanced Polling Location)
10/26/2026 - 10/30/2026 8:00 AM - 7:00 PM (Advanced Polling Location)",,,,,
1929_Demere_Rd_St_Simons_Island_GA_31522,GLYNN,SSI ADVANCED VOTING/FIRE STATION # 2,"1929 Demere Rd, St Simons Island, GA 31522",1929 Demere Rd,St Simons Island,GA,31522,,"10/13/2026 - 10/16/2026 8:00 AM - 5:30 PM (Advanced Polling Location)
10/17/2026 - 10/17/2026 9:00 AM - 5:00 PM (Advanced Polling Location)
10/19/2026 - 10/23/2026 8:00 AM - 5:30 PM (Advanced Polling Location)
10/24/2026 - 10/24/2026 9:00 AM - 5:00 PM (Advanced Polling Location)
10/26/2026 - 10/30/2026 8:00 AM - 5:30 PM (Advanced Polling Location)",,,,,
13063_Florida_Ave_Sst_George_GA_31562,CHARLTON,ST GEORGE,"13063 Florida Ave, Sst George, GA 31562",13063 Florida Ave,Sst George,GA,31562,,10/17/2026 - 10/17/2026 9:00 AM - 5:00 PM (Advanced Polling Location),,,,,
400_Osborne_St_St_Marys_GA_31558,CAMDEN,ST. MARYS WELCOME CENTER ADVANCE IN PERSON,"400 Osborne St, St Marys, GA 31558",400 Osborne St,St Marys,GA,31558,,"10/24/2026 - 10/24/2026 9:00 AM - 5:00 PM (Advanced Polling Location)
10/26/2026 - 10/30/2026 8:30 AM - 6:00 PM (Advanced Polling Location)",,,,,
1761_Geneva_Hwy_Talbotton_GA_31827,TALBOT,TALBOT BOARD OF ELECTIONS & REGISTRATION,"1761 Geneva Hwy, Talbotton, GA 31827",1761 Geneva Hwy,Talbotton,GA,31827,,"10/13/2026 - 10/16/2026 8:30 AM - 5:00 PM (Advanced Polling Location)
10/17/2026 - 10/17/2026 9:00 AM - 5:00 PM (Advanced Polling Location)
10/19/2026 - 10/23/2026 8:30 AM - 5:00 PM (Advanced Polling Location)
10/24/2026 - 10/24/2026 9:00 AM - 5:00 PM (Advanced Polling Location)
10/26/2026 - 10/30/2026 8:30 AM - 5:00 PM (Advanced Polling Location)",,,,,
"91_Telfair_Ave_Annex,_Bldg_4_Mcrae_Helena_GA_31055",TELFAIR,TELFAIR CO BOARD OF ELECTIONS AND REGISTRATION,"91 Telfair Ave Annex, Bldg 4, Mcrae Helena, GA 31055","91 Telfair Ave Annex, Bldg 4",Mcrae Helena,GA,31055,,"10/13/2026 - 10/17/2026 8:00 AM - 5:00 PM (Advanced Polling Location)
10/19/2026 - 10/24/2026 8:00 AM - 5:00 PM (Advanced Polling Location)
10/26/2026 - 10/30/2026 8:00 AM - 5:00 PM (Advanced Polling Location)",,,,,
955_Forrester_Dr_SE_Dawson_GA_39842,TERRELL,TERRELL COUNTY ELECTIONS AND REGISTRATION OFFICE,"955 Forrester Dr SE, Dawson, GA 39842",955 Forrester Dr SE,Dawson,GA,39842,,"10/13/2026 - 10/16/2026 9:00 AM - 5:00 PM (Advanced Polling Location)
10/17/2026 - 10/17/2026 9:00 AM - 5:00 PM (Advanced Polling Location)
10/19/2026 - 10/23/2026 9:00 AM - 5:00 PM (Advanced Polling Location)
10/24/2026 - 10/24/2026 9:00 AM - 5:00 PM (Advanced Polling Location)
10/26/2026 - 10/30/2026 9:00 AM - 5:00 PM (Advanced Polling Location)",,,,,
445_Oakland_Pkwy_W_Leesburg_GA_31763,LEE,THE BINDERY OAKLAND LIBRARY,"445 Oakland Pkwy W, Leesburg, GA 31763",445 Oakland Pkwy W,Leesburg,GA,31763,,10/19/2026 - 10/20/2026 2:00 PM - 7:00 PM (Advanced Polling Location),,,,,
7345_Cumming_Hwy_Canton_GA_30115,CHEROKEE,THE BUZZ AHRENS RECREATION CENTER,"7345 Cumming Hwy, Canton, GA 30115",7345 Cumming Hwy,Canton,GA,30115,,"10/13/2026 - 10/17/2026 8:30 AM - 5:00 PM (Advanced Polling Location)
10/19/2026 - 10/24/2026 8:30 AM - 5:00 PM (Advanced Polling Location)
10/26/2026 - 10/30/2026 8:30 AM - 7:00 PM (Advanced Polling Location)",,,,,
5907_Euchee_Creek_Dr_Grovetown_GA_30813,COLUMBIA,THE FORMER EUCHEE CREEK LIBRARY,"5907 Euchee Creek Dr, Grovetown, GA 30813",5907 Euchee Creek Dr,Grovetown,GA,30813,,"10/13/2026 - 10/16/2026 8:00 AM - 5:00 PM (Advanced Polling Location)
10/17/2026 - 10/17/2026 9:00 AM - 5:00 PM (Advanced Polling Location)
10/19/2026 - 10/23/2026 8:00 AM - 5:00 PM (Advanced Polling Location)
10/24/2026 - 10/24/2026 9:00 AM - 5:00 PM (Advanced Polling Location)
10/26/2026 - 10/30/2026 8:00 AM - 5:00 PM (Advanced Polling Location)",,,,,
815_N_Macon_Park_Dr_Macon_GA_31210,BIBB,THERON USSERY PARK COMMUNITY/ RECREATION CENTER,"815 N Macon Park Dr, Macon, GA 31210",815 N Macon Park Dr,Macon,GA,31210,,"10/13/2026 - 10/16/2026 8:30 AM - 5:30 PM (Advanced Polling Location)
10/17/2026 - 10/17/2026 9:00 AM - 5:00 PM (Advanced Polling Location)
10/18/2026 - 10/18/2026 11:00 AM - 5:00 PM (Advanced Polling Location)
10/19/2026 - 10/23/2026 8:30 AM - 5:30 PM (Advanced Polling Location)
10/24/2026 - 10/30/2026 8:30 AM - 5:30 PM (Advanced Polling Location)",,,,,
1700_Whitesville_Rd_Lagrange_GA_30240,TROUP,TOD A TENTLER COMPLEX,"1700 Whitesville Rd, Lagrange, GA 30240",1700 Whitesville Rd,Lagrange,GA,30240,,"10/13/2026 - 10/16/2026 8:00 AM - 5:00 PM (Advanced Polling Location)
10/17/2026 - 10/17/2026 9:00 AM - 5:00 PM (Advanced Polling Location)
10/19/2026 - 10/23/2026 8:00 AM - 5:00 PM (Advanced Polling Location)
10/24/2026 - 10/24/2026 8:00 AM - 5:00 PM (Advanced Polling Location)
10/26/2026 - 10/30/2026 8:00 AM - 5:00 PM (Advanced Polling Location)",,,,,
"100_Courthouse_Sq,_Ste_112_Lyons_GA_30436",TOOMBS,TOOMBS COUNTY ADVANCE VOTING LOCATION,"100 Courthouse Sq, Ste 112, Lyons, GA 30436","100 Courthouse Sq, Ste 112",Lyons,GA,30436,,"10/13/2026 - 10/16/2026 8:30 AM - 5:00 PM (Advanced Polling Location)
10/17/2026 - 10/17/2026 9:00 AM - 5:00 PM (Advanced Polling Location)
10/19/2026 - 10/23/2026 8:30 AM - 5:00 PM (Advanced Polling Location)
10/24/2026 - 10/24/2026 9:00 AM - 5:00 PM (Advanced Polling Location)
10/26/2026 - 10/30/2026 8:30 AM - 5:00 PM (Advanced Polling Location)",,,,,
"67_Lakeview_Cir,_Ste_A_Hiawassee_GA_30546",TOWNS,TOWNS COUNTY CIVIC CENTER,"67 Lakeview Cir, Ste A, Hiawassee, GA 30546","67 Lakeview Cir, Ste A",Hiawassee,GA,30546,,"10/13/2026 - 10/17/2026 9:00 AM - 5:00 PM (Advanced Polling Location)
10/19/2026 - 10/24/2026 9:00 AM - 5:00 PM (Advanced Polling Location)
10/26/2026 - 10/30/2026 9:00 AM - 5:00 PM (Advanced Polling Location)",,,,,
650_Second_St_Soperton_GA_30457,TREUTLEN,TREUTLEN COUNTY ANNEX,"650 Second St, Soperton, GA 30457",650 Second St,Soperton,GA,30457,,"10/13/2026 - 10/17/2026 9:00 AM - 5:00 PM (Advanced Polling Location)
10/19/2026 - 10/24/2026 9:00 AM - 5:00 PM (Advanced Polling Location)
10/26/2026 - 10/30/2026 9:00 AM - 5:00 PM (Advanced Polling Location)",,,,,
6185_Turner_Lake_Rd_NW_Covington_GA_30014,NEWTON,TURNER LAKE RECREATION CENTER - BANQUET RM,"6185 Turner Lake Rd NW, Covington, GA 30014",6185 Turner Lake Rd NW,Covington,GA,30014,,"10/13/2026 - 10/16/2026 8:00 AM - 5:00 PM (Advanced Polling Location)
10/17/2026 - 10/17/2026 9:00 AM - 5:00 PM (Advanced Polling Location)
10/18/2026 - 10/18/2026 11:00 AM - 4:00 PM (Advanced Polling Location)
10/19/2026 - 10/23/2026 8:00 AM - 5:00 PM (Advanced Polling Location)
10/24/2026 - 10/24/2026 9:00 AM - 5:00 PM (Advanced Polling Location)
10/26/2026 - 10/30/2026 7:00 AM - 7:00 PM (Advanced Polling Location)",,,,,
"425_Railroad_St_Nort,_Jeffersonville_GA_31044",TWIGGS,TWIGGSCOUNTY COURTHOUSE,"425 Railroad St, Nort, Jeffersonville, GA 31044",425 Railroad St,"Nort, Jeffersonville",GA,31044,,"10/13/2026 - 10/17/2026 9:00 AM - 5:00 PM (Advanced Polling Location)
10/19/2026 - 10/24/2026 9:00 AM - 5:00 PM (Advanced Polling Location)
10/26/2026 - 10/30/2026 9:00 AM - 5:00 PM (Advanced Polling Location)",,,,,
881_Senoia_Rd_Tyrone_GA_30290,FAYETTE,TYRONE COMMUNITY ROOM -MUSEUM BUILDING-,"881 Senoia Rd, Tyrone, GA 30290",881 Senoia Rd,Tyrone,GA,30290,,"10/13/2026 - 10/17/2026 9:00 AM - 7:00 PM (Advanced Polling Location)
10/19/2026 - 10/24/2026 9:00 AM - 7:00 PM (Advanced Polling Location)
10/25/2026 - 10/25/2026 12:00 PM - 4:00 PM (Advanced Polling Location)
10/26/2026 - 10/30/2026 9:00 AM - 7:00 PM (Advanced Polling Location)",,,,,
45_Baxter_St_Athens_GA_30602,CLARKE,UGA TATE STUDENT CENTER,"45 Baxter St, Athens, GA 30602",45 Baxter St,Athens,GA,30602,,"10/27/2026 - 10/27/2026 8:00 AM - 6:00 PM (Advanced Polling Location)
10/28/2026 - 10/28/2026 8:00 AM - 6:00 PM (Advanced Polling Location)
10/29/2026 - 10/29/2026 8:00 AM - 6:00 PM (Advanced Polling Location)",,,,,
215_Mcnaughton_Cusseta_GA_31805,CHATTAHOOCHEE,UNIFIED GOVT OFFICES OF CUSSETA-CHATTAHOOCHEE COUNTY,"215 Mcnaughton, Cusseta, GA 31805",215 Mcnaughton,Cusseta,GA,31805,,"10/13/2026 - 10/16/2026 8:00 AM - 5:00 PM (Advanced Polling Location)
10/17/2026 - 10/17/2026 9:00 AM - 5:00 PM (Advanced Polling Location)
10/19/2026 - 10/23/2026 8:00 AM - 5:00 PM (Advanced Polling Location)
10/24/2026 - 10/24/2026 9:00 AM - 5:00 PM (Advanced Polling Location)
10/26/2026 - 10/30/2026 8:00 AM - 5:00 PM (Advanced Polling Location)",,,,,
1600_Ft_Benning_Rd_Columbus_GA_31903,MUSCOGEE,VALLEY HEALTHCARE,"1600 Ft Benning Rd, Columbus, GA 31903",1600 Ft Benning Rd,Columbus,GA,31903,,10/24/2026 - 10/30/2026 7:00 AM - 7:00 PM (Advanced Polling Location),,,,,
402_Hawkinsville_Rd_Vienna_GA_31092,DOOLY,VIENNA VOTING PRECINCT,"402 Hawkinsville Rd, Vienna, GA 31092",402 Hawkinsville Rd,Vienna,GA,31092,,"10/13/2026 - 10/26/2026 8:00 AM - 5:00 PM (Advanced Polling Location)
10/17/2026 - 10/17/2026 8:00 AM - 5:00 PM (Advanced Polling Location)
10/24/2026 - 10/24/2026 8:00 AM - 5:00 PM (Advanced Polling Location)
10/27/2026 - 10/30/2026 8:00 AM - 5:00 PM (Advanced Polling Location)",,,,,
1475_E_Fayetteville_Rd_Riverdale_GA_30274,CLAYTON,VIRGINIA BURTON GRAY RECREATION CTR,"1475 E Fayetteville Rd, Riverdale, GA 30274",1475 E Fayetteville Rd,Riverdale,GA,30274,,"10/13/2026 - 10/16/2026 8:00 AM - 7:00 PM (Advanced Polling Location)
10/17/2026 - 10/17/2026 9:00 AM - 5:00 PM (Advanced Polling Location)
10/18/2026 - 10/18/2026 12:00 PM - 5:00 PM (Advanced Polling Location)
10/19/2026 - 10/23/2026 8:00 AM - 7:00 PM (Advanced Polling Location)
10/24/2026 - 10/24/2026 9:00 AM - 5:00 PM (Advanced Polling Location)
10/25/2026 - 10/25/2026 12:00 PM - 5:00 PM (Advanced Polling Location)
10/26/2026 - 10/30/2026 8:00 AM - 7:00 PM (Advanced Polling Location)",,,,,
1249_Eisenhower_Dr_Savannah_GA_31406,CHATHAM,VOTER REGISTRATION ANNEX,"1249 Eisenhower Dr, Savannah, GA 31406",1249 Eisenhower Dr,Savannah,GA,31406,,"10/13/2026 - 10/16/2026 7:00 AM - 7:00 PM (Advanced Polling Location)
10/17/2026 - 10/18/2026 9:00 AM - 5:00 PM (Advanced Polling Location)
10/19/2026 - 10/23/2026 7:00 AM - 7:00 PM (Advanced Polling Location)
10/24/2026 - 10/25/2026 9:00 AM - 5:00 PM (Advanced Polling Location)
10/26/2026 - 10/30/2026 7:00 AM - 7:00 PM (Advanced Polling Location)",,,,,
87_Newnan_Station_Dr_Newnan_GA_30265,COWETA,VOTER REGISTRATION OFFICE,"87 Newnan Station Dr, Newnan, GA 30265",87 Newnan Station Dr,Newnan,GA,30265,,"10/13/2026 - 10/17/2026 9:00 AM - 5:00 PM (Advanced Polling Location)
10/19/2026 - 10/19/2026 9:00 AM - 7:00 PM (Advanced Polling Location)
10/20/2026 - 10/22/2026 9:00 AM - 5:00 PM (Advanced Polling Location)
10/23/2026 - 10/23/2026 9:00 AM - 5:00 PM (Advanced Polling Location)
10/24/2026 - 10/24/2026 9:00 AM - 5:00 PM (Advanced Polling Location)
10/26/2026 - 10/30/2026 9:00 AM - 5:00 PM (Advanced Polling Location)",,,,,
300_Warren_Rd_Augusta_GA_30907,RICHMOND,WARREN RD RECREATION CENTER,"300 Warren Rd, Augusta, GA 30907",300 Warren Rd,Augusta,GA,30907,,"10/13/2026 - 10/17/2026 8:30 AM - 6:00 PM (Advanced Polling Location)
10/19/2026 - 10/24/2026 8:30 AM - 6:00 PM (Advanced Polling Location)
10/26/2026 - 10/30/2026 8:30 AM - 6:00 PM (Advanced Polling Location)",,,,,
150_Riddleville_Rd_Sandersville_GA_31082,WASHINGTON,WASHINGTON COUNTY BOARD OF ELECTIONS AND REGISTRATION,"150 Riddleville Rd, Sandersville, GA 31082",150 Riddleville Rd,Sandersville,GA,31082,,"10/13/2026 - 10/17/2026 9:00 AM - 5:00 PM (Advanced Polling Location)
10/19/2026 - 10/24/2026 9:00 AM - 5:00 PM (Advanced Polling Location)
10/26/2026 - 10/30/2026 9:00 AM - 5:00 PM (Advanced Polling Location)",,,,,
240_Constitution_Blvd_Dallas_GA_30132,PAULDING,WATSON GOV'T COMPLEX,"240 Constitution Blvd, Dallas, GA 30132",240 Constitution Blvd,Dallas,GA,30132,,"10/13/2026 - 10/17/2026 8:00 AM - 5:00 PM (Advanced Polling Location)
10/19/2026 - 10/24/2026 8:00 AM - 5:00 PM (Advanced Polling Location)
10/26/2026 - 10/30/2026 8:00 AM - 7:00 PM (Advanced Polling Location)",,,,,
40_Cemetery_Rd_Preston_GA_31824,WEBSTER,WEBSTER COUNTY COMMISSIONER OFFICE,"40 Cemetery Rd, Preston, GA 31824",40 Cemetery Rd,Preston,GA,31824,,"10/13/2026 - 10/26/2026 8:30 AM - 4:00 PM (Advanced Polling Location)
10/27/2026 - 10/30/2026 8:30 AM - 4:00 PM (Advanced Polling Location)",,,,,
1122_O_G_Skinner_Dr_West_Point_GA_31833,TROUP,WEST POINT TECH CENTER,"1122 O G Skinner Dr, West Point, GA 31833",1122 O G Skinner Dr,West Point,GA,31833,,"10/24/2026 - 10/24/2026 9:00 AM - 5:00 PM (Advanced Polling Location)
10/26/2026 - 10/30/2026 8:00 AM - 5:00 PM (Advanced Polling Location)",,,,,
3319_Lakeview_Dr_Rossville_GA_30741,CATOOSA,WESTSIDE PRECINCT,"3319 Lakeview Dr, Rossville, GA 30741",3319 Lakeview Dr,Rossville,GA,30741,,"10/13/2026 - 10/16/2026 8:00 AM - 5:00 PM (Advanced Polling Location)
10/17/2026 - 10/17/2026 9:00 AM - 5:00 PM (Advanced Polling Location)
10/19/2026 - 10/23/2026 8:00 AM - 5:00 PM (Advanced Polling Location)
10/24/2026 - 10/24/2026 9:00 AM - 5:00 PM (Advanced Polling Location)
10/26/2026 - 10/28/2026 8:00 AM - 5:00 PM (Advanced Polling Location)
10/29/2026 - 10/29/2026 8:00 AM - 7:00 PM (Advanced Polling Location)
10/30/2026 - 10/30/2026 8:00 AM - 5:00 PM (Advanced Polling Location)",,,,,
205_N_Selvidge_St_Dalton_GA_30720,WHITFIELD,WHITFIELD COUNTY COURTHOUSE,"205 N Selvidge St, Dalton, GA 30720",205 N Selvidge St,Dalton,GA,30720,,"10/13/2026 - 10/16/2026 8:00 AM - 5:00 PM (Advanced Polling Location)
10/17/2026 - 10/17/2026 9:00 AM - 5:00 PM (Advanced Polling Location)
10/19/2026 - 10/23/2026 8:00 AM - 5:00 PM (Advanced Polling Location)
10/24/2026 - 10/24/2026 9:00 AM - 5:00 PM (Advanced Polling Location)
10/26/2026 - 10/28/2026 8:00 AM - 5:00 PM (Advanced Polling Location)
10/29/2026 - 10/29/2026 8:00 AM - 5:00 PM (Advanced Polling Location)
10/30/2026 - 10/30/2026 8:00 AM - 5:00 PM (Advanced Polling Location)",,,,,
239_Gordon_St_Rochelle_GA_31079,WILCOX,WILCOX BOARD OF ELECTIONS & REGISTRATION,"239 Gordon St, Rochelle, GA 31079",239 Gordon St,Rochelle,GA,31079,,"10/13/2026 - 10/17/2026 9:00 AM - 5:00 PM (Advanced Polling Location)
10/19/2026 - 10/24/2026 9:00 AM - 5:00 PM (Advanced Polling Location)
10/26/2026 - 10/30/2026 9:00 AM - 5:00 PM (Advanced Polling Location)",,,,,
100_Bacon_St_Irwinton_GA_31042,WILKINSON,WILKINSON COUNTY COURTHOUSE,"100 Bacon St, Irwinton, GA 31042",100 Bacon St,Irwinton,GA,31042,,"10/13/2026 - 10/17/2026 9:00 AM - 5:00 PM (Advanced Polling Location)
10/19/2026 - 10/24/2026 9:00 AM - 4:45 PM (Advanced Polling Location)
10/26/2026 - 10/30/2026 9:00 AM - 5:00 PM (Advanced Polling Location)",,,,,
200_E_4th_St_Woodbine_GA_31569,CAMDEN,WOODBINE ADVANCE IN PERSON,"200 E 4th St, Woodbine, GA 31569",200 E 4th St,Woodbine,GA,31569,,"10/13/2026 - 10/16/2026 8:30 AM - 5:30 PM (Advanced Polling Location)
10/17/2026 - 10/17/2026 9:00 AM - 5:00 PM (Advanced Polling Location)
10/19/2026 - 10/23/2026 8:30 AM - 5:30 PM (Advanced Polling Location)",,,,,
8750_Dorris_Rd_Douglasville_GA_30134,DOUGLAS,WOODIE FITE SENIOR CENTER,"8750 Dorris Rd, Douglasville, GA 30134",8750 Dorris Rd,Douglasville,GA,30134,,"10/13/2026 - 10/16/2026 8:30 AM - 6:00 PM (Advanced Polling Location)
10/17/2026 - 10/17/2026 9:00 AM - 5:00 PM (Advanced Polling Location)
10/19/2026 - 10/23/2026 8:30 AM - 6:00 PM (Advanced Polling Location)
10/24/2026 - 10/24/2026 9:00 AM - 5:00 PM (Advanced Polling Location)
10/26/2026 - 10/30/2026 8:30 AM - 6:00 PM (Advanced Polling Location)",,,,,
"201_N_Main_St,_Rm_10_Sylvester_GA_31791",WORTH,WORTH COUNTY VOTER REGISTRATION OFFICE,"201 N Main St, Rm 10, Sylvester, GA 31791","201 N Main St, Rm 10",Sylvester,GA,31791,,"10/13/2026 - 10/17/2026 9:00 AM - 5:00 PM (Advanced Polling Location)
10/19/2026 - 10/24/2026 9:00 AM - 5:00 PM (Advanced Polling Location)
10/26/2026 - 10/30/2026 9:00 AM - 5:00 PM (Advanced Polling Location)",,,,,
